solid 'cylinder' saved by U++ Anboto
facet normal 0.991286612759515 0.131618383143223 -0.00523952121196664
   outer loop
      vertex 9.86524539691469 1.63613363105023 -0.610462778556159
      vertex 9.93086210870555 1.17387298200288 0.191703790334108
      vertex 9.95007666837251 0.997985116877466 -0.591371702331786
   endloop
endfacet
facet normal 0.996505849379219 0.0833258357287286 0.00573561270569693
   outer loop
      vertex 9.95007666837251 0.997985116877466 -0.591371702331786
      vertex 9.93086210870555 1.17387298200288 0.191703790334108
      vertex 9.98508071731791 0.546043101454591 -0.107254877771457
   endloop
endfacet
facet normal 0.991286612759514 -0.131618383143231 0.00523952121196795
   outer loop
      vertex 9.86524539691468 -1.63613363105025 0.610462778556165
      vertex 9.93086210870555 -1.17387298200287 -0.191703790334107
      vertex 9.95007666837251 -0.997985116877459 0.591371702331789
   endloop
endfacet
facet normal 0.996505849379219 -0.0833258357287295 -0.00573561270569703
   outer loop
      vertex 9.95007666837251 -0.997985116877459 0.591371702331789
      vertex 9.93086210870555 -1.17387298200287 -0.191703790334107
      vertex 9.98508071731791 -0.546043101454588 0.107254877771457
   endloop
endfacet
facet normal 0.999537047008931 -0.0302457326735117 -0.003299592657905
   outer loop
      vertex 10 0 -1.08814285714286
      vertex 9.98441732674404 -0.558041795400036 -0.693268735203113
      vertex 9.980165588956 -0.629519512817999 -1.32603578151584
   endloop
endfacet
facet normal 0.99939432287295 -0.0341038868033015 0.00692187216182451
   outer loop
      vertex 10 0 -1.08814285714286
      vertex 9.980165588956 -0.629519512817999 -1.32603578151584
      vertex 9.99042205358018 -0.437569641701541 -1.86115341372495
   endloop
endfacet
facet normal 0.999537047008931 0.0302457326735067 0.00329959265792072
   outer loop
      vertex 10 0 1.08814285714286
      vertex 9.98441732674405 0.55804179540004 0.69326873520311
      vertex 9.980165588956 0.629519512817979 1.32603578151584
   endloop
endfacet
facet normal 0.99939432287295 0.0341038868033028 -0.00692187216182506
   outer loop
      vertex 10 0 1.08814285714286
      vertex 9.980165588956 0.629519512817979 1.32603578151584
      vertex 9.99042205358018 0.437569641701537 1.86115341372495
   endloop
endfacet
facet normal 0.676679376517933 0.736215404069807 -0.00958645949416942
   outer loop
      vertex 6.50747983245282 7.59293791823822 -1.29842055182167
      vertex 6.73790736974549 7.38922216993977 -0.678077835883868
      vertex 7.00793532036194 7.1336416047923 -1.24554529143285
   endloop
endfacet
facet normal 0.67564500734665 0.737177419702494 0.00856013599883358
   outer loop
      vertex 6.50747983245282 7.59293791823822 -1.29842055182167
      vertex 7.00793532036194 7.1336416047923 -1.24554529143285
      vertex 6.72295890006365 7.40282538143748 -1.93400471635422
   endloop
endfacet
facet normal -0.970937195602996 0.2389490071935 0.0135769715264695
   outer loop
      vertex -9.69671466697693 2.44412042813657 0.705775085111337
      vertex -9.79375942046271 2.02046440555086 1.2219303394163
      vertex -9.61019042483341 2.76482187463139 1.24921827924802
   endloop
endfacet
facet normal -0.970695813566482 0.239901580155562 -0.0140310143385794
   outer loop
      vertex -9.61019042483341 2.76482187463139 1.24921827924802
      vertex -9.79375942046271 2.02046440555086 1.2219303394163
      vertex -9.70708525193596 2.40260190452922 1.75939235936419
   endloop
endfacet
facet normal 0.672764549076555 -0.739725056400603 -0.0139535815812503
   outer loop
      vertex 6.75359328435986 -7.374888321151 -0.678791182553357
      vertex 6.42755947259978 -7.66071009934411 -1.24599031433014
      vertex 7.01832753175283 -7.12341762478096 -1.24605475118507
   endloop
endfacet
facet normal 0.672750932432628 -0.739706551605617 0.0155048515876596
   outer loop
      vertex 7.01832753175283 -7.12341762478096 -1.24605475118507
      vertex 6.42755947259978 -7.66071009934411 -1.24599031433014
      vertex 6.74076991748278 -7.38661092244333 -1.75935620206282
   endloop
endfacet
facet normal 0.677654481285605 -0.735316274580282 0.00971495398411463
   outer loop
      vertex 6.51711156093352 -7.58467249802828 1.29565220874934
      vertex 6.75360141702733 -7.37488087360917 0.678540170508575
      vertex 7.01834375582408 -7.12340164002319 1.2460097552448
   endloop
endfacet
facet normal 0.676663806714085 -0.736238816815547 -0.00885987004684769
   outer loop
      vertex 6.51711156093352 -7.58467249802828 1.29565220874934
      vertex 7.01834375582408 -7.12340164002319 1.2460097552448
      vertex 6.73494696601941 -7.39192054644162 1.91528496165026
   endloop
endfacet
facet normal 0.671809418318768 0.740594061902685 0.0138759119584962
   outer loop
      vertex 6.73790736974549 7.38922216993977 0.678077835883868
      vertex 6.41867120148813 7.66815884076398 1.24647452703946
      vertex 7.00793532036194 7.13364160479229 1.24554529143285
   endloop
endfacet
facet normal 0.671776465990651 0.740607464128841 -0.0147296917061801
   outer loop
      vertex 7.00793532036194 7.13364160479229 1.24554529143285
      vertex 6.41867120148813 7.66815884076398 1.24647452703946
      vertex 6.72603542168231 7.40003023684869 1.78294225260588
   endloop
endfacet
facet normal -0.970006090595408 -0.242768940530258 0.0123055159026132
   outer loop
      vertex -9.79219874941679 -2.02801470702759 1.23619622649995
      vertex -9.70212014170842 -2.42257399388664 0.552767591387993
      vertex -9.59278874331187 -2.82460689763886 1.2395344285218
   endloop
endfacet
facet normal -0.969925829170717 -0.242867868670352 -0.0160960950238708
   outer loop
      vertex -9.79219874941679 -2.02801470702759 1.23619622649995
      vertex -9.59278874331187 -2.82460689763886 1.2395344285218
      vertex -9.70708525193592 -2.40260190452937 1.75939235936419
   endloop
endfacet
facet normal 0.330619445156722 0.943662116961145 -0.0138777338449524
   outer loop
      vertex 3.28201118963527 9.44607868647667 -0.678106886059686
      vertex 3.67947380615098 9.29846613747927 -1.24646342193763
      vertex 2.9286232264869 9.56154621372932 -1.2455339012807
   endloop
endfacet
facet normal 0.330646947368073 0.94363952427938 0.0147324272935776
   outer loop
      vertex 2.9286232264869 9.56154621372932 -1.2455339012807
      vertex 3.67947380615098 9.29846613747927 -1.24646342193763
      vertex 3.29709484719253 9.44082441149164 -1.78286236634769
   endloop
endfacet
facet normal 0.324449494116842 -0.945854415990771 -0.00958903113362128
   outer loop
      vertex 3.57102953544807 -9.34065030160949 -1.29840389261425
      vertex 3.28201118963526 -9.44607868647667 -0.678106886059687
      vertex 2.9286232264869 -9.56154621372932 -1.2455339012807
   endloop
endfacet
facet normal 0.32578849606685 -0.945403897717566 0.00856306083907386
   outer loop
      vertex 3.57102953544807 -9.34065030160949 -1.29840389261425
      vertex 2.9286232264869 -9.56154621372932 -1.2455339012807
      vertex 3.30102230637013 -9.43945187671651 -1.93394125718591
   endloop
endfacet
facet normal 0.330619445156703 -0.943662116961152 0.0138777338449505
   outer loop
      vertex 3.28201118963527 -9.44607868647667 0.678106886059688
      vertex 3.67947380615101 -9.29846613747927 1.24646342193763
      vertex 2.92862322648688 -9.56154621372932 1.24553390128069
   endloop
endfacet
facet normal 0.330646947368054 -0.943639524279387 -0.0147324272935747
   outer loop
      vertex 2.92862322648688 -9.56154621372932 1.24553390128069
      vertex 3.67947380615101 -9.29846613747927 1.24646342193763
      vertex 3.29709484719253 -9.44082441149164 1.78286236634769
   endloop
endfacet
facet normal -0.970452524311956 -0.240812911413777 -0.0151999918740969
   outer loop
      vertex -9.69665088947648 -2.44437344274867 -0.705907011288043
      vertex -9.79375942046268 -2.02046440555102 -1.2219303394163
      vertex -9.60216982912156 -2.7925498335227 -1.22196078541105
   endloop
endfacet
facet normal -0.970459230776302 -0.240815755408354 0.0147191490301829
   outer loop
      vertex -9.60216982912156 -2.7925498335227 -1.22196078541105
      vertex -9.79375942046268 -2.02046440555102 -1.2219303394163
      vertex -9.70708525193592 -2.40260190452937 -1.75939235936419
   endloop
endfacet
facet normal 0.324449494116841 0.945854415990772 0.00958903113363807
   outer loop
      vertex 3.57102953544807 9.34065030160949 1.29840389261426
      vertex 3.28201118963526 9.44607868647668 0.678106886059685
      vertex 2.9286232264869 9.56154621372932 1.2455339012807
   endloop
endfacet
facet normal 0.325788496066849 0.945403897717566 -0.00856306083906895
   outer loop
      vertex 3.57102953544807 9.34065030160949 1.29840389261426
      vertex 2.9286232264869 9.56154621372932 1.2455339012807
      vertex 3.30102230637012 9.43945187671651 1.93394125718592
   endloop
endfacet
facet normal -0.986493269905797 -0.163313861479707 -0.0126337278408117
   outer loop
      vertex -9.86189392872259 -1.65621500374334 -0.610293173156019
      vertex -9.92055231689878 -1.25803089297291 -1.17725801842608
      vertex -9.79375942046268 -2.02046440555102 -1.2219303394163
   endloop
endfacet
facet normal -0.986238926366103 -0.164790804430053 0.0132955216345073
   outer loop
      vertex -9.79375942046268 -2.02046440555102 -1.2219303394163
      vertex -9.92055231689878 -1.25803089297291 -1.17725801842608
      vertex -9.86732160758667 -1.62356530279909 -1.75929699765305
   endloop
endfacet
facet normal -0.969868890541439 0.243332628906435 -0.011981939300497
   outer loop
      vertex -9.78670483012754 2.05436329989569 -1.24006481787627
      vertex -9.68579861077018 2.48702739663287 -0.621175931056087
      vertex -9.5966113165559 2.81159229600437 -1.24901685784692
   endloop
endfacet
facet normal -0.969768069241165 0.243616527577392 0.0141731919974421
   outer loop
      vertex -9.78670483012754 2.05436329989569 -1.24006481787627
      vertex -9.5966113165559 2.81159229600437 -1.24901685784692
      vertex -9.70770290822369 2.40010504888125 -1.77733708912835
   endloop
endfacet
facet normal -0.987214333677424 -0.158736244237631 0.0145142739112475
   outer loop
      vertex -9.93168846116251 -1.16686087877327 1.16661517586434
      vertex -9.85885017923418 -1.67423807847459 0.571879594526048
      vertex -9.79219874941679 -2.02801470702759 1.23619622649995
   endloop
endfacet
facet normal -0.986771651449404 -0.161215936928631 -0.0170625196275114
   outer loop
      vertex -9.93168846116251 -1.16686087877327 1.16661517586434
      vertex -9.79219874941679 -2.02801470702759 1.23619622649995
      vertex -9.86732160758667 -1.62356530279909 1.75929699765305
   endloop
endfacet
facet normal -0.987407442328592 0.157375022052777 0.0161135119696314
   outer loop
      vertex -9.84887639465452 1.73194508077389 0.662326980868984
      vertex -9.93443501073733 1.1432414519411 1.16910863777894
      vertex -9.79375942046271 2.02046440555086 1.2219303394163
   endloop
endfacet
facet normal -0.987069654844284 0.159340936744662 -0.0174345164234829
   outer loop
      vertex -9.79375942046271 2.02046440555086 1.2219303394163
      vertex -9.93443501073733 1.1432414519411 1.16910863777894
      vertex -9.8673216075867 1.62356530279894 1.75929699765305
   endloop
endfacet
facet normal 0.626609829466702 0.779315125637983 -0.00529684505771304
   outer loop
      vertex 6.01736022760536 7.98695034986654 -1.3085991305444
      vertex 6.12383963155669 7.90560485775602 -0.680438647990712
      vertex 6.50747983245282 7.59293791823822 -1.29842055182167
   endloop
endfacet
facet normal 0.626445439758398 0.779432400028162 0.00715854679717623
   outer loop
      vertex 6.01736022760536 7.98695034986654 -1.3085991305444
      vertex 6.50747983245282 7.59293791823822 -1.29842055182167
      vertex 6.17371018808053 7.86672120477081 -1.90009189447333
   endloop
endfacet
facet normal 0.254566056878254 0.966955646080092 0.0138888876188687
   outer loop
      vertex 2.9286232264869 9.56154621372932 1.2455339012807
      vertex 2.52067876278427 9.67709556503646 0.678009394384295
      vertex 2.1591447722718 9.76412278970166 1.24557220832884
   endloop
endfacet
facet normal 0.254561108383756 0.966942288578345 -0.0148745641047204
   outer loop
      vertex 2.9286232264869 9.56154621372932 1.2455339012807
      vertex 2.1591447722718 9.76412278970166 1.24557220832884
      vertex 2.52449558079919 9.67610056079025 1.77612162427873
   endloop
endfacet
facet normal 0.613459724643949 -0.789632780566684 -0.0121341705237095
   outer loop
      vertex 6.17496958689169 -7.86573268049217 -0.674148252030839
      vertex 5.83204767634656 -8.12325180582386 -1.25294659831298
      vertex 6.42755947259978 -7.66071009934411 -1.24599031433014
   endloop
endfacet
facet normal 0.613299285242748 -0.78977407210774 0.0109955330517768
   outer loop
      vertex 6.42755947259978 -7.66071009934411 -1.24599031433014
      vertex 5.83204767634656 -8.12325180582386 -1.25294659831298
      vertex 6.13055832033442 -7.90039585596686 -1.89598168809086
   endloop
endfacet
facet normal 0.627402481398305 -0.778676276462134 0.0054205913252115
   outer loop
      vertex 6.02357698463869 -7.98226285649195 1.30499398245337
      vertex 6.13149774554756 -7.8996667902099 0.678834281037438
      vertex 6.51711156093352 -7.58467249802828 1.29565220874934
   endloop
endfacet
facet normal 0.627256756184366 -0.778782758016316 -0.00681011288943364
   outer loop
      vertex 6.02357698463869 -7.98226285649195 1.30499398245337
      vertex 6.51711156093352 -7.58467249802828 1.29565220874934
      vertex 6.16278353456023 -7.87528406510859 1.89309153761011
   endloop
endfacet
facet normal 0.612957639909345 0.790027911556085 0.0117826414312283
   outer loop
      vertex 6.1693988943297 7.87010274917955 0.673771100068264
      vertex 5.83122166672179 8.12384477163088 1.25301602356218
      vertex 6.41867120148813 7.66815884076398 1.24647452703946
   endloop
endfacet
facet normal 0.612813021891418 0.790159699759448 -0.0103850409902076
   outer loop
      vertex 6.41867120148813 7.66815884076398 1.24647452703946
      vertex 5.83122166672179 8.12384477163088 1.25301602356218
      vertex 6.12617621319264 7.90379434227085 1.91521906684721
   endloop
endfacet
facet normal 0.254566056878257 -0.966955646080091 0.0138888876188845
   outer loop
      vertex 2.52067876278425 -9.67709556503647 0.678009394384295
      vertex 2.92862322648688 -9.56154621372932 1.24553390128069
      vertex 2.15914477227179 -9.76412278970166 1.24557220832884
   endloop
endfacet
facet normal 0.254561108383759 -0.966942288578345 -0.0148745641047177
   outer loop
      vertex 2.15914477227179 -9.76412278970166 1.24557220832884
      vertex 2.92862322648688 -9.56154621372932 1.24553390128069
      vertex 2.52449558079917 -9.67610056079025 1.77612162427873
   endloop
endfacet
facet normal 0.402140658236076 0.915502025575146 -0.0117869487680159
   outer loop
      vertex 3.97589401945399 9.17563440564575 -0.673802886415822
      vertex 4.36024010971553 8.99935032019689 -1.25302382910645
      vertex 3.67947380615098 9.29846613747927 -1.24646342193763
   endloop
endfacet
facet normal 0.402326016455037 0.915437521805534 0.0103884625409058
   outer loop
      vertex 3.67947380615098 9.29846613747927 -1.24646342193763
      vertex 4.36024010971553 8.99935032019689 -1.25302382910645
      vertex 4.02594223342669 9.15378550836272 -1.91520391883047
   endloop
endfacet
facet normal 0.386232004722696 -0.922386348943605 -0.00531618381670658
   outer loop
      vertex 4.1514908953059 -9.09753391563846 -1.30865202249626
      vertex 4.02875628155057 -9.15254734070612 -0.680457722487417
      vertex 3.57102953544807 -9.34065030160949 -1.29840389261425
   endloop
endfacet
facet normal 0.386415086249566 -0.92229711204326 0.0071706509747931
   outer loop
      vertex 4.1514908953059 -9.09753391563846 -1.30865202249626
      vertex 3.57102953544807 -9.34065030160949 -1.29840389261425
      vertex 3.97108816155392 -9.17771533733566 -1.90005659138826
   endloop
endfacet
facet normal 0.402144835641856 -0.915500152647944 0.0117898968687892
   outer loop
      vertex 3.97590982234983 -9.175627558077 0.673814238157312
      vertex 4.36030256073491 -8.99932006202961 1.25295288716842
      vertex 3.67947380615101 -9.29846613747927 1.24646342193763
   endloop
endfacet
facet normal 0.402328283010657 -0.915436509861327 -0.0103898557549726
   outer loop
      vertex 3.67947380615101 -9.29846613747927 1.24646342193763
      vertex 4.36030256073491 -8.99932006202961 1.25295288716842
      vertex 4.0259422334267 -9.15378550836271 1.91520391883047
   endloop
endfacet
facet normal 0.254566056878251 -0.966955646080092 -0.0138888876188802
   outer loop
      vertex 2.9286232264869 -9.56154621372932 -1.2455339012807
      vertex 2.52067876278425 -9.67709556503647 -0.678009394384295
      vertex 2.15914477227179 -9.76412278970166 -1.24557220832884
   endloop
endfacet
facet normal 0.254561108383753 -0.966942288578346 0.014874564104718
   outer loop
      vertex 2.9286232264869 -9.56154621372932 -1.2455339012807
      vertex 2.15914477227179 -9.76412278970166 -1.24557220832884
      vertex 2.52449558079918 -9.67610056079025 -1.77612162427873
   endloop
endfacet
facet normal 0.386222041700323 0.92239057060874 0.00530751890416097
   outer loop
      vertex 4.15128373308903 9.09762844742466 1.30859807841791
      vertex 4.02875628155055 9.15254734070613 0.680457722487413
      vertex 3.57102953544807 9.34065030160949 1.29840389261426
   endloop
endfacet
facet normal 0.386403951428735 0.922301844610237 -0.00716196542952934
   outer loop
      vertex 4.15128373308903 9.09762844742466 1.30859807841791
      vertex 3.57102953544807 9.34065030160949 1.29840389261426
      vertex 3.97108816155389 9.17771533733568 1.90005659138826
   endloop
endfacet
facet normal 0.254566056878254 0.966955646080092 -0.0138888876188641
   outer loop
      vertex 2.52067876278426 9.67709556503646 -0.678009394384295
      vertex 2.9286232264869 9.56154621372932 -1.2455339012807
      vertex 2.1591447722718 9.76412278970166 -1.24557220832884
   endloop
endfacet
facet normal 0.254561108383756 0.966942288578345 0.0148745641047204
   outer loop
      vertex 2.1591447722718 9.76412278970166 -1.24557220832884
      vertex 2.9286232264869 9.56154621372932 -1.2455339012807
      vertex 2.52449558079919 9.67610056079025 -1.77612162427873
   endloop
endfacet
facet normal 0.728548489560116 0.684853446641448 0.0138872237326973
   outer loop
      vertex 7.30399785837356 6.83019877345268 0.677969933402861
      vertex 7.00793532036194 7.13364160479229 1.24554529143285
      vertex 7.5529129208709 6.55389246247918 1.24558782013906
   endloop
endfacet
facet normal 0.728539221077273 0.684842624343571 -0.0148722303079256
   outer loop
      vertex 7.5529129208709 6.55389246247918 1.24558782013906
      vertex 7.00793532036194 7.13364160479229 1.24554529143285
      vertex 7.30124937602058 6.83313672841097 1.77621522513689
   endloop
endfacet
facet normal 0.729475381186994 -0.683868460095158 0.0137694418611171
   outer loop
      vertex 7.01834375582408 -7.12340164002319 1.2460097552448
      vertex 7.3191146337129 -6.81399743018514 0.678581507404942
      vertex 7.56129093185235 -6.54422489252069 1.24703465080526
   endloop
endfacet
facet normal 0.729484424499919 -0.683825429878678 -0.0153380527858867
   outer loop
      vertex 7.01834375582408 -7.12340164002319 1.2460097552448
      vertex 7.56129093185235 -6.54422489252069 1.24703465080526
      vertex 7.30646497387075 -6.82755956294779 1.75947815378562
   endloop
endfacet
facet normal 0.729474565151674 -0.683869289881179 -0.0137714615850681
   outer loop
      vertex 7.31911173654739 -6.81400054211431 -0.678679505762536
      vertex 7.01832753175283 -7.12341762478096 -1.24605475118507
      vertex 7.5612842944836 -6.54423256142349 -1.24705171136866
   endloop
endfacet
facet normal 0.729482915719079 -0.683827009138494 0.0153394017710102
   outer loop
      vertex 7.5612842944836 -6.54423256142349 -1.24705171136866
      vertex 7.01832753175283 -7.12341762478096 -1.24605475118507
      vertex 7.30646497387075 -6.82755956294779 -1.75947815378562
   endloop
endfacet
facet normal 0.728548489560122 0.684853446641442 -0.0138872237326918
   outer loop
      vertex 7.00793532036194 7.1336416047923 -1.24554529143285
      vertex 7.30399785837356 6.83019877345268 -0.677969933402861
      vertex 7.5529129208709 6.55389246247918 -1.24558782013906
   endloop
endfacet
facet normal 0.728539221077278 0.684842624343565 0.0148722303079196
   outer loop
      vertex 7.00793532036194 7.1336416047923 -1.24554529143285
      vertex 7.5529129208709 6.55389246247918 -1.24558782013906
      vertex 7.30124937602058 6.83313672841097 -1.77621522513689
   endloop
endfacet
facet normal -0.427581226336437 0.903711152020468 0.0219191377217985
   outer loop
      vertex -4.32987319470594 9.01400011747099 -0.54082328357907
      vertex -4.68753671197766 8.83328928394523 -0.067255830833187
      vertex -3.75376130519566 9.26872569793797 0.195349856793292
   endloop
endfacet
facet normal 0.937641233951196 0.347324743877415 0.0139441272572734
   outer loop
      vertex 9.32505276212679 3.61156350955532 0.554054079609777
      vertex 9.22227254622321 3.86648277937167 1.11566673723504
      vertex 9.50200933912865 3.11637907179339 0.989221135244247
   endloop
endfacet
facet normal -0.949257766588915 0.314197978908843 0.0137594556659216
   outer loop
      vertex -9.48253936489282 3.1751294766132 0.686401013817581
      vertex -9.61019042483341 2.76482187463139 1.24921827924802
      vertex -9.36238656979472 3.5136473524996 1.24560493023935
   endloop
endfacet
facet normal -0.949280677251631 0.314066207115871 -0.015119965097032
   outer loop
      vertex -9.36238656979472 3.5136473524996 1.24560493023935
      vertex -9.61019042483341 2.76482187463139 1.24921827924802
      vertex -9.48545174554848 3.16641835247196 1.75952796487829
   endloop
endfacet
facet normal 0.485006972961078 -0.874509384048165 -0.00125434876782967
   outer loop
      vertex 4.54728834148607 -8.90629938523205 -1.65869458325302
      vertex 5.13435034220398 -8.58128466859769 -1.25948802204201
      vertex 4.57371553569825 -8.89275695150342 -0.88188663704399
   endloop
endfacet
facet normal 0.936224684794294 0.351192418192503 -0.0121336303687897
   outer loop
      vertex 9.50200933912865 3.11637907179339 0.989221135244247
      vertex 9.22227254622321 3.86648277937167 1.11566673723504
      vertex 9.37960408881238 3.46742370314533 1.70503295903345
   endloop
endfacet
facet normal -0.419102718165984 0.907814372616678 -0.015032514642284
   outer loop
      vertex -3.75376130519566 9.26872569793797 0.195349856793292
      vertex -4.68753671197766 8.83328928394523 -0.067255830833187
      vertex -4.50077168031214 8.92989665571221 0.559906582492642
   endloop
endfacet
facet normal 0.937641233951194 -0.347324743877419 -0.0139441272572708
   outer loop
      vertex 9.32505276212678 -3.61156350955533 -0.554054079609776
      vertex 9.2222725462232 -3.86648277937168 -1.11566673723504
      vertex 9.50200933912864 -3.11637907179341 -0.989221135244246
   endloop
endfacet
facet normal 0.48497756866234 0.874525686228309 0.00125778427021951
   outer loop
      vertex 4.54711090189792 8.90638997831563 1.65875416086442
      vertex 5.13390938914289 8.58154848404823 1.25974062487054
      vertex 4.57362903692067 8.89280143895252 0.881853097173123
   endloop
endfacet
facet normal 0.936224684794293 -0.351192418192506 0.012133630368784
   outer loop
      vertex 9.50200933912864 -3.11637907179341 -0.989221135244246
      vertex 9.2222725462232 -3.86648277937168 -1.11566673723504
      vertex 9.37960408881237 -3.46742370314534 -1.70503295903346
   endloop
endfacet
facet normal -0.948224338074983 -0.317444440964263 0.00998156215965908
   outer loop
      vertex -9.59278874331187 -2.82460689763886 1.2395344285218
      vertex -9.48375691092363 -3.1714909513521 0.565313569368665
      vertex -9.35908479395062 -3.52243265650918 1.24783621257151
   endloop
endfacet
facet normal -0.948114382136745 -0.317677040946926 -0.0126655454151838
   outer loop
      vertex -9.59278874331187 -2.82460689763886 1.2395344285218
      vertex -9.35908479395062 -3.52243265650918 1.24783621257151
      vertex -9.48627451451651 -3.16395256526304 1.77758116101816
   endloop
endfacet
facet normal 0.537454102857243 0.84329206614474 -0.00125638340125748
   outer loop
      vertex 5.66050607709947 8.2437049286786 -1.65872426217554
      vertex 5.09513228548521 8.60462823098164 -1.25972713488765
      vertex 5.63594844184853 8.26051361362144 -0.881868382388309
   endloop
endfacet
facet normal -0.297663238159946 0.954589387317175 0.0124779112657049
   outer loop
      vertex -2.56330568496158 9.66589178324709 1.10484799231421
      vertex -2.90345527694758 9.56921874840184 0.386220033245248
      vertex -3.34513240389478 9.42391050469035 0.966338240071749
   endloop
endfacet
facet normal -0.633928791175045 -0.773217951128358 0.0163794924283769
   outer loop
      vertex -6.70465280547696 -7.41940905719653 1.24829124425028
      vertex -6.37897105656751 -7.70121602472454 0.549907658691581
      vertex -5.98726686765963 -8.0095340348503 1.15527091585711
   endloop
endfacet
facet normal -0.293854795424427 0.955785517135911 -0.0111087550745432
   outer loop
      vertex -2.56330568496158 9.66589178324709 1.10484799231421
      vertex -3.34513240389478 9.42391050469035 0.966338240071749
      vertex -2.9989639580035 9.53971777248132 1.77323797129873
   endloop
endfacet
facet normal 0.537842391863319 -0.843045235503354 0.000540749330468208
   outer loop
      vertex 5.66002350834748 -8.24403626174423 1.65476787068586
      vertex 5.09619366409604 -8.60399965934607 1.25932536957643
      vertex 5.64990254214027 -8.25097577649558 0.902404156014219
   endloop
endfacet
facet normal -0.298249782556414 -0.95437215141789 0.0148614872418341
   outer loop
      vertex -2.99427674699182 -9.54119000766802 0.608850133073201
      vertex -2.56389189108747 -9.66573630774272 1.24799675285959
      vertex -3.37310617774983 -9.41393407208835 1.17835744634488
   endloop
endfacet
facet normal -0.948869529869478 -0.315376449343505 -0.0135760997624062
   outer loop
      vertex -9.47175394854831 -3.20716029193422 -0.705559236354441
      vertex -9.60216982912156 -2.7925498335227 -1.22196078541105
      vertex -9.35996842949918 -3.52008394768914 -1.24924420979776
   endloop
endfacet
facet normal -0.948553239827632 -0.316306533386336 0.0140331090504611
   outer loop
      vertex -9.35996842949918 -3.52008394768914 -1.24924420979776
      vertex -9.60216982912156 -2.7925498335227 -1.22196078541105
      vertex -9.48545174554844 -3.1664183524721 -1.75952796487829
   endloop
endfacet
facet normal -0.636628540545785 -0.770938986838239 -0.0188992046227723
   outer loop
      vertex -6.70465280547696 -7.41940905719653 1.24829124425028
      vertex -5.98726686765963 -8.0095340348503 1.15527091585711
      vertex -6.35752465084094 -7.71892999799517 1.77321704752481
   endloop
endfacet
facet normal -0.295726011717973 -0.955118592599599 -0.0171639174999017
   outer loop
      vertex -3.37310617774983 -9.41393407208835 1.17835744634488
      vertex -2.56389189108747 -9.66573630774272 1.24799675285959
      vertex -2.97684708617861 -9.54664241634251 1.73581096667122
   endloop
endfacet
facet normal -0.948183666267199 0.31753505253765 -0.0109190399763209
   outer loop
      vertex -9.5966113165559 2.81159229600437 -1.24901685784692
      vertex -9.46115148253486 3.23830397346025 -0.602887447141943
      vertex -9.35431114456092 3.53509024082035 -1.24985095144568
   endloop
endfacet
facet normal -0.94814407111384 0.317550051744914 0.0135935664369759
   outer loop
      vertex -9.5966113165559 2.81159229600437 -1.24901685784692
      vertex -9.35431114456092 3.53509024082035 -1.24985095144568
      vertex -9.48352968586432 3.17217034494213 -1.78485124979475
   endloop
endfacet
facet normal -0.301002287978159 -0.953503320485768 -0.0151340825466256
   outer loop
      vertex -2.56423875485131 -9.66564429348187 -1.24819390897759
      vertex -2.949809066307 -9.55503147416758 -0.548590521225055
      vertex -3.40687063361667 -9.40176751923809 -1.11427479065992
   endloop
endfacet
facet normal -0.998977756511386 -0.0409836877158631 -0.019073000201514
   outer loop
      vertex -9.99994698913194 0.03256093596767 -0.489347183775727
      vertex -9.96194578277443 -0.871571122205557 -0.536937701056147
      vertex -9.99457449107795 -0.329364148464782 0.00695746069905478
   endloop
endfacet
facet normal 0.176883221264269 0.98413392036819 0.0138835447891677
   outer loop
      vertex 2.1591447722718 9.76412278970166 1.24557220832884
      vertex 1.74344674133119 9.84684687908478 0.67788033084383
      vertex 1.37604218954639 9.90487293672101 1.24562359536997
   endloop
endfacet
facet normal 0.176877664824504 0.984113666196193 -0.0153161252318864
   outer loop
      vertex 2.1591447722718 9.76412278970166 1.24557220832884
      vertex 1.37604218954639 9.90487293672101 1.24562359536997
      vertex 1.74004273760262 9.84744897277038 1.75958251937154
   endloop
endfacet
facet normal -0.296430083646025 -0.954913508276899 0.0164133244626265
   outer loop
      vertex -2.56423875485131 -9.66564429348187 -1.24819390897759
      vertex -3.40687063361667 -9.40176751923809 -1.11427479065992
      vertex -2.99890905963056 -9.53973503049565 -1.77318802464546
   endloop
endfacet
facet normal -0.998665140955494 0.0476448062234406 0.0199476484898129
   outer loop
      vertex -9.99996660090097 0.0258453257867399 0.539316900604851
      vertex -9.96006878757171 0.892765224927467 0.466141597046196
      vertex -9.99404678475374 0.345005600176927 0.0733764963921502
   endloop
endfacet
facet normal 0.17688322126428 -0.984133920368188 0.0138835447891594
   outer loop
      vertex 1.74344674133118 -9.84684687908478 0.677880330843828
      vertex 2.15914477227179 -9.76412278970166 1.24557220832884
      vertex 1.37604218954637 -9.90487293672102 1.24562359536997
   endloop
endfacet
facet normal 0.176877664824515 -0.984113666196191 -0.0153161252318704
   outer loop
      vertex 1.37604218954637 -9.90487293672102 1.24562359536997
      vertex 2.15914477227179 -9.76412278970166 1.24557220832884
      vertex 1.74004273760259 -9.84744897277038 1.75958251937154
   endloop
endfacet
facet normal 0.176883221264271 -0.984133920368189 -0.0138835447891691
   outer loop
      vertex 2.15914477227179 -9.76412278970166 -1.24557220832884
      vertex 1.74344674133119 -9.84684687908478 -0.67788033084383
      vertex 1.37604218954639 -9.90487293672101 -1.24562359536997
   endloop
endfacet
facet normal 0.176877664824506 -0.984113666196193 0.0153161252318811
   outer loop
      vertex 2.15914477227179 -9.76412278970166 -1.24557220832884
      vertex 1.37604218954639 -9.90487293672101 -1.24562359536997
      vertex 1.7400427376026 -9.84744897277038 -1.75958251937154
   endloop
endfacet
facet normal 0.176883221264269 0.98413392036819 -0.0138835447891708
   outer loop
      vertex 1.7434467413312 9.84684687908478 -0.67788033084383
      vertex 2.1591447722718 9.76412278970166 -1.24557220832884
      vertex 1.37604218954639 9.90487293672101 -1.24562359536997
   endloop
endfacet
facet normal 0.176877664824504 0.984113666196193 0.0153161252318864
   outer loop
      vertex 1.37604218954639 9.90487293672101 -1.24562359536997
      vertex 2.1591447722718 9.76412278970166 -1.24557220832884
      vertex 1.74004273760262 9.84744897277038 -1.75958251937154
   endloop
endfacet
facet normal 0.780690097667669 0.624764175278107 0.0138815234290839
   outer loop
      vertex 7.82382099769048 6.22798723474105 0.677830097806505
      vertex 7.5529129208709 6.55389246247918 1.24558782013906
      vertex 8.05004463059494 5.93268753984479 1.24564387668232
   endloop
endfacet
facet normal 0.780675043300324 0.624749493075216 -0.0153149492424061
   outer loop
      vertex 8.05004463059494 5.93268753984479 1.24564387668232
      vertex 7.5529129208709 6.55389246247918 1.24558782013906
      vertex 7.8259283519911 6.22533898109186 1.75964192779448
   endloop
endfacet
facet normal 0.78117922941963 -0.62416005706052 0.0135364210026808
   outer loop
      vertex 7.56129093185235 -6.54422489252069 1.24703465080526
      vertex 7.83110931940224 -6.21882037267288 0.680266197608425
      vertex 8.05161497753232 -5.93055615044468 1.24678029259827
   endloop
endfacet
facet normal 0.781157137865292 -0.624154234058665 -0.0150006022794721
   outer loop
      vertex 7.56129093185235 -6.54422489252069 1.24703465080526
      vertex 8.05161497753232 -5.93055615044468 1.24678029259827
      vertex 7.82592835199109 -6.22533898109187 1.75964192779448
   endloop
endfacet
facet normal 0.781178958891368 -0.624160381695222 -0.0135370642117454
   outer loop
      vertex 7.83110809970706 -6.21882190858545 -0.680293524698419
      vertex 7.5612842944836 -6.54423256142349 -1.24705171136866
      vertex 8.05161273065514 -5.93055920091453 -1.24678146430491
   endloop
endfacet
facet normal 0.78115650814676 -0.624155010936578 0.0150010700525453
   outer loop
      vertex 8.05161273065514 -5.93055920091453 -1.24678146430491
      vertex 7.5612842944836 -6.54423256142349 -1.24705171136866
      vertex 7.82592835199108 -6.22533898109188 -1.75964192779448
   endloop
endfacet
facet normal 0.780690097667669 0.624764175278107 -0.0138815234290839
   outer loop
      vertex 7.5529129208709 6.55389246247918 -1.24558782013906
      vertex 7.82382099769048 6.22798723474105 -0.677830097806505
      vertex 8.05004463059494 5.93268753984479 -1.24564387668232
   endloop
endfacet
facet normal 0.780675043300324 0.624749493075216 0.0153149492424059
   outer loop
      vertex 7.5529129208709 6.55389246247918 -1.24558782013906
      vertex 8.05004463059494 5.93268753984479 -1.24564387668232
      vertex 7.8259283519911 6.22533898109186 -1.75964192779449
   endloop
endfacet
facet normal -0.92143156632546 0.388292713636763 0.0138793773494046
   outer loop
      vertex -9.20512454960504 3.90713219974173 0.677776177889101
      vertex -9.36238656979472 3.5136473524996 1.24560493023935
      vertex -9.05342270673009 4.24682673219239 1.24566583773925
   endloop
endfacet
facet normal -0.921411403971983 0.388286642320338 -0.0153136548862946
   outer loop
      vertex -9.05342270673009 4.24682673219239 1.24566583773925
      vertex -9.36238656979472 3.5136473524996 1.24560493023935
      vertex -9.20382859052643 3.91018404633444 1.75970631072866
   endloop
endfacet
facet normal -0.921241976272405 -0.388762961376065 0.0132883789765689
   outer loop
      vertex -9.35908479395062 -3.52243265650918 1.24783621257151
      vertex -9.20014862805097 -3.91883467650421 0.669303975665487
      vertex -9.05342270673003 -4.24682673219253 1.24566583773925
   endloop
endfacet
facet normal -0.921249927307456 -0.388681537506716 -0.015007792556631
   outer loop
      vertex -9.35908479395062 -3.52243265650918 1.24783621257151
      vertex -9.05342270673003 -4.24682673219253 1.24566583773925
      vertex -9.20382859052637 -3.91018404633459 1.75970631072866
   endloop
endfacet
facet normal -0.921274938287911 -0.388668615326198 -0.0137548370772333
   outer loop
      vertex -9.20014862805097 -3.91883467650421 -0.686248380112716
      vertex -9.35996842949918 -3.52008394768914 -1.24924420979776
      vertex -9.05342270673003 -4.24682673219253 -1.24566583773925
   endloop
endfacet
facet normal -0.92130772222542 -0.388540282228855 0.0151172105009324
   outer loop
      vertex -9.05342270673003 -4.24682673219253 -1.24566583773925
      vertex -9.35996842949918 -3.52008394768914 -1.24924420979776
      vertex -9.20382859052637 -3.91018404633458 -1.75970631072866
   endloop
endfacet
facet normal -0.920389857631952 0.390695447436895 -0.0154782854450682
   outer loop
      vertex -9.35431114456092 3.53509024082035 -1.24985095144568
      vertex -9.1731100193241 3.98171477800404 -0.751184897042922
      vertex -9.04071255858037 4.27381754794555 -1.25085636726793
   endloop
endfacet
facet normal -0.920369768865309 0.390729502699647 0.01580962614689
   outer loop
      vertex -9.35431114456092 3.53509024082035 -1.24985095144568
      vertex -9.04071255858037 4.27381754794555 -1.25085636726793
      vertex -9.20382859052643 3.91018404633444 -1.75970631072866
   endloop
endfacet
facet normal 0.0980852154134143 0.995081261279318 0.0138771022935349
   outer loop
      vertex 1.37604218954639 9.90487293672101 1.24562359536997
      vertex 0.95523739851772 9.95427152093377 0.677718513883793
      vertex 0.584275224059436 9.98291653088166 1.24568954969116
   endloop
endfacet
facet normal 0.0980807525111428 0.995060652087315 -0.0153122387133504
   outer loop
      vertex 1.37604218954639 9.90487293672101 1.24562359536997
      vertex 0.584275224059436 9.98291653088166 1.24568954969116
      vertex 0.952001776283642 9.95458148883984 1.75977581080469
   endloop
endfacet
facet normal 0.0980852154134046 -0.995081261279319 0.0138771022935266
   outer loop
      vertex 0.955237398517718 -9.95427152093377 0.677718513883792
      vertex 1.37604218954637 -9.90487293672102 1.24562359536997
      vertex 0.584275224059444 -9.98291653088166 1.24568954969117
   endloop
endfacet
facet normal 0.0980807525111328 -0.995060652087316 -0.0153122387133403
   outer loop
      vertex 0.584275224059444 -9.98291653088166 1.24568954969117
      vertex 1.37604218954637 -9.90487293672102 1.24562359536997
      vertex 0.952001776283635 -9.95458148883984 1.7597758108047
   endloop
endfacet
facet normal 0.0980852154134165 -0.995081261279318 -0.0138771022935341
   outer loop
      vertex 1.37604218954639 -9.90487293672101 -1.24562359536997
      vertex 0.955237398517725 -9.95427152093377 -0.677718513883792
      vertex 0.584275224059454 -9.98291653088166 -1.24568954969116
   endloop
endfacet
facet normal 0.098080752511145 -0.995060652087315 0.015312238713351
   outer loop
      vertex 1.37604218954639 -9.90487293672101 -1.24562359536997
      vertex 0.584275224059454 -9.98291653088166 -1.24568954969116
      vertex 0.952001776283655 -9.95458148883984 -1.75977581080469
   endloop
endfacet
facet normal 0.0980852154134143 0.995081261279318 -0.0138771022935341
   outer loop
      vertex 0.955237398517715 9.95427152093377 -0.677718513883793
      vertex 1.37604218954639 9.90487293672101 -1.24562359536997
      vertex 0.584275224059436 9.98291653088166 -1.24568954969116
   endloop
endfacet
facet normal 0.0980807525111428 0.995060652087315 0.0153122387133495
   outer loop
      vertex 0.584275224059436 9.98291653088166 -1.24568954969116
      vertex 1.37604218954639 9.90487293672101 -1.24562359536997
      vertex 0.952001776283639 9.95458148883984 -1.7597758108047
   endloop
endfacet
facet normal 0.827886777058594 0.560723619302632 0.0138746937872737
   outer loop
      vertex 8.29409700819088 5.58640804262624 0.677657046015317
      vertex 8.05004463059494 5.93268753984479 1.24564387668232
      vertex 8.49619186117589 5.27396661518524 1.24571509743967
   endloop
endfacet
facet normal 0.827870890140812 0.560709703682696 -0.0153106973558392
   outer loop
      vertex 8.49619186117589 5.27396661518524 1.24571509743967
      vertex 8.05004463059494 5.93268753984479 1.24564387668232
      vertex 8.29587802694751 5.58376286763769 1.7598505728857
   endloop
endfacet
facet normal 0.827973204672766 -0.560598447185763 0.0137750991583144
   outer loop
      vertex 8.05161497753232 -5.93055615044468 1.24678029259827
      vertex 8.29409700819087 -5.58640804262624 0.677657046015321
      vertex 8.49619186117589 -5.27396661518524 1.24571509743967
   endloop
endfacet
facet normal 0.827933866497827 -0.560618869029523 -0.0152314278390842
   outer loop
      vertex 8.05161497753232 -5.93055615044468 1.24678029259827
      vertex 8.49619186117589 -5.27396661518524 1.24571509743967
      vertex 8.29587802694751 -5.58376286763769 1.75985057288569
   endloop
endfacet
facet normal 0.827973108660964 -0.560598586270829 -0.0137752098150118
   outer loop
      vertex 8.29409700819086 -5.58640804262626 -0.677657046015322
      vertex 8.05161273065514 -5.93055920091453 -1.24678146430491
      vertex 8.49619186117588 -5.27396661518526 -1.24571509743967
   endloop
endfacet
facet normal 0.827933745701246 -0.560619043292903 0.0152315799067176
   outer loop
      vertex 8.49619186117588 -5.27396661518526 -1.24571509743967
      vertex 8.05161273065514 -5.93055920091453 -1.24678146430491
      vertex 8.29587802694751 -5.58376286763769 -1.75985057288569
   endloop
endfacet
facet normal 0.827886777058594 0.560723619302632 -0.0138746937872738
   outer loop
      vertex 8.05004463059494 5.93268753984479 -1.24564387668232
      vertex 8.29409700819088 5.58640804262624 -0.677657046015318
      vertex 8.49619186117589 5.27396661518524 -1.24571509743967
   endloop
endfacet
facet normal 0.827870890140812 0.560709703682696 0.0153106973558392
   outer loop
      vertex 8.05004463059494 5.93268753984479 -1.24564387668232
      vertex 8.49619186117589 5.27396661518524 -1.24571509743967
      vertex 8.29587802694751 5.58376286763769 -1.7598505728857
   endloop
endfacet
facet normal -0.88764761486637 0.46031432228592 0.0138721490944328
   outer loop
      vertex -8.86545188755941 4.62642008786159 0.677591712805306
      vertex -9.05342270673009 4.24682673219239 1.24566583773925
      vertex -8.68717318559786 4.95308207517598 1.24574256072326
   endloop
endfacet
facet normal -0.887627706109863 0.460307168066815 -0.0153090291152424
   outer loop
      vertex -8.68717318559786 4.95308207517598 1.24574256072326
      vertex -9.05342270673009 4.24682673219239 1.24566583773925
      vertex -8.86400295686265 4.62919556518519 1.75993075590773
   endloop
endfacet
facet normal -0.88764761486636 -0.46031432228594 0.0138721490944269
   outer loop
      vertex -9.05342270673003 -4.24682673219253 1.24566583773925
      vertex -8.86545188755934 -4.62642008786172 0.677591712805306
      vertex -8.68717318559778 -4.95308207517612 1.24574256072326
   endloop
endfacet
facet normal -0.887627706109853 -0.460307168066835 -0.0153090291152351
   outer loop
      vertex -9.05342270673003 -4.24682673219253 1.24566583773925
      vertex -8.68717318559778 -4.95308207517612 1.24574256072326
      vertex -8.86400295686257 -4.62919556518534 1.75993075590773
   endloop
endfacet
facet normal -0.887647614866357 -0.460314322285945 -0.0138721490944478
   outer loop
      vertex -8.86545188755935 -4.62642008786172 -0.677591712805305
      vertex -9.05342270673003 -4.24682673219253 -1.24566583773925
      vertex -8.68717318559778 -4.95308207517611 -1.24574256072326
   endloop
endfacet
facet normal -0.88762770610985 -0.46030716806684 0.0153090291152464
   outer loop
      vertex -8.68717318559778 -4.95308207517611 -1.24574256072326
      vertex -9.05342270673003 -4.24682673219253 -1.24566583773925
      vertex -8.86400295686258 -4.62919556518533 -1.75993075590773
   endloop
endfacet
facet normal -0.886167313328281 0.463092591297737 -0.0158979455805746
   outer loop
      vertex -9.04071255858037 4.27381754794555 -1.25085636726793
      vertex -8.82432316969611 4.70439375443471 -0.770325861286384
      vertex -8.67062181243895 4.98199933617598 -1.25139623414961
   endloop
endfacet
facet normal -0.886160346162779 0.463113030343352 0.0156895511363915
   outer loop
      vertex -9.04071255858037 4.27381754794555 -1.25085636726793
      vertex -8.67062181243895 4.98199933617598 -1.25139623414961
      vertex -8.86400295686264 4.62919556518519 -1.75993075590773
   endloop
endfacet
facet normal 0.0186710608418004 0.999729478138793 0.0138694638460747
   outer loop
      vertex 0.584275224059436 9.98291653088166 1.24568954969116
      vertex 0.161041319284475 9.99870320058972 0.677522447496182
      vertex -0.211142394954721 9.99777069596282 1.24577203698047
   endloop
endfacet
facet normal 0.0186676445140824 0.999708561393888 -0.0153072311035796
   outer loop
      vertex 0.584275224059436 9.98291653088166 1.24568954969116
      vertex -0.211142394954721 9.99777069596282 1.24577203698047
      vertex 0.157965214708835 9.9987522717058 1.76001653131718
   endloop
endfacet
facet normal 0.0186710608417874 -0.999729478138794 0.0138694638460844
   outer loop
      vertex 0.161041319284491 -9.99870320058972 0.677522447496183
      vertex 0.584275224059444 -9.98291653088166 1.24568954969117
      vertex -0.211142394954694 -9.99777069596281 1.24577203698048
   endloop
endfacet
facet normal 0.0186676445140694 -0.999708561393888 -0.0153072311035905
   outer loop
      vertex -0.211142394954694 -9.99777069596281 1.24577203698048
      vertex 0.584275224059444 -9.98291653088166 1.24568954969117
      vertex 0.157965214708839 -9.9987522717058 1.76001653131718
   endloop
endfacet
facet normal 0.0186710608417869 -0.999729478138794 -0.0138694638460843
   outer loop
      vertex 0.584275224059454 -9.98291653088166 -1.24568954969116
      vertex 0.161041319284481 -9.99870320058972 -0.677522447496182
      vertex -0.211142394954713 -9.99777069596281 -1.24577203698048
   endloop
endfacet
facet normal 0.0186676445140686 -0.999708561393888 0.0153072311035906
   outer loop
      vertex 0.584275224059454 -9.98291653088166 -1.24568954969116
      vertex -0.211142394954713 -9.99777069596281 -1.24577203698048
      vertex 0.15796521470884 -9.9987522717058 -1.76001653131718
   endloop
endfacet
facet normal 0.0186710608417873 0.999729478138794 -0.0138694638460845
   outer loop
      vertex 0.161041319284475 9.99870320058972 -0.677522447496183
      vertex 0.584275224059436 9.98291653088166 -1.24568954969116
      vertex -0.211142394954716 9.99777069596281 -1.24577203698048
   endloop
endfacet
facet normal 0.0186676445140689 0.999708561393888 0.0153072311035907
   outer loop
      vertex -0.211142394954716 9.99777069596281 -1.24577203698048
      vertex 0.584275224059436 9.98291653088166 -1.24568954969116
      vertex 0.157965214708833 9.9987522717058 -1.76001653131718
   endloop
endfacet
facet normal 0.869843372171692 0.493132951478995 0.0138708346754976
   outer loop
      vertex 8.71186059241895 4.90953002009945 0.677449172623599
      vertex 8.49619186117589 5.27396661518524 1.24571509743967
      vertex 8.88858750591619 4.58181319454106 1.24578058392118
   endloop
endfacet
facet normal 0.869826297606257 0.493120510757782 -0.0153092737441905
   outer loop
      vertex 8.88858750591619 4.58181319454106 1.24578058392118
      vertex 8.49619186117589 5.27396661518524 1.24571509743967
      vertex 8.71334563535096 4.90689390948188 1.76010809947435
   endloop
endfacet
facet normal 0.869843372171689 -0.493132951479 0.0138708346754935
   outer loop
      vertex 8.49619186117589 -5.27396661518524 1.24571509743967
      vertex 8.71186059241895 -4.90953002009945 0.677449172623599
      vertex 8.8885875059162 -4.58181319454105 1.24578058392118
   endloop
endfacet
facet normal 0.869826297606255 -0.493120510757787 -0.0153092737441841
   outer loop
      vertex 8.49619186117589 -5.27396661518524 1.24571509743967
      vertex 8.8885875059162 -4.58181319454105 1.24578058392118
      vertex 8.71334563535097 -4.90689390948186 1.76010809947436
   endloop
endfacet
facet normal 0.869843372171693 -0.493132951478993 -0.0138708346754961
   outer loop
      vertex 8.71186059241895 -4.90953002009945 -0.677449172623599
      vertex 8.49619186117588 -5.27396661518526 -1.24571509743967
      vertex 8.88858750591619 -4.58181319454106 -1.24578058392118
   endloop
endfacet
facet normal 0.869826297606259 -0.49312051075778 0.015309273744187
   outer loop
      vertex 8.88858750591619 -4.58181319454106 -1.24578058392118
      vertex 8.49619186117588 -5.27396661518526 -1.24571509743967
      vertex 8.71334563535097 -4.90689390948186 -1.76010809947436
   endloop
endfacet
facet normal 0.869843372171692 0.493132951478995 -0.0138708346754977
   outer loop
      vertex 8.49619186117589 5.27396661518524 -1.24571509743967
      vertex 8.71186059241895 4.90953002009945 -0.677449172623601
      vertex 8.88858750591619 4.58181319454106 -1.24578058392118
   endloop
endfacet
facet normal 0.869826297606258 0.493120510757782 0.0153092737441903
   outer loop
      vertex 8.49619186117589 5.27396661518524 -1.24571509743967
      vertex 8.88858750591619 4.58181319454106 -1.24578058392118
      vertex 8.71334563535096 4.90689390948188 -1.76010809947436
   endloop
endfacet
facet normal -0.848247704085199 0.529418201178671 0.0138636494087622
   outer loop
      vertex -8.46971425463951 5.31638415135291 0.677371816232044
      vertex -8.68717318559786 4.95308207517598 1.24574256072326
      vertex -8.26596686397439 5.6279473881405 1.24583743009608
   endloop
endfacet
facet normal -0.848228050749602 0.529410035007109 -0.0153032269571887
   outer loop
      vertex -8.26596686397439 5.6279473881405 1.24583743009608
      vertex -8.68717318559786 4.95308207517598 1.24574256072326
      vertex -8.4681305144037 5.3189064281133 1.76020565396601
   endloop
endfacet
facet normal -0.848247704085187 -0.52941820117869 0.0138636494087566
   outer loop
      vertex -8.68717318559778 -4.95308207517612 1.24574256072326
      vertex -8.46971425463942 -5.31638415135304 0.677371816232044
      vertex -8.2659668639743 -5.62794738814062 1.24583743009608
   endloop
endfacet
facet normal -0.84822805074959 -0.529410035007128 -0.0153032269571806
   outer loop
      vertex -8.68717318559778 -4.95308207517612 1.24574256072326
      vertex -8.2659668639743 -5.62794738814062 1.24583743009608
      vertex -8.46813051440361 -5.31890642811343 1.76020565396601
   endloop
endfacet
facet normal -0.848247704085191 -0.529418201178684 -0.0138636494087608
   outer loop
      vertex -8.46971425463942 -5.31638415135304 -0.677371816232043
      vertex -8.68717318559778 -4.95308207517611 -1.24574256072326
      vertex -8.2659668639743 -5.62794738814062 -1.24583743009608
   endloop
endfacet
facet normal -0.848228050749593 -0.529410035007122 0.0153032269571928
   outer loop
      vertex -8.2659668639743 -5.62794738814062 -1.24583743009608
      vertex -8.68717318559778 -4.95308207517611 -1.24574256072326
      vertex -8.46813051440362 -5.31890642811342 -1.76020565396601
   endloop
endfacet
facet normal -0.846423528018012 0.532298506765289 -0.0150170207759903
   outer loop
      vertex -8.67062181243895 4.98199933617598 -1.25139623414961
      vertex -8.45859078150371 5.33406430323636 -0.722955665578448
      vertex -8.24623442940957 5.65682046163923 -1.2517417469099
   endloop
endfacet
facet normal -0.846408657835228 0.532304840707651 0.0156185947117613
   outer loop
      vertex -8.67062181243895 4.98199933617598 -1.25139623414961
      vertex -8.24623442940957 5.65682046163923 -1.2517417469099
      vertex -8.4681305144037 5.31890642811329 -1.76020565396601
   endloop
endfacet
facet normal -0.0608564056697557 0.99805029137597 0.0138605112928629
   outer loop
      vertex -0.211142394954721 9.99777069596282 1.24577203698047
      vertex -0.634114160515909 9.9798747102072 0.677290298644845
      vertex -1.00517467416253 9.94935293747398 1.24587358223934
   endloop
endfacet
facet normal -0.0608588426901259 0.998029097872849 -0.0153010151795744
   outer loop
      vertex -0.211142394954721 9.99777069596282 1.24577203698047
      vertex -1.00517467416253 9.94935293747398 1.24587358223934
      vertex -0.637042723417088 9.97968819996604 1.76030939494068
   endloop
endfacet
facet normal -0.0608564056697316 -0.998050291375971 0.0138605112928629
   outer loop
      vertex -0.634114160515877 -9.9798747102072 0.677290298644846
      vertex -0.211142394954694 -9.99777069596281 1.24577203698048
      vertex -1.0051746741625 -9.94935293747399 1.24587358223934
   endloop
endfacet
facet normal -0.0608588426901015 -0.998029097872851 -0.0153010151795753
   outer loop
      vertex -1.0051746741625 -9.94935293747399 1.24587358223934
      vertex -0.211142394954694 -9.99777069596281 1.24577203698048
      vertex -0.637042723417063 -9.97968819996604 1.76030939494068
   endloop
endfacet
facet normal -0.0608564056697315 -0.998050291375971 -0.0138605112928628
   outer loop
      vertex -0.211142394954713 -9.99777069596281 -1.24577203698048
      vertex -0.634114160515896 -9.9798747102072 -0.677290298644846
      vertex -1.00517467416252 -9.94935293747399 -1.24587358223934
   endloop
endfacet
facet normal -0.0608588426901014 -0.998029097872851 0.0153010151795742
   outer loop
      vertex -0.211142394954713 -9.99777069596281 -1.24577203698048
      vertex -1.00517467416252 -9.94935293747399 -1.24587358223934
      vertex -0.637042723417073 -9.97968819996604 -1.76030939494068
   endloop
endfacet
facet normal -0.060856405669731 0.998050291375971 -0.0138605112928635
   outer loop
      vertex -0.634114160515909 9.9798747102072 -0.677290298644846
      vertex -0.211142394954716 9.99777069596281 -1.24577203698048
      vertex -1.00517467416253 9.94935293747399 -1.24587358223934
   endloop
endfacet
facet normal -0.0608588426901009 0.998029097872851 0.0153010151795575
   outer loop
      vertex -1.00517467416253 9.94935293747399 -1.24587358223934
      vertex -0.211142394954716 9.99777069596281 -1.24577203698048
      vertex -0.637042723417084 9.97968819996603 -1.76030939494068
   endloop
endfacet
facet normal -0.508954488350073 0.860723754136437 0.0109520707445882
   outer loop
      vertex -5.11081123234103 8.59532480755537 0.486693618887743
      vertex -5.3953464418774 8.41963400464182 1.07158533600863
      vertex -4.77453535406634 8.78656998792877 1.08382708458461
   endloop
endfacet
facet normal -0.508663903402182 0.86091317910794 -0.00946210409554732
   outer loop
      vertex -4.77453535406634 8.78656998792877 1.08382708458461
      vertex -5.3953464418774 8.41963400464182 1.07158533600863
      vertex -5.11655710460205 8.59190569055237 1.75863043681322
   endloop
endfacet
facet normal -0.512046746581289 -0.858876848114516 0.0117766331517894
   outer loop
      vertex -5.43751958304833 -8.39245975766139 1.12549993593675
      vertex -5.10514754731636 -8.59868993045625 0.536511457175188
      vertex -4.78642349427049 -8.78009966535093 1.16427942790315
   endloop
endfacet
facet normal -0.511015326105673 -0.859492097337692 -0.0116906415207472
   outer loop
      vertex -5.43751958304833 -8.39245975766139 1.12549993593675
      vertex -4.78642349427049 -8.78009966535093 1.16427942790315
      vertex -5.11431359828947 -8.59324132201298 1.75907989280158
   endloop
endfacet
facet normal -0.506643664440051 -0.862056795056074 -0.0130491141618158
   outer loop
      vertex -5.1022917756145 -8.60038479583888 -0.65378498944122
      vertex -5.39467576403149 -8.42006374090905 -1.21416750185383
      vertex -4.77140678279752 -8.7882693013513 -1.08857853449924
   endloop
endfacet
facet normal -0.510219724778941 -0.859976303297043 0.0107976948490789
   outer loop
      vertex -4.77140678279752 -8.7882693013513 -1.08857853449924
      vertex -5.39467576403149 -8.42006374090905 -1.21416750185383
      vertex -5.11653305949773 -8.59192000958266 -1.75858226426679
   endloop
endfacet
facet normal -0.506669585056325 0.86209933353022 -0.00840658703650901
   outer loop
      vertex -5.34880692744849 8.44927597211021 -1.1736724708969
      vertex -5.02397367288858 8.64636851713611 -0.539619508964745
      vertex -4.78128433909952 8.78289929742347 -1.16534423334595
   endloop
endfacet
facet normal -0.506856525924397 0.861983898161973 0.0089566420794916
   outer loop
      vertex -5.34880692744849 8.44927597211021 -1.1736724708969
      vertex -4.78128433909952 8.78289929742347 -1.16534423334595
      vertex -5.11516172651079 8.59273649727717 -1.75827413557417
   endloop
endfacet
facet normal 0.907162796177911 0.420529209213439 0.0145205175180718
   outer loop
      vertex 9.06841634200371 4.2147152985795 0.642589831591539
      vertex 8.88858750591619 4.58181319454106 1.24578058392118
      vertex 9.22227254622321 3.86648277937167 1.11566673723504
   endloop
endfacet
facet normal 0.905245163042695 0.424683413485458 -0.0132360529669435
   outer loop
      vertex 9.22227254622321 3.86648277937167 1.11566673723504
      vertex 8.88858750591619 4.58181319454106 1.24578058392118
      vertex 9.07569537464698 4.19901815507047 1.76041958733982
   endloop
endfacet
facet normal 0.904087322161223 -0.427229446256534 0.01005555362396
   outer loop
      vertex 8.8885875059162 -4.58181319454105 1.24578058392118
      vertex 9.03532624674275 -4.28519306623652 0.655083909304948
      vertex 9.17672570497781 -3.97337455264407 1.19017064297158
   endloop
endfacet
facet normal 0.903404785235108 -0.428685454966566 -0.00941141404981071
   outer loop
      vertex 8.8885875059162 -4.58181319454105 1.24578058392118
      vertex 9.17672570497781 -3.97337455264407 1.19017064297158
      vertex 9.07223086491541 -4.20649820321799 1.7783478962196
   endloop
endfacet
facet normal 0.907162796177913 -0.420529209213436 -0.0145205175180658
   outer loop
      vertex 9.0684163420037 -4.21471529857951 -0.64258983159154
      vertex 8.88858750591619 -4.58181319454106 -1.24578058392118
      vertex 9.2222725462232 -3.86648277937168 -1.11566673723504
   endloop
endfacet
facet normal 0.905245163042698 -0.424683413485453 0.01323605296694
   outer loop
      vertex 9.2222725462232 -3.86648277937168 -1.11566673723504
      vertex 8.88858750591619 -4.58181319454106 -1.24578058392118
      vertex 9.07569537464697 -4.19901815507048 -1.76041958733983
   endloop
endfacet
facet normal 0.904087322161217 0.427229446256546 -0.0100555536239616
   outer loop
      vertex 8.88858750591619 4.58181319454106 -1.24578058392118
      vertex 9.03532624674275 4.28519306623652 -0.655083909304949
      vertex 9.17672570497782 3.97337455264406 -1.19017064297157
   endloop
endfacet
facet normal 0.903404785235102 0.428685454966578 0.0094114140498101
   outer loop
      vertex 8.88858750591619 4.58181319454106 -1.24578058392118
      vertex 9.17672570497782 3.97337455264406 -1.19017064297157
      vertex 9.07223086491541 4.20649820321799 -1.7783478962196
   endloop
endfacet
facet normal -0.803482293833168 0.595167436292845 0.0138537458181107
   outer loop
      vertex -8.02042867522151 5.97266472068243 0.677114426561278
      vertex -8.26596686397439 5.6279473881405 1.24583743009608
      vertex -7.79248040621359 6.26715638218621 1.24595342320695
   endloop
endfacet
facet normal -0.803462868806242 0.595158337078107 -0.0152961516750251
   outer loop
      vertex -7.79248040621359 6.26715638218621 1.24595342320695
      vertex -8.26596686397439 5.6279473881405 1.24583743009608
      vertex -8.0187218343744 5.97495607874462 1.76053646279216
   endloop
endfacet
facet normal -0.803482293833161 -0.595167436292854 0.0138537458181148
   outer loop
      vertex -8.2659668639743 -5.62794738814062 1.24583743009608
      vertex -8.02042867522144 -5.97266472068252 0.677114426561273
      vertex -7.79248040621352 -6.26715638218629 1.24595342320695
   endloop
endfacet
facet normal -0.803462868806235 -0.595158337078116 -0.0152961516750408
   outer loop
      vertex -8.2659668639743 -5.62794738814062 1.24583743009608
      vertex -7.79248040621352 -6.26715638218629 1.24595342320695
      vertex -8.01872183437433 -5.97495607874472 1.76053646279217
   endloop
endfacet
facet normal -0.803482293833163 -0.595167436292852 -0.0138537458181129
   outer loop
      vertex -8.02042867522144 -5.97266472068252 -0.677114426561274
      vertex -8.2659668639743 -5.62794738814062 -1.24583743009608
      vertex -7.79248040621353 -6.26715638218628 -1.24595342320696
   endloop
endfacet
facet normal -0.803462868806237 -0.595158337078114 0.0152961516750276
   outer loop
      vertex -7.79248040621353 -6.26715638218628 -1.24595342320696
      vertex -8.2659668639743 -5.62794738814062 -1.24583743009608
      vertex -8.01872183437433 -5.97495607874471 -1.76053646279217
   endloop
endfacet
facet normal -0.801372077455779 0.597994317993263 -0.014338379335964
   outer loop
      vertex -8.24623442940957 5.65682046163923 -1.2517417469099
      vertex -8.04752820348257 5.9361005562703 -0.709819367719347
      vertex -7.7700907368768 6.29489395785992 -1.25201617474383
   endloop
endfacet
facet normal -0.801351074331682 0.59799151080246 0.0155759004764051
   outer loop
      vertex -8.24623442940957 5.65682046163923 -1.2517417469099
      vertex -7.7700907368768 6.29489395785992 -1.25201617474383
      vertex -8.0187218343744 5.97495607874462 -1.76053646279216
   endloop
endfacet
facet normal -0.139993715529076 0.990055520809459 0.0138501020600979
   outer loop
      vertex -1.00517467416253 9.94935293747398 1.24587358223934
      vertex -1.42519683037691 9.89791968014914 0.677019876243029
      vertex -1.79279526895708 9.83798176068675 1.24599740405134
   endloop
endfacet
facet normal -0.139995262294734 0.99003405791947 -0.0152934853625845
   outer loop
      vertex -1.00517467416253 9.94935293747398 1.24587358223934
      vertex -1.79279526895708 9.83798176068675 1.24599740405134
      vertex -1.42799170563905 9.897516844574 1.76066034517297
   endloop
endfacet
facet normal -0.139993715529082 -0.990055520809458 0.0138501020600917
   outer loop
      vertex -1.4251968303769 -9.89791968014914 0.677019876243029
      vertex -1.0051746741625 -9.94935293747399 1.24587358223934
      vertex -1.79279526895708 -9.83798176068675 1.24599740405134
   endloop
endfacet
facet normal -0.13999526229474 -0.99003405791947 -0.0152934853625749
   outer loop
      vertex -1.79279526895708 -9.83798176068675 1.24599740405134
      vertex -1.0051746741625 -9.94935293747399 1.24587358223934
      vertex -1.42799170563903 -9.897516844574 1.76066034517297
   endloop
endfacet
facet normal -0.139993715529087 -0.990055520809458 -0.0138501020600932
   outer loop
      vertex -1.00517467416252 -9.94935293747399 -1.24587358223934
      vertex -1.42519683037691 -9.89791968014914 -0.67701987624303
      vertex -1.79279526895707 -9.83798176068675 -1.24599740405134
   endloop
endfacet
facet normal -0.139995262294745 -0.990034057919469 0.0152934853625738
   outer loop
      vertex -1.00517467416252 -9.94935293747399 -1.24587358223934
      vertex -1.79279526895707 -9.83798176068675 -1.24599740405134
      vertex -1.42799170563903 -9.897516844574 -1.76066034517297
   endloop
endfacet
facet normal -0.139993715529087 0.990055520809457 -0.0138501020600907
   outer loop
      vertex -1.42519683037691 9.89791968014914 -0.67701987624303
      vertex -1.00517467416253 9.94935293747399 -1.24587358223934
      vertex -1.79279526895708 9.83798176068675 -1.24599740405134
   endloop
endfacet
facet normal -0.139995262294745 0.990034057919469 0.0152934853625766
   outer loop
      vertex -1.79279526895708 9.83798176068675 -1.24599740405134
      vertex -1.00517467416253 9.94935293747399 -1.24587358223934
      vertex -1.42799170563905 9.897516844574 -1.76066034517297
   endloop
endfacet
facet normal -0.753635832161006 0.657146425543023 0.0138422497815698
   outer loop
      vertex -7.52045095617621 6.59111655303928 0.676817085725956
      vertex -7.79248040621359 6.26715638218621 1.24595342320695
      vertex -7.26972189870009 6.86666902621354 1.24609442187455
   endloop
endfacet
facet normal -0.753616569625863 0.657136480171002 -0.0152876556022814
   outer loop
      vertex -7.26972189870009 6.86666902621354 1.24609442187455
      vertex -7.79248040621359 6.26715638218621 1.24595342320695
      vertex -7.51862681004276 6.59319731930619 1.76093010043776
   endloop
endfacet
facet normal -0.753635832161003 -0.657146425543026 0.0138422497815761
   outer loop
      vertex -7.79248040621352 -6.26715638218629 1.24595342320695
      vertex -7.52045095617615 -6.59111655303935 0.676817085725956
      vertex -7.26972189870004 -6.86666902621359 1.24609442187456
   endloop
endfacet
facet normal -0.753616569625859 -0.657136480171006 -0.0152876556022757
   outer loop
      vertex -7.79248040621352 -6.26715638218629 1.24595342320695
      vertex -7.26972189870004 -6.86666902621359 1.24609442187456
      vertex -7.51862681004271 -6.59319731930624 1.76093010043776
   endloop
endfacet
facet normal -0.753635832160997 -0.657146425543034 -0.0138422497815704
   outer loop
      vertex -7.52045095617615 -6.59111655303934 -0.676817085725954
      vertex -7.79248040621353 -6.26715638218628 -1.24595342320696
      vertex -7.26972189870004 -6.86666902621358 -1.24609442187456
   endloop
endfacet
facet normal -0.753616569625853 -0.657136480171013 0.0152876556022822
   outer loop
      vertex -7.26972189870004 -6.86666902621358 -1.24609442187456
      vertex -7.79248040621353 -6.26715638218628 -1.24595342320696
      vertex -7.51862681004271 -6.59319731930624 -1.76093010043776
   endloop
endfacet
facet normal 0.964351617702745 0.264623559927309 0.000573555138738321
   outer loop
      vertex 9.55854931153089 2.93838987526032 0.00584073743017943
      vertex 9.71583702166104 2.36696239271366 -0.809221329666115
      vertex 9.56354630345022 2.92208523177604 -0.873350128173056
   endloop
endfacet
facet normal -0.752410546967897 0.658575345220657 -0.0125253135275228
   outer loop
      vertex -7.7700907368768 6.29489395785992 -1.25201617474383
      vertex -7.5881498583818 6.51306239235739 -0.710224055427464
      vertex -7.26972189870009 6.86666902621354 -1.24609442187455
   endloop
endfacet
facet normal 0.962354925387578 -0.271726301208829 -0.00614937506071472
   outer loop
      vertex 9.72285557702147 -2.33796480477841 -0.823865274644919
      vertex 9.55854931153089 -2.93838987526032 -0.00584073743018143
      vertex 9.50200933912864 -3.11637907179341 -0.989221135244246
   endloop
endfacet
facet normal -0.752531488127416 0.658405544327594 0.0140889522471087
   outer loop
      vertex -7.7700907368768 6.29489395785992 -1.25201617474383
      vertex -7.26972189870009 6.86666902621354 -1.24609442187455
      vertex -7.51862681004275 6.59319731930619 -1.76093010043776
   endloop
endfacet
facet normal 0.964351617702744 -0.264623559927313 -0.000573555138735157
   outer loop
      vertex 9.55854931153089 -2.93838987526032 -0.00584073743018143
      vertex 9.71583702166104 -2.36696239271366 0.809221329666111
      vertex 9.56354630345022 -2.92208523177603 0.873350128173052
   endloop
endfacet
facet normal -0.220082424088114 0.975405313556368 0.0121737789327224
   outer loop
      vertex -1.79279526895708 9.83798176068675 1.24599740405134
      vertex -2.18344716800904 9.75871705013079 0.534599808280165
      vertex -2.56330568496158 9.66589178324709 1.10484799231421
   endloop
endfacet
facet normal 0.962354925387578 0.271726301208829 0.00614937506071166
   outer loop
      vertex 9.72285557702148 2.33796480477838 0.823865274644915
      vertex 9.55854931153089 2.93838987526032 0.00584073743017943
      vertex 9.50200933912865 3.11637907179339 0.989221135244247
   endloop
endfacet
facet normal -0.215728128856894 0.976369939841309 -0.0127716480605128
   outer loop
      vertex -1.79279526895708 9.83798176068675 1.24599740405134
      vertex -2.56330568496158 9.66589178324709 1.10484799231421
      vertex -2.20189595810655 9.75457093826653 1.77957822959934
   endloop
endfacet
facet normal -0.217950694490916 -0.975864775690016 0.0136174277454349
   outer loop
      vertex -2.2072015384757 -9.75337179484872 0.676708618076159
      vertex -1.79279526895708 -9.83798176068675 1.24599740405134
      vertex -2.56389189108747 -9.66573630774272 1.24799675285959
   endloop
endfacet
facet normal -0.218017351342078 -0.975835524339468 -0.0146104055693584
   outer loop
      vertex -2.56389189108747 -9.66573630774272 1.24799675285959
      vertex -1.79279526895708 -9.83798176068675 1.24599740405134
      vertex -2.20186993362928 -9.75457681272639 1.77958038575357
   endloop
endfacet
facet normal -0.2179648435945 -0.975861464856027 -0.0136282194682607
   outer loop
      vertex -1.79279526895707 -9.83798176068675 -1.24599740405134
      vertex -2.2072015384757 -9.75337179484872 -0.676708618076159
      vertex -2.56423875485131 -9.66564429348187 -1.24819390897759
   endloop
endfacet
facet normal -0.21803839280867 -0.975830570580401 0.0146272616077596
   outer loop
      vertex -1.79279526895707 -9.83798176068675 -1.24599740405134
      vertex -2.56423875485131 -9.66564429348187 -1.24819390897759
      vertex -2.20189595810654 -9.75457093826654 -1.77957822959934
   endloop
endfacet
facet normal -0.21999426932128 0.975419873872786 -0.0125932966214132
   outer loop
      vertex -2.15998513106569 9.7639369228593 -0.566678930154989
      vertex -1.79279526895708 9.83798176068675 -1.24599740405134
      vertex -2.56250187826042 9.66610490962682 -1.11267673565178
   endloop
endfacet
facet normal -0.215799348876427 0.976353449170537 0.0128290029739673
   outer loop
      vertex -2.56250187826042 9.66610490962682 -1.11267673565178
      vertex -1.79279526895708 9.83798176068675 -1.24599740405134
      vertex -2.20186993362928 9.75457681272639 -1.77958038575357
   endloop
endfacet
facet normal -0.699227285592168 0.714769662114336 0.0136210573879939
   outer loop
      vertex -6.97295849998991 7.16783438406737 0.676476725575964
      vertex -7.26972189870009 6.86666902621354 1.24609442187455
      vertex -6.704652805477 7.4194090571965 1.24829124425028
   endloop
endfacet
facet normal -0.699161384275858 0.714814509758677 -0.0146142182797558
   outer loop
      vertex -6.704652805477 7.4194090571965 1.24829124425028
      vertex -7.26972189870009 6.86666902621354 1.24609442187455
      vertex -6.97693140141136 7.16396735196358 1.78018714147603
   endloop
endfacet
facet normal -0.699227285592161 -0.714769662114343 0.0136210573879995
   outer loop
      vertex -7.26972189870004 -6.86666902621359 1.24609442187456
      vertex -6.97295849998987 -7.16783438406741 0.676476725575961
      vertex -6.70465280547696 -7.41940905719653 1.24829124425028
   endloop
endfacet
facet normal -0.699161384275852 -0.714814509758683 -0.014614218279762
   outer loop
      vertex -7.26972189870004 -6.86666902621359 1.24609442187456
      vertex -6.70465280547696 -7.41940905719653 1.24829124425028
      vertex -6.97693140141132 -7.16396735196362 1.78018714147604
   endloop
endfacet
facet normal -0.698410848322606 -0.715568283024165 -0.0135764235035152
   outer loop
      vertex -7.00141659603047 -7.14003961115267 -0.640044820877821
      vertex -7.26972189870004 -6.86666902621358 -1.24609442187456
      vertex -6.69942513767131 -7.42412976885088 -1.20191623337868
   endloop
endfacet
facet normal -0.699506346026716 -0.714484466173402 0.0142414699121903
   outer loop
      vertex -6.69942513767131 -7.42412976885088 -1.20191623337868
      vertex -7.26972189870004 -6.86666902621358 -1.24609442187456
      vertex -6.97695070173384 -7.16394855548081 -1.78018925955506
   endloop
endfacet
facet normal -0.702158353563107 0.711940311991289 -0.0107069455632348
   outer loop
      vertex -7.26972189870009 6.86666902621354 -1.24609442187455
      vertex -6.99798623124827 7.14340176017418 -0.665562835616875
      vertex -6.78059932780569 7.35006617356341 -1.17993018987994
   endloop
endfacet
facet normal -0.703602961568324 0.710517712579145 0.0103659338017377
   outer loop
      vertex -7.26972189870009 6.86666902621354 -1.24609442187455
      vertex -6.78059932780569 7.35006617356341 -1.17993018987994
      vertex -7.00918139249319 7.13241727657091 -1.77684903553236
   endloop
endfacet
facet normal -0.440593412119336 0.897575983848525 0.0153231333412382
   outer loop
      vertex -4.05525749452897 9.14083621191555 1.01388263393563
      vertex -4.50077168031214 8.92989665571221 0.559906582492642
      vertex -4.77453535406634 8.78656998792877 1.08382708458461
   endloop
endfacet
facet normal -0.442694763410501 0.896602193162005 -0.0112184520324015
   outer loop
      vertex -4.05525749452897 9.14083621191555 1.01388263393563
      vertex -4.77453535406634 8.78656998792877 1.08382708458461
      vertex -4.42859457803199 8.96591044252761 1.76581733540726
   endloop
endfacet
facet normal -0.44515088588498 -0.895400685292017 0.00991471504398675
   outer loop
      vertex -4.45774729728916 -8.95145178356624 0.44632598303845
      vertex -4.12252207808832 -9.11069765252225 1.11572929676574
      vertex -4.78642349427049 -8.78009966535093 1.16427942790315
   endloop
endfacet
facet normal -0.446355257806367 -0.894791869213822 -0.0107002157663
   outer loop
      vertex -4.78642349427049 -8.78009966535093 1.16427942790315
      vertex -4.12252207808832 -9.11069765252225 1.11572929676574
      vertex -4.42966320342407 -8.96538252972124 1.77620811143437
   endloop
endfacet
facet normal -0.441291282460418 -0.897295698962371 -0.0110649287421877
   outer loop
      vertex -4.05772890518743 -9.13973939081451 -1.04946633367476
      vertex -4.48376575568975 -8.93844755246144 -0.381766837792875
      vertex -4.77140678279752 -8.7882693013513 -1.08857853449924
   endloop
endfacet
facet normal -0.442278635403532 -0.896805839144954 0.0113532172138535
   outer loop
      vertex -4.05772890518743 -9.13973939081451 -1.04946633367476
      vertex -4.77140678279752 -8.7882693013513 -1.08857853449924
      vertex -4.42837555336121 -8.96601862358052 -1.76602932914729
   endloop
endfacet
facet normal -0.442815593293341 0.896536545302979 -0.011686456796918
   outer loop
      vertex -4.32987319470594 9.01400011747099 -0.54082328357907
      vertex -4.06274865499864 9.13750914452657 -1.18743116780538
      vertex -4.78128433909952 8.78289929742347 -1.16534423334595
   endloop
endfacet
facet normal -0.442181276462349 0.896823299875679 0.0135531378738058
   outer loop
      vertex -4.78128433909952 8.78289929742347 -1.16534423334595
      vertex -4.06274865499864 9.13750914452657 -1.18743116780538
      vertex -4.42897020462187 8.96572489688211 -1.76856570023539
   endloop
endfacet
facet normal 0.134696684137619 0.990768729727407 0.01530122467881
   outer loop
      vertex 1.37604218954639 9.90487293672101 1.24562359536997
      vertex 0.952001776283642 9.95458148883984 1.75977581080469
      vertex 1.74004273760262 9.84744897277038 1.75958251937154
   endloop
endfacet
facet normal 0.134699558552834 0.990835598522927 -0.010042192259911
   outer loop
      vertex 1.74004273760262 9.84744897277038 1.75958251937154
      vertex 0.952001776283642 9.95458148883984 1.75977581080469
      vertex 1.3873553073885 9.90329466647645 2.539
   endloop
endfacet
facet normal 0.135030864555602 0.99074422591217 -0.0138760383057154
   outer loop
      vertex 1.37604218954639 9.90487293672101 1.24562359536997
      vertex 1.74344674133119 9.84684687908478 0.67788033084383
      vertex 0.95523739851772 9.95427152093377 0.677718513883793
   endloop
endfacet
facet normal 0.135030077426277 0.99077645411516 0.0113532445250019
   outer loop
      vertex 0.95523739851772 9.95427152093377 0.677718513883793
      vertex 1.74344674133119 9.84684687908478 0.67788033084383
      vertex 1.41572165681222 9.89927937733009 0
   endloop
endfacet
facet normal 0.134696684137623 -0.990768729727406 0.0153012246788302
   outer loop
      vertex 0.952001776283635 -9.95458148883984 1.7597758108047
      vertex 1.37604218954637 -9.90487293672102 1.24562359536997
      vertex 1.74004273760259 -9.84744897277038 1.75958251937154
   endloop
endfacet
facet normal 0.134699558552838 -0.990835598522926 -0.0100421922599263
   outer loop
      vertex 0.952001776283635 -9.95458148883984 1.7597758108047
      vertex 1.74004273760259 -9.84744897277038 1.75958251937154
      vertex 1.38735530738849 -9.90329466647646 2.539
   endloop
endfacet
facet normal 0.135030864555603 -0.99074422591217 -0.0138760383057307
   outer loop
      vertex 1.74344674133118 -9.84684687908478 0.677880330843828
      vertex 1.37604218954637 -9.90487293672102 1.24562359536997
      vertex 0.955237398517718 -9.95427152093377 0.677718513883792
   endloop
endfacet
facet normal 0.135030077426278 -0.990776454115159 0.0113532445250032
   outer loop
      vertex 1.74344674133118 -9.84684687908478 0.677880330843828
      vertex 0.955237398517718 -9.95427152093377 0.677718513883792
      vertex 1.41572165681222 -9.89927937733009 0
   endloop
endfacet
facet normal 0.134696684137624 -0.990768729727406 -0.0153012246788112
   outer loop
      vertex 1.37604218954639 -9.90487293672101 -1.24562359536997
      vertex 0.952001776283655 -9.95458148883984 -1.75977581080469
      vertex 1.7400427376026 -9.84744897277038 -1.75958251937154
   endloop
endfacet
facet normal 0.13469955855284 -0.990835598522926 0.0100421922599237
   outer loop
      vertex 1.7400427376026 -9.84744897277038 -1.75958251937154
      vertex 0.952001776283655 -9.95458148883984 -1.75977581080469
      vertex 1.38735530738849 -9.90329466647646 -2.539
   endloop
endfacet
facet normal 0.135030864555603 -0.99074422591217 0.0138760383057148
   outer loop
      vertex 1.37604218954639 -9.90487293672101 -1.24562359536997
      vertex 1.74344674133119 -9.84684687908478 -0.67788033084383
      vertex 0.955237398517725 -9.95427152093377 -0.677718513883792
   endloop
endfacet
facet normal 0.135030077426278 -0.99077645411516 -0.0113532445250015
   outer loop
      vertex 0.955237398517725 -9.95427152093377 -0.677718513883792
      vertex 1.74344674133119 -9.84684687908478 -0.67788033084383
      vertex 1.41572165681222 -9.89927937733009 0
   endloop
endfacet
facet normal 0.134696684137619 0.990768729727407 -0.0153012246788102
   outer loop
      vertex 0.952001776283639 9.95458148883984 -1.7597758108047
      vertex 1.37604218954639 9.90487293672101 -1.24562359536997
      vertex 1.74004273760262 9.84744897277038 -1.75958251937154
   endloop
endfacet
facet normal 0.134699558552834 0.990835598522927 0.0100421922599113
   outer loop
      vertex 0.952001776283639 9.95458148883984 -1.7597758108047
      vertex 1.74004273760262 9.84744897277038 -1.75958251937154
      vertex 1.3873553073885 9.90329466647645 -2.539
   endloop
endfacet
facet normal 0.135030864555599 0.99074422591217 0.0138760383057147
   outer loop
      vertex 1.7434467413312 9.84684687908478 -0.67788033084383
      vertex 1.37604218954639 9.90487293672101 -1.24562359536997
      vertex 0.955237398517715 9.95427152093377 -0.677718513883793
   endloop
endfacet
facet normal 0.135030077426274 0.99077645411516 -0.0113532445250011
   outer loop
      vertex 1.7434467413312 9.84684687908478 -0.67788033084383
      vertex 0.955237398517715 9.95427152093377 -0.677718513883793
      vertex 1.41572165681222 9.89927937733009 0
   endloop
endfacet
facet normal 0.851032126395978 0.524890795141794 0.0152961765600261
   outer loop
      vertex 8.71334563535096 4.90689390948188 1.76010809947435
      vertex 8.49619186117589 5.27396661518524 1.24571509743967
      vertex 8.29587802694751 5.58376286763769 1.7598505728857
   endloop
endfacet
facet normal 0.851093076827206 0.524918745936916 -0.0100441396254584
   outer loop
      vertex 8.71334563535096 4.90689390948188 1.76010809947435
      vertex 8.29587802694751 5.58376286763769 1.7598505728857
      vertex 8.48983361954522 5.28419578672476 2.539
   endloop
endfacet
facet normal 0.850887434975491 0.525165029946183 -0.0138659410951629
   outer loop
      vertex 8.29409700819088 5.58640804262624 0.677657046015317
      vertex 8.49619186117589 5.27396661518524 1.24571509743967
      vertex 8.71186059241895 4.90953002009945 0.677449172623599
   endloop
endfacet
facet normal 0.850917916233051 0.525176099546605 0.0113474357727298
   outer loop
      vertex 8.29409700819088 5.58640804262624 0.677657046015317
      vertex 8.71186059241895 4.90953002009945 0.677449172623599
      vertex 8.47448033565082 5.30878357447989 0
   endloop
endfacet
facet normal 0.806631560276402 0.590856523356209 0.0153001559949735
   outer loop
      vertex 8.29587802694751 5.58376286763769 1.7598505728857
      vertex 8.05004463059494 5.93268753984479 1.24564387668232
      vertex 7.8259283519911 6.22533898109186 1.75964192779448
   endloop
endfacet
facet normal 0.806689238617947 0.590890530676083 -0.0100425621897421
   outer loop
      vertex 8.29587802694751 5.58376286763769 1.7598505728857
      vertex 7.8259283519911 6.22533898109186 1.75964192779448
      vertex 8.04316565211542 5.94201029051875 2.539
   endloop
endfacet
facet normal 0.806454695662198 0.591133101661862 -0.0138737148600574
   outer loop
      vertex 7.82382099769048 6.22798723474105 0.677830097806505
      vertex 8.05004463059494 5.93268753984479 1.24564387668232
      vertex 8.29409700819088 5.58640804262624 0.677657046015317
   endloop
endfacet
facet normal 0.806483597124635 0.591147482360234 0.0113517253343147
   outer loop
      vertex 7.82382099769048 6.22798723474105 0.677830097806505
      vertex 8.29409700819088 5.58640804262624 0.677657046015317
      vertex 8.02606549918377 5.96508781182741 0
   endloop
endfacet
facet normal 0.806630956788267 -0.590856096982558 0.0153483617817464
   outer loop
      vertex 8.05161497753232 -5.93055615044468 1.24678029259827
      vertex 8.29587802694751 -5.58376286763769 1.75985057288569
      vertex 7.82592835199109 -6.22533898109187 1.75964192779448
   endloop
endfacet
facet normal 0.806689238617945 -0.590890530676085 -0.0100425621897436
   outer loop
      vertex 7.82592835199109 -6.22533898109187 1.75964192779448
      vertex 8.29587802694751 -5.58376286763769 1.75985057288569
      vertex 8.04316565211542 -5.94201029051875 2.539
   endloop
endfacet
facet normal 0.806780635743384 -0.590697858279952 -0.0134553339972982
   outer loop
      vertex 8.05161497753232 -5.93055615044468 1.24678029259827
      vertex 7.83110931940224 -6.21882037267288 0.680266197608425
      vertex 8.29409700819087 -5.58640804262624 0.677657046015321
   endloop
endfacet
facet normal 0.806853450427801 -0.590650568114483 0.0109277590927828
   outer loop
      vertex 8.29409700819087 -5.58640804262624 0.677657046015321
      vertex 7.83110931940224 -6.21882037267288 0.680266197608425
      vertex 8.02606549918376 -5.96508781182742 0
   endloop
endfacet
facet normal 0.851032126395979 -0.524890795141793 0.0152961765600276
   outer loop
      vertex 8.49619186117589 -5.27396661518524 1.24571509743967
      vertex 8.71334563535097 -4.90689390948186 1.76010809947436
      vertex 8.29587802694751 -5.58376286763769 1.75985057288569
   endloop
endfacet
facet normal 0.851093076827207 -0.524918745936914 -0.0100441396254506
   outer loop
      vertex 8.29587802694751 -5.58376286763769 1.75985057288569
      vertex 8.71334563535097 -4.90689390948186 1.76010809947436
      vertex 8.48983361954523 -5.28419578672473 2.539
   endloop
endfacet
facet normal 0.997023223630966 0.077101744111924 -0.000112229301607094
   outer loop
      vertex 9.95007666837251 0.997985116877466 -0.591371702331786
      vertex 9.98508071731791 0.546043101454591 -0.107254877771457
      vertex 9.98529973883451 0.54202317813132 -0.923205432434389
   endloop
endfacet
facet normal 0.999628649936195 0.0272496651468996 0.000134075058647718
   outer loop
      vertex 9.98529973883451 0.54202317813132 -0.923205432434389
      vertex 9.98508071731791 0.546043101454591 -0.107254877771457
      vertex 10 0 -0.362714285714286
   endloop
endfacet
facet normal 0.997023223630966 -0.0771017441119251 0.000112229301606721
   outer loop
      vertex 9.95007666837251 -0.997985116877459 0.591371702331789
      vertex 9.98508071731791 -0.546043101454588 0.107254877771457
      vertex 9.98529973883451 -0.542023178131321 0.923205432434392
   endloop
endfacet
facet normal 0.999628649936195 -0.0272496651468997 -0.00013407505864785
   outer loop
      vertex 9.98529973883451 -0.542023178131321 0.923205432434392
      vertex 9.98508071731791 -0.546043101454588 0.107254877771457
      vertex 10 0 0.362714285714287
   endloop
endfacet
facet normal 0.850887434975485 -0.525165029946192 -0.0138659410951714
   outer loop
      vertex 8.49619186117589 -5.27396661518524 1.24571509743967
      vertex 8.29409700819087 -5.58640804262624 0.677657046015321
      vertex 8.71186059241895 -4.90953002009945 0.677449172623599
   endloop
endfacet
facet normal 0.850917916233045 -0.525176099546614 0.0113474357727375
   outer loop
      vertex 8.71186059241895 -4.90953002009945 0.677449172623599
      vertex 8.29409700819087 -5.58640804262624 0.677657046015321
      vertex 8.47448033565082 -5.30878357447989 0
   endloop
endfacet
facet normal 0.851032126395979 -0.524890795141793 -0.0152961765600329
   outer loop
      vertex 8.71334563535097 -4.90689390948186 -1.76010809947436
      vertex 8.49619186117588 -5.27396661518526 -1.24571509743967
      vertex 8.29587802694751 -5.58376286763769 -1.75985057288569
   endloop
endfacet
facet normal 0.851093076827207 -0.524918745936914 0.0100441396254506
   outer loop
      vertex 8.71334563535097 -4.90689390948186 -1.76010809947436
      vertex 8.29587802694751 -5.58376286763769 -1.75985057288569
      vertex 8.48983361954523 -5.28419578672473 -2.539
   endloop
endfacet
facet normal 0.850887434975487 -0.525165029946189 0.0138659410951733
   outer loop
      vertex 8.29409700819086 -5.58640804262626 -0.677657046015322
      vertex 8.49619186117588 -5.27396661518526 -1.24571509743967
      vertex 8.71186059241895 -4.90953002009945 -0.677449172623599
   endloop
endfacet
facet normal 0.850917916233048 -0.525176099546611 -0.0113474357727348
   outer loop
      vertex 8.29409700819086 -5.58640804262626 -0.677657046015322
      vertex 8.71186059241895 -4.90953002009945 -0.677449172623599
      vertex 8.47448033565082 -5.30878357447989 0
   endloop
endfacet
facet normal 0.806630956593454 -0.590856096844914 -0.01534837731893
   outer loop
      vertex 8.29587802694751 -5.58376286763769 -1.75985057288569
      vertex 8.05161273065514 -5.93055920091453 -1.24678146430491
      vertex 7.82592835199108 -6.22533898109188 -1.75964192779448
   endloop
endfacet
facet normal 0.806689238617944 -0.590890530676087 0.0100425621897447
   outer loop
      vertex 8.29587802694751 -5.58376286763769 -1.75985057288569
      vertex 7.82592835199108 -6.22533898109188 -1.75964192779448
      vertex 8.04316565211542 -5.94201029051875 -2.539
   endloop
endfacet
facet normal 0.806780295943903 -0.590698313872051 0.0134557075393066
   outer loop
      vertex 7.83110809970706 -6.21882190858545 -0.680293524698419
      vertex 8.05161273065514 -5.93055920091453 -1.24678146430491
      vertex 8.29409700819086 -5.58640804262626 -0.677657046015322
   endloop
endfacet
facet normal 0.806853618826429 -0.590650341648438 -0.0109275659357079
   outer loop
      vertex 7.83110809970706 -6.21882190858545 -0.680293524698419
      vertex 8.29409700819086 -5.58640804262626 -0.677657046015322
      vertex 8.02606549918376 -5.96508781182742 0
   endloop
endfacet
facet normal 0.991233176276353 0.131963117264062 0.00652119092224258
   outer loop
      vertex 9.86524539691469 1.63613363105023 -0.610462778556159
      vertex 9.95007666837251 0.997985116877466 -0.591371702331786
      vertex 9.93156615763164 1.16790138992378 -1.2161730242828
   endloop
endfacet
facet normal 0.991233176276352 -0.131963117264071 -0.00652119092224848
   outer loop
      vertex 9.86524539691468 -1.63613363105025 0.610462778556165
      vertex 9.95007666837251 -0.997985116877459 0.591371702331789
      vertex 9.93156615763164 -1.16790138992379 1.2161730242828
   endloop
endfacet
facet normal 0.979217026183147 0.202618284162276 0.00893569002205205
   outer loop
      vertex 9.81734345235808 1.90256866852207 -1.40259079762062
      vertex 9.71583702166104 2.36696239271366 -0.809221329666115
      vertex 9.86524539691469 1.63613363105023 -0.610462778556159
   endloop
endfacet
facet normal 0.980167927184771 0.197970073464852 -0.00887043012656575
   outer loop
      vertex 9.86524539691469 1.63613363105023 -0.610462778556159
      vertex 9.71583702166104 2.36696239271366 -0.809221329666115
      vertex 9.79955371969403 1.99217140197097 0.0767585268143467
   endloop
endfacet
facet normal 0.979941855574202 -0.199157101615686 0.00709989928301387
   outer loop
      vertex 9.72285557702147 -2.33796480477841 -0.823865274644919
      vertex 9.8396553635041 -1.78358692736433 -1.394113959792
      vertex 9.86774896426359 -1.62096587819569 -0.710013895480837
   endloop
endfacet
facet normal 0.980436988887878 -0.19659608509419 -0.00965868242093151
   outer loop
      vertex 9.72285557702147 -2.33796480477841 -0.823865274644919
      vertex 9.86774896426359 -1.62096587819569 -0.710013895480837
      vertex 9.79955371969402 -1.99217140197099 -0.0767585268143462
   endloop
endfacet
facet normal 0.975837639906004 -0.218370627375119 0.00742762697484501
   outer loop
      vertex 9.81385105325138 -1.92050188872511 -2.02922781364505
      vertex 9.8396553635041 -1.78358692736433 -1.394113959792
      vertex 9.67588672641321 -2.52531504126129 -1.6849246415025
   endloop
endfacet
facet normal 0.975553801549704 -0.219704510419486 0.0049707527855304
   outer loop
      vertex 9.81385105325138 -1.92050188872511 -2.02922781364505
      vertex 9.67588672641321 -2.52531504126129 -1.6849246415025
      vertex 9.71669346596542 -2.36344411579053 -2.539
   endloop
endfacet
facet normal 0.979217026183147 -0.202618284162272 -0.00893569002206169
   outer loop
      vertex 9.81734345235808 -1.90256866852209 1.40259079762063
      vertex 9.71583702166104 -2.36696239271366 0.809221329666111
      vertex 9.86524539691468 -1.63613363105025 0.610462778556165
   endloop
endfacet
facet normal 0.980167927184772 -0.197970073464847 0.00887043012656059
   outer loop
      vertex 9.86524539691468 -1.63613363105025 0.610462778556165
      vertex 9.71583702166104 -2.36696239271366 0.809221329666111
      vertex 9.79955371969402 -1.99217140197099 -0.0767585268143462
   endloop
endfacet
facet normal 0.979941855574203 0.199157101615682 -0.00709989928300303
   outer loop
      vertex 9.72285557702148 2.33796480477838 0.823865274644915
      vertex 9.8396553635041 1.78358692736431 1.394113959792
      vertex 9.8677489642636 1.62096587819566 0.710013895480838
   endloop
endfacet
facet normal 0.980436988887879 0.196596085094187 0.00965868242093564
   outer loop
      vertex 9.72285557702148 2.33796480477838 0.823865274644915
      vertex 9.8677489642636 1.62096587819566 0.710013895480838
      vertex 9.79955371969403 1.99217140197097 0.0767585268143467
   endloop
endfacet
facet normal 0.975837639906005 0.218370627375113 -0.00742762697486035
   outer loop
      vertex 9.81385105325139 1.92050188872509 2.02922781364504
      vertex 9.8396553635041 1.78358692736431 1.394113959792
      vertex 9.67588672641322 2.52531504126127 1.6849246415025
   endloop
endfacet
facet normal 0.975553801549702 0.219704510419495 -0.00497075278551823
   outer loop
      vertex 9.81385105325139 1.92050188872509 2.02922781364504
      vertex 9.67588672641322 2.52531504126127 1.6849246415025
      vertex 9.71669346596543 2.36344411579047 2.539
   endloop
endfacet
facet normal 0.806631560276402 0.590856523356209 -0.0153001559949733
   outer loop
      vertex 8.05004463059494 5.93268753984479 -1.24564387668232
      vertex 8.29587802694751 5.58376286763769 -1.7598505728857
      vertex 7.8259283519911 6.22533898109186 -1.75964192779449
   endloop
endfacet
facet normal 0.806689238617947 0.590890530676083 0.0100425621897422
   outer loop
      vertex 7.8259283519911 6.22533898109186 -1.75964192779449
      vertex 8.29587802694751 5.58376286763769 -1.7598505728857
      vertex 8.04316565211542 5.94201029051875 -2.539
   endloop
endfacet
facet normal 0.806454695662198 0.591133101661862 0.0138737148600575
   outer loop
      vertex 8.05004463059494 5.93268753984479 -1.24564387668232
      vertex 7.82382099769048 6.22798723474105 -0.677830097806505
      vertex 8.29409700819088 5.58640804262624 -0.677657046015318
   endloop
endfacet
facet normal 0.806483597124635 0.591147482360234 -0.0113517253343146
   outer loop
      vertex 8.29409700819088 5.58640804262624 -0.677657046015318
      vertex 7.82382099769048 6.22798723474105 -0.677830097806505
      vertex 8.02606549918377 5.96508781182741 0
   endloop
endfacet
facet normal 0.851032126395978 0.524890795141794 -0.015296176560026
   outer loop
      vertex 8.49619186117589 5.27396661518524 -1.24571509743967
      vertex 8.71334563535096 4.90689390948188 -1.76010809947436
      vertex 8.29587802694751 5.58376286763769 -1.7598505728857
   endloop
endfacet
facet normal 0.851093076827206 0.524918745936915 0.0100441396254584
   outer loop
      vertex 8.29587802694751 5.58376286763769 -1.7598505728857
      vertex 8.71334563535096 4.90689390948188 -1.76010809947436
      vertex 8.48983361954522 5.28419578672476 -2.539
   endloop
endfacet
facet normal 0.850887434975491 0.525165029946183 0.0138659410951629
   outer loop
      vertex 8.49619186117589 5.27396661518524 -1.24571509743967
      vertex 8.29409700819088 5.58640804262624 -0.677657046015318
      vertex 8.71186059241895 4.90953002009945 -0.677449172623601
   endloop
endfacet
facet normal 0.850917916233051 0.525176099546605 -0.0113474357727298
   outer loop
      vertex 8.71186059241895 4.90953002009945 -0.677449172623601
      vertex 8.29409700819088 5.58640804262624 -0.677657046015318
      vertex 8.47448033565082 5.30878357447989 0
   endloop
endfacet
facet normal 0.644687310207047 0.764341656497779 0.012653228846172
   outer loop
      vertex 6.72603542168231 7.40003023684869 1.78294225260588
      vertex 6.41867120148813 7.66815884076398 1.24647452703946
      vertex 6.12617621319264 7.90379434227085 1.91521906684721
   endloop
endfacet
facet normal 0.641622090105943 0.766939981228523 -0.011142651447193
   outer loop
      vertex 6.72603542168231 7.40003023684869 1.78294225260588
      vertex 6.12617621319264 7.90379434227085 1.91521906684721
      vertex 6.41093638256726 7.67462668138818 2.539
   endloop
endfacet
facet normal 0.645819838511587 0.763396919739717 -0.0119113020606486
   outer loop
      vertex 6.1693988943297 7.87010274917955 0.673771100068264
      vertex 6.41867120148813 7.66815884076398 1.24647452703946
      vertex 6.73790736974549 7.38922216993977 0.678077835883868
   endloop
endfacet
facet normal 0.645740208168673 0.763496016643692 0.00966520167894181
   outer loop
      vertex 6.1693988943297 7.87010274917955 0.673771100068264
      vertex 6.73790736974549 7.38922216993977 0.678077835883868
      vertex 6.38917372306555 7.69275367709695 0
   endloop
endfacet
facet normal 0.584470525881081 0.81136181875577 0.00928458085334138
   outer loop
      vertex 6.12617621319264 7.90379434227085 1.91521906684721
      vertex 5.83122166672179 8.12384477163088 1.25301602356218
      vertex 5.58114305106774 8.29764076370616 1.80793044152623
   endloop
endfacet
facet normal 0.586654412898911 0.809802341715549 -0.00753439966071023
   outer loop
      vertex 6.12617621319264 7.90379434227085 1.91521906684721
      vertex 5.58114305106774 8.29764076370616 1.80793044152623
      vertex 5.78092000447838 8.15971592041179 2.539
   endloop
endfacet
facet normal 0.589315582637773 0.807843195092534 -0.00982426602794674
   outer loop
      vertex 5.61508977901484 8.27470644637035 0.6934513724788
      vertex 5.83122166672179 8.12384477163088 1.25301602356218
      vertex 6.1693988943297 7.87010274917955 0.673771100068264
   endloop
endfacet
facet normal 0.589724898558932 0.807571249186131 0.00729530723202285
   outer loop
      vertex 5.61508977901484 8.27470644637035 0.6934513724788
      vertex 6.1693988943297 7.87010274917955 0.673771100068264
      vertex 5.78791553391898 8.15475528585741 0.00115122913680121
   endloop
endfacet
facet normal 0.587674499640168 -0.80907918071539 -0.00543707693451025
   outer loop
      vertex 6.02357698463869 -7.98226285649195 1.30499398245337
      vertex 5.64990254214027 -8.25097577649558 0.902404156014219
      vertex 6.13149774554756 -7.8996667902099 0.678834281037438
   endloop
endfacet
facet normal 0.590623414526231 -0.806935956625549 0.00428300340724124
   outer loop
      vertex 6.13149774554756 -7.8996667902099 0.678834281037438
      vertex 5.64990254214027 -8.25097577649558 0.902404156014219
      vertex 5.78791553391905 -8.15475528585736 -0.00115122913680121
   endloop
endfacet
facet normal 0.645053941999048 -0.764059192726643 0.0109069666452197
   outer loop
      vertex 6.51711156093352 -7.58467249802828 1.29565220874934
      vertex 6.73494696601941 -7.39192054644162 1.91528496165026
      vertex 6.16278353456023 -7.87528406510859 1.89309153761011
   endloop
endfacet
facet normal 0.645545706954194 -0.76364555393776 -0.0107799899861291
   outer loop
      vertex 6.16278353456023 -7.87528406510859 1.89309153761011
      vertex 6.73494696601941 -7.39192054644162 1.91528496165026
      vertex 6.41093638256734 -7.67462668138811 2.539
   endloop
endfacet
facet normal 0.644733100889118 -0.764301342395728 -0.0127548669138945
   outer loop
      vertex 6.51711156093352 -7.58467249802828 1.29565220874934
      vertex 6.13149774554756 -7.8996667902099 0.678834281037438
      vertex 6.75360141702733 -7.37488087360917 0.678540170508575
   endloop
endfacet
facet normal 0.64474514666755 -0.76430168732394 0.0121089472051699
   outer loop
      vertex 6.75360141702733 -7.37488087360917 0.678540170508575
      vertex 6.13149774554756 -7.8996667902099 0.678834281037438
      vertex 6.42154874587005 -7.6657492591667 -0.000449469536096814
   endloop
endfacet
facet normal 0.645797472682899 -0.763387911441833 -0.0135838485289378
   outer loop
      vertex 6.74076991748278 -7.38661092244333 -1.75935620206282
      vertex 6.42755947259978 -7.66071009934411 -1.24599031433014
      vertex 6.13055832033442 -7.90039585596686 -1.89598168809086
   endloop
endfacet
facet normal 0.642572163033312 -0.766143545663605 0.0111840391939003
   outer loop
      vertex 6.74076991748278 -7.38661092244333 -1.75935620206282
      vertex 6.13055832033442 -7.90039585596686 -1.89598168809086
      vertex 6.41093638256734 -7.67462668138811 -2.539
   endloop
endfacet
facet normal -0.615208139695875 0.788363775815955 -0.00122549302388678
   outer loop
      vertex -6.38075329572233 7.69973943579447 -1.72299525070084
      vertex -6.34286981438547 7.73097681523866 -0.645720797863084
      vertex -5.93696813599098 8.04688817818588 -1.18504785676099
   endloop
endfacet
facet normal 0.646902065898993 -0.762472665267268 0.0123754537631655
   outer loop
      vertex 6.17496958689169 -7.86573268049217 -0.674148252030839
      vertex 6.42755947259978 -7.66071009934411 -1.24599031433014
      vertex 6.75359328435986 -7.374888321151 -0.678791182553357
   endloop
endfacet
facet normal -0.293392294942427 0.9559419650405 -0.00979391356523458
   outer loop
      vertex -3.02192420325493 9.53246946545238 -0.393532021147582
      vertex -2.56250187826042 9.66610490962682 -1.11267673565178
      vertex -3.31949414286723 9.43297188777059 -1.19088257822092
   endloop
endfacet
facet normal 0.646810678966689 -0.762580091745712 -0.0103705953422652
   outer loop
      vertex 6.17496958689169 -7.86573268049217 -0.674148252030839
      vertex 6.75359328435986 -7.374888321151 -0.678791182553357
      vertex 6.42154874587005 -7.6657492591667 -0.000449469536096814
   endloop
endfacet
facet normal 0.473104957485772 -0.880903832198177 0.0134215357150982
   outer loop
      vertex 4.36030256073491 -8.99932006202961 1.25295288716842
      vertex 4.59591617802904 -8.88130364780593 0.693489424828987
      vertex 5.09619366409604 -8.60399965934607 1.25932536957643
   endloop
endfacet
facet normal 0.585762615545086 -0.810433280390197 -0.00894741670892846
   outer loop
      vertex 6.13055832033442 -7.90039585596686 -1.89598168809086
      vertex 5.83204767634656 -8.12325180582386 -1.25294659831298
      vertex 5.59895288199604 -8.28563374915813 -1.8048919873379
   endloop
endfacet
facet normal -0.295484253210422 0.955266228052371 0.0124695487999419
   outer loop
      vertex -3.31949414286723 9.43297188777059 -1.19088257822092
      vertex -2.56250187826042 9.66610490962682 -1.11267673565178
      vertex -3.00075221523222 9.5391554208315 -1.77232483973425
   endloop
endfacet
facet normal 0.587547021622555 -0.809161056882621 0.00684699985870606
   outer loop
      vertex 6.13055832033442 -7.90039585596686 -1.89598168809086
      vertex 5.59895288199604 -8.28563374915813 -1.8048919873379
      vertex 5.78092000447845 -8.15971592041174 -2.539
   endloop
endfacet
facet normal 0.539490589580358 0.841914286326051 0.0114121967356383
   outer loop
      vertex 5.78092000447838 8.15971592041179 2.539
      vertex 5.58114305106774 8.29764076370616 1.80793044152623
      vertex 5.11465341913612 8.59303906671669 2.06789048003602
   endloop
endfacet
facet normal 0.589601573738942 -0.807632215481964 0.0100094335632645
   outer loop
      vertex 5.61520759537782 -8.27462649675568 -0.694056232706534
      vertex 5.83204767634656 -8.12325180582386 -1.25294659831298
      vertex 6.17496958689169 -7.86573268049217 -0.674148252030839
   endloop
endfacet
facet normal 0.545194772093495 0.838309405662738 0.0000293139684069497
   outer loop
      vertex 5.78092000447838 8.15971592041179 2.539
      vertex 5.11465341913612 8.59303906671669 2.06789048003602
      vertex 5.11435479206999 8.59321680518016 2.539
   endloop
endfacet
facet normal 0.590018574439508 -0.807355829558749 -0.00739231316135731
   outer loop
      vertex 5.61520759537782 -8.27462649675568 -0.694056232706534
      vertex 6.17496958689169 -7.86573268049217 -0.674148252030839
      vertex 5.78791553391905 -8.15475528585736 -0.00115122913680121
   endloop
endfacet
facet normal -0.63330025579447 0.773649951481264 0.0199132765686071
   outer loop
      vertex -6.47188522492136 7.62329991771573 0.729622907271942
      vertex -6.704652805477 7.4194090571965 1.24829124425028
      vertex -6.01869580405209 7.98594395286404 1.05329821706792
   endloop
endfacet
facet normal 0.586792403721135 0.809719472341875 0.00538990218544476
   outer loop
      vertex 6.01736022760536 7.98695034986654 -1.3085991305444
      vertex 5.63594844184853 8.26051361362144 -0.881868382388309
      vertex 6.12383963155669 7.90560485775602 -0.680438647990712
   endloop
endfacet
facet normal -0.639396193457719 0.768713559759219 -0.0158735891999457
   outer loop
      vertex -6.01869580405209 7.98594395286404 1.05329821706792
      vertex -6.704652805477 7.4194090571965 1.24829124425028
      vertex -6.36029987239496 7.71664341104425 1.77181012241341
   endloop
endfacet
facet normal 0.589522732268987 0.807738027605615 -0.00471454111213809
   outer loop
      vertex 6.12383963155669 7.90560485775602 -0.680438647990712
      vertex 5.63594844184853 8.26051361362144 -0.881868382388309
      vertex 5.78791553391898 8.15475528585741 0.00115122913680121
   endloop
endfacet
facet normal 0.644859013282795 0.764236504564455 -0.00997086149955147
   outer loop
      vertex 6.50747983245282 7.59293791823822 -1.29842055182167
      vertex 6.72295890006365 7.40282538143748 -1.93400471635422
      vertex 6.17371018808053 7.86672120477081 -1.90009189447333
   endloop
endfacet
facet normal 0.645581835310675 0.763624143745429 0.010112418403171
   outer loop
      vertex 6.17371018808053 7.86672120477081 -1.90009189447333
      vertex 6.72295890006365 7.40282538143748 -1.93400471635422
      vertex 6.41093638256726 7.67462668138818 -2.539
   endloop
endfacet
facet normal 0.643529199204136 0.765322955089323 0.0122859344385903
   outer loop
      vertex 6.50747983245282 7.59293791823822 -1.29842055182167
      vertex 6.12383963155669 7.90560485775602 -0.680438647990712
      vertex 6.73790736974549 7.38922216993977 -0.678077835883868
   endloop
endfacet
facet normal 0.643588407770934 0.765284288261786 -0.011572360283222
   outer loop
      vertex 6.73790736974549 7.38922216993977 -0.678077835883868
      vertex 6.12383963155669 7.90560485775602 -0.680438647990712
      vertex 6.38917372306555 7.69275367709695 0
   endloop
endfacet
facet normal 0.364260797735326 0.931243473000135 0.00998324736102726
   outer loop
      vertex 3.57102953544807 9.34065030160949 1.29840389261426
      vertex 3.30102230637012 9.43945187671651 1.93394125718592
      vertex 3.97108816155389 9.17771533733568 1.90005659138826
   endloop
endfacet
facet normal 0.363377938733354 0.931586774283687 -0.0101269749487851
   outer loop
      vertex 3.97108816155389 9.17771533733568 1.90005659138826
      vertex 3.30102230637012 9.43945187671651 1.93394125718592
      vertex 3.68863924008639 9.2948340790191 2.539
   endloop
endfacet
facet normal 0.365838775482867 0.930597105781746 -0.0122889000253787
   outer loop
      vertex 3.57102953544807 9.34065030160949 1.29840389261426
      vertex 4.02875628155055 9.15254734070613 0.680457722487413
      vertex 3.28201118963526 9.44607868647668 0.678106886059685
   endloop
endfacet
facet normal 0.365776821678582 0.930630614718244 0.0115747860393518
   outer loop
      vertex 3.28201118963526 9.44607868647668 0.678106886059685
      vertex 4.02875628155055 9.15254734070613 0.680457722487413
      vertex 3.71494253505021 9.28435253322894 0
   endloop
endfacet
facet normal 0.974074026993738 0.225997563878547 -0.0102416335203568
   outer loop
      vertex 9.6318335443495 2.68845356551748 -1.70452612122925
      vertex 9.71583702166104 2.36696239271366 -0.809221329666115
      vertex 9.81734345235808 1.90256866852207 -1.40259079762062
   endloop
endfacet
facet normal 0.542149502359383 -0.8402606108255 0.00600191524681483
   outer loop
      vertex 5.66002350834748 -8.24403626174423 1.65476787068586
      vertex 5.78092000447845 -8.15971592041174 2.539
      vertex 5.11327256422056 -8.59386081362674 2.06746290627326
   endloop
endfacet
facet normal 0.977028312113007 -0.212996160256173 -0.00695075864464279
   outer loop
      vertex 9.72285557702147 -2.33796480477841 -0.823865274644919
      vertex 9.67588672641321 -2.52531504126129 -1.6849246415025
      vertex 9.8396553635041 -1.78358692736433 -1.394113959792
   endloop
endfacet
facet normal 0.974074026993737 -0.225997563878551 0.0102416335203526
   outer loop
      vertex 9.6318335443495 -2.68845356551749 1.70452612122925
      vertex 9.71583702166104 -2.36696239271366 0.809221329666111
      vertex 9.81734345235808 -1.90256866852209 1.40259079762063
   endloop
endfacet
facet normal 0.545194769244745 -0.838309401282398 -0.000106347152820748
   outer loop
      vertex 5.11327256422056 -8.59386081362674 2.06746290627326
      vertex 5.78092000447845 -8.15971592041174 2.539
      vertex 5.11435479207007 -8.59321680518011 2.539
   endloop
endfacet
facet normal 0.977028312113009 0.212996160256161 0.00695075864464502
   outer loop
      vertex 9.72285557702148 2.33796480477838 0.823865274644915
      vertex 9.67588672641322 2.52531504126127 1.6849246415025
      vertex 9.8396553635041 1.78358692736431 1.394113959792
   endloop
endfacet
facet normal 0.36441383557984 -0.931151145262295 0.0126531069190835
   outer loop
      vertex 3.29709484719253 -9.44082441149164 1.78286236634769
      vertex 3.67947380615101 -9.29846613747927 1.24646342193763
      vertex 4.0259422334267 -9.15378550836271 1.91520391883047
   endloop
endfacet
facet normal 0.368161101333401 -0.929695250599236 -0.0111420140998725
   outer loop
      vertex 3.29709484719253 -9.44082441149164 1.78286236634769
      vertex 4.0259422334267 -9.15378550836271 1.91520391883047
      vertex 3.68863924008639 -9.2948340790191 2.539
   endloop
endfacet
facet normal 0.363058124619727 -0.931690288554162 -0.0119165582895782
   outer loop
      vertex 3.97590982234983 -9.175627558077 0.673814238157312
      vertex 3.67947380615101 -9.29846613747927 1.24646342193763
      vertex 3.28201118963527 -9.44607868647667 0.678106886059688
   endloop
endfacet
facet normal 0.363182863032223 -0.93166768368366 0.00967135870705877
   outer loop
      vertex 3.97590982234983 -9.175627558077 0.673814238157312
      vertex 3.28201118963527 -9.44607868647667 0.678106886059688
      vertex 3.71494253505021 -9.28435253322894 0
   endloop
endfacet
facet normal 0.36426079773534 -0.931243473000129 -0.0099832473610285
   outer loop
      vertex 3.57102953544807 -9.34065030160949 -1.29840389261425
      vertex 3.30102230637013 -9.43945187671651 -1.93394125718591
      vertex 3.97108816155392 -9.17771533733566 -1.90005659138826
   endloop
endfacet
facet normal 0.363377938733368 -0.931586774283682 0.0101269749487894
   outer loop
      vertex 3.97108816155392 -9.17771533733566 -1.90005659138826
      vertex 3.30102230637013 -9.43945187671651 -1.93394125718591
      vertex 3.68863924008639 -9.2948340790191 -2.539
   endloop
endfacet
facet normal 0.365838775482859 -0.930597105781749 0.0122889000253905
   outer loop
      vertex 3.57102953544807 -9.34065030160949 -1.29840389261425
      vertex 4.02875628155057 -9.15254734070612 -0.680457722487417
      vertex 3.28201118963526 -9.44607868647667 -0.678106886059687
   endloop
endfacet
facet normal 0.365776821678574 -0.930630614718248 -0.0115747860393603
   outer loop
      vertex 3.28201118963526 -9.44607868647667 -0.678106886059687
      vertex 4.02875628155057 -9.15254734070612 -0.680457722487417
      vertex 3.71494253505021 -9.28435253322894 0
   endloop
endfacet
facet normal 0.364413835579836 0.931151145262297 -0.0126531069190598
   outer loop
      vertex 3.29709484719253 9.44082441149164 -1.78286236634769
      vertex 3.67947380615098 9.29846613747927 -1.24646342193763
      vertex 4.02594223342669 9.15378550836272 -1.91520391883047
   endloop
endfacet
facet normal 0.368161101333393 0.929695250599239 0.0111420140998675
   outer loop
      vertex 3.29709484719253 9.44082441149164 -1.78286236634769
      vertex 4.02594223342669 9.15378550836272 -1.91520391883047
      vertex 3.68863924008639 9.2948340790191 -2.539
   endloop
endfacet
facet normal 0.363057159115426 0.931690674706593 0.0119157828030773
   outer loop
      vertex 3.97589401945399 9.17563440564575 -0.673802886415822
      vertex 3.67947380615098 9.29846613747927 -1.24646342193763
      vertex 3.28201118963527 9.44607868647667 -0.678106886059686
   endloop
endfacet
facet normal 0.363182198381535 0.931667947836435 -0.00967087136717821
   outer loop
      vertex 3.97589401945399 9.17563440564575 -0.673802886415822
      vertex 3.28201118963527 9.44607868647667 -0.678106886059686
      vertex 3.71494253505021 9.28435253322894 0
   endloop
endfacet
facet normal -0.935095420359634 0.354065528462913 0.0153021690200497
   outer loop
      vertex -9.20382859052643 3.91018404633444 1.75970631072866
      vertex -9.36238656979472 3.5136473524996 1.24560493023935
      vertex -9.48545174554848 3.16641835247196 1.75952796487829
   endloop
endfacet
facet normal -0.9351557521529 0.354094449989157 -0.0100418973416538
   outer loop
      vertex -9.20382859052643 3.91018404633444 1.75970631072866
      vertex -9.48545174554848 3.16641835247196 1.75952796487829
      vertex -9.36633497013625 3.5031085091962 2.539
   endloop
endfacet
facet normal -0.935067114160196 0.354213058396441 -0.0135130040169976
   outer loop
      vertex -9.48253936489282 3.1751294766132 0.686401013817581
      vertex -9.36238656979472 3.5136473524996 1.24560493023935
      vertex -9.20512454960504 3.90713219974173 0.677776177889101
   endloop
endfacet
facet normal -0.935016514907018 0.354468614966018 0.00980397139972184
   outer loop
      vertex -9.48253936489282 3.1751294766132 0.686401013817581
      vertex -9.20512454960504 3.90713219974173 0.677776177889101
      vertex -9.32852370705988 3.60258871463589 -0.0799925344620944
   endloop
endfacet
facet normal -0.633508470330865 -0.77351846387834 -0.01833586808257
   outer loop
      vertex -6.40482217259031 -7.67973000420559 -0.597743711781664
      vertex -6.69942513767131 -7.42412976885088 -1.20191623337868
      vertex -5.97617660089253 -8.01781224742415 -1.14518127820579
   endloop
endfacet
facet normal -0.935020221458876 -0.354266801840431 0.0152387196557454
   outer loop
      vertex -9.35908479395062 -3.52243265650918 1.24783621257151
      vertex -9.20382859052637 -3.91018404633459 1.75970631072866
      vertex -9.48627451451651 -3.16395256526304 1.77758116101816
   endloop
endfacet
facet normal -0.635225782463508 -0.772109710226468 0.0182975590618706
   outer loop
      vertex -5.97617660089253 -8.01781224742415 -1.14518127820579
      vertex -6.69942513767131 -7.42412976885088 -1.20191623337868
      vertex -6.36026488035626 -7.71667225244838 -1.77202246288435
   endloop
endfacet
facet normal -0.935281856857936 -0.353755398557943 -0.0102453025080625
   outer loop
      vertex -9.48627451451651 -3.16395256526304 1.77758116101816
      vertex -9.20382859052637 -3.91018404633459 1.75970631072866
      vertex -9.3663349701362 -3.50310850919633 2.539
   endloop
endfacet
facet normal 0.540042023320986 -0.84157270684106 -0.0104877141259243
   outer loop
      vertex 5.78092000447845 -8.15971592041174 -2.539
      vertex 5.59895288199604 -8.28563374915813 -1.8048919873379
      vertex 5.11758673082865 -8.59129245529719 -2.06461736762409
   endloop
endfacet
facet normal -0.934288668388421 -0.356296789608448 -0.0125412055124443
   outer loop
      vertex -9.35908479395062 -3.52243265650918 1.24783621257151
      vertex -9.48375691092363 -3.1714909513521 0.565313569368665
      vertex -9.20014862805097 -3.91883467650421 0.669303975665487
   endloop
endfacet
facet normal 0.545194745494252 -0.838309364762858 -0.000313745678799367
   outer loop
      vertex 5.78092000447845 -8.15971592041174 -2.539
      vertex 5.11758673082865 -8.59129245529719 -2.06461736762409
      vertex 5.11435479207007 -8.59321680518011 -2.539
   endloop
endfacet
facet normal -0.935395549336411 -0.353429325957288 0.0110850275151194
   outer loop
      vertex -9.20014862805097 -3.91883467650421 0.669303975665487
      vertex -9.48375691092363 -3.1714909513521 0.565313569368665
      vertex -9.33098642644723 -3.59620526520074 -0.084722022236138
   endloop
endfacet
facet normal -0.935093362162011 -0.354064714624669 -0.0154460965391696
   outer loop
      vertex -9.20382859052637 -3.91018404633458 -1.75970631072866
      vertex -9.35996842949918 -3.52008394768914 -1.24924420979776
      vertex -9.48545174554844 -3.1664183524721 -1.75952796487829
   endloop
endfacet
facet normal -0.935155752152892 -0.354094449989179 0.010041897341647
   outer loop
      vertex -9.20382859052637 -3.91018404633458 -1.75970631072866
      vertex -9.48545174554844 -3.1664183524721 -1.75952796487829
      vertex -9.3663349701362 -3.50310850919633 -2.539
   endloop
endfacet
facet normal -0.934311749129272 -0.356222489707114 0.0129264560442848
   outer loop
      vertex -9.47175394854831 -3.20716029193422 -0.705559236354441
      vertex -9.35996842949918 -3.52008394768914 -1.24924420979776
      vertex -9.20014862805097 -3.91883467650421 -0.686248380112716
   endloop
endfacet
facet normal -0.934101286709461 -0.356813076541067 -0.0117989227062469
   outer loop
      vertex -9.47175394854831 -3.20716029193422 -0.705559236354441
      vertex -9.20014862805097 -3.91883467650421 -0.686248380112716
      vertex -9.33098642644723 -3.59620526520074 -0.084722022236138
   endloop
endfacet
facet normal -0.934824367054949 0.354798060809875 -0.0148908967448867
   outer loop
      vertex -9.35431114456092 3.53509024082035 -1.24985095144568
      vertex -9.20382859052643 3.91018404633444 -1.75970631072866
      vertex -9.48352968586432 3.17217034494213 -1.78485124979475
   endloop
endfacet
facet normal -0.935162489318854 0.354076348591722 0.0100527577767485
   outer loop
      vertex -9.48352968586432 3.17217034494213 -1.78485124979475
      vertex -9.20382859052643 3.91018404633444 -1.75970631072866
      vertex -9.36633497013625 3.5031085091962 -2.539
   endloop
endfacet
facet normal -0.931505453124715 0.363497817083427 0.0129200531926746
   outer loop
      vertex -9.35431114456092 3.53509024082035 -1.24985095144568
      vertex -9.46115148253486 3.23830397346025 -0.602887447141943
      vertex -9.1731100193241 3.98171477800404 -0.751184897042922
   endloop
endfacet
facet normal -0.933265287988956 0.358939750762367 -0.0133475674765254
   outer loop
      vertex -9.1731100193241 3.98171477800404 -0.751184897042922
      vertex -9.46115148253486 3.23830397346025 -0.602887447141943
      vertex -9.32852370705988 3.60258871463589 -0.0799925344620944
   endloop
endfacet
facet normal 0.431935270792693 0.901888430047207 -0.00540199891030605
   outer loop
      vertex 4.15128373308903 9.09762844742466 1.30859807841791
      vertex 4.57362903692067 8.89280143895252 0.881853097173123
      vertex 4.02875628155055 9.15254734070613 0.680457722487413
   endloop
endfacet
facet normal 0.428887017294077 0.903345783447777 0.00472460831314547
   outer loop
      vertex 4.02875628155055 9.15254734070613 0.680457722487413
      vertex 4.57362903692067 8.89280143895252 0.881853097173123
      vertex 4.40782576306192 8.97613903872303 -0.001140263539956
   endloop
endfacet
facet normal 0.434464266005073 -0.900641200255127 0.00928600924389337
   outer loop
      vertex 4.0259422334267 -9.15378550836271 1.91520391883047
      vertex 4.36030256073491 -8.99932006202961 1.25295288716842
      vertex 4.63199079761296 -8.86254259514891 1.80739897769352
   endloop
endfacet
facet normal 0.432040682544377 -0.901822676455378 -0.00753052836444656
   outer loop
      vertex 4.0259422334267 -9.15378550836271 1.91520391883047
      vertex 4.63199079761296 -8.86254259514891 1.80739897769352
      vertex 4.41545497561351 -8.97238860941332 2.539
   endloop
endfacet
facet normal 0.429077636789257 -0.90321416158485 -0.00982649072268169
   outer loop
      vertex 4.59591617802904 -8.88130364780593 0.693489424828987
      vertex 4.36030256073491 -8.99932006202961 1.25295288716842
      vertex 3.97590982234983 -9.175627558077 0.673814238157312
   endloop
endfacet
facet normal 0.428643358251073 -0.903444280531431 0.00730091790716669
   outer loop
      vertex 4.59591617802904 -8.88130364780593 0.693489424828987
      vertex 3.97590982234983 -9.175627558077 0.673814238157312
      vertex 4.40782576306195 -8.97613903872301 0.00114026353995578
   endloop
endfacet
facet normal 0.431942014026684 -0.901885153388985 0.00540986276159602
   outer loop
      vertex 4.1514908953059 -9.09753391563846 -1.30865202249626
      vertex 4.57371553569825 -8.89275695150342 -0.88188663704399
      vertex 4.02875628155057 -9.15254734070612 -0.680457722487417
   endloop
endfacet
facet normal 0.428890652780172 -0.903344044464803 -0.00472708025832976
   outer loop
      vertex 4.02875628155057 -9.15254734070612 -0.680457722487417
      vertex 4.57371553569825 -8.89275695150342 -0.88188663704399
      vertex 4.40782576306195 -8.97613903872301 0.00114026353995578
   endloop
endfacet
facet normal 0.434473248921825 0.900636797410467 -0.0092927456400668
   outer loop
      vertex 4.02594223342669 9.15378550836272 -1.91520391883047
      vertex 4.36024010971553 8.99935032019689 -1.25302382910645
      vertex 4.63229284866371 8.86238472219633 -1.807931965998
   endloop
endfacet
facet normal 0.432059826782019 0.901813382170242 0.00754518520387436
   outer loop
      vertex 4.02594223342669 9.15378550836272 -1.91520391883047
      vertex 4.63229284866371 8.86238472219633 -1.807931965998
      vertex 4.41545497561351 8.97238860941332 -2.539
   endloop
endfacet
facet normal 0.429076249098752 0.903214827016674 0.00982592064829072
   outer loop
      vertex 4.59590817386121 8.8813077898154 -0.693463574150502
      vertex 4.36024010971553 8.99935032019689 -1.25302382910645
      vertex 3.97589401945399 9.17563440564575 -0.673802886415822
   endloop
endfacet
facet normal 0.428642309655544 0.903444776619302 -0.00730109392219481
   outer loop
      vertex 4.59590817386121 8.8813077898154 -0.693463574150502
      vertex 3.97589401945399 9.17563440564575 -0.673802886415822
      vertex 4.40782576306192 8.97613903872303 -0.001140263539956
   endloop
endfacet
facet normal -0.99268044126959 0.119785265276941 0.0153958352597153
   outer loop
      vertex -9.8673216075867 1.62356530279894 1.75929699765305
      vertex -9.93443501073733 1.1432414519411 1.16910863777894
      vertex -9.97030894605477 0.770025662053074 1.75981374100147
   endloop
endfacet
facet normal -0.992730312700513 0.119774785085897 -0.0118544128142097
   outer loop
      vertex -9.8673216075867 1.62356530279894 1.75929699765305
      vertex -9.97030894605477 0.770025662053074 1.75981374100147
      vertex -9.92892073547959 1.19018193086751 2.539
   endloop
endfacet
facet normal -0.990911505484715 0.134012829202001 -0.0116167941916763
   outer loop
      vertex -9.96006878757171 0.892765224927467 0.466141597046196
      vertex -9.93443501073733 1.1432414519411 1.16910863777894
      vertex -9.84887639465452 1.73194508077389 0.662326980868984
   endloop
endfacet
facet normal -0.991657980334725 0.128144539935895 0.0139078007992726
   outer loop
      vertex -9.96006878757171 0.892765224927467 0.466141597046196
      vertex -9.84887639465452 1.73194508077389 0.662326980868984
      vertex -9.89751932225546 1.42797453253892 -0.00528261598193547
   endloop
endfacet
facet normal 0.542202294847462 0.840226564196878 -0.00599935663674661
   outer loop
      vertex 5.66050607709947 8.2437049286786 -1.65872426217554
      vertex 5.78092000447838 8.15971592041179 -2.539
      vertex 5.11437405631438 8.59320533980763 -2.06785235367488
   endloop
endfacet
facet normal -0.998970679330248 -0.0435518054489167 0.012681564595968
   outer loop
      vertex -9.99250016159128 -0.38722153942971 1.13928961397266
      vertex -9.96514178385933 -0.834235714640003 1.75924015218092
      vertex -9.99990604032172 -0.0433495644400904 1.73684913356909
   endloop
endfacet
facet normal -0.998975323291429 -0.0441880313303844 -0.00978372842684974
   outer loop
      vertex -9.99990604032172 -0.0433495644400904 1.73684913356909
      vertex -9.96514178385933 -0.834235714640003 1.75924015218092
      vertex -9.99209397223903 -0.397565151823375 2.539
   endloop
endfacet
facet normal -0.999069710576295 -0.0403113054225749 -0.01532031540555
   outer loop
      vertex -9.99250016159128 -0.38722153942971 1.13928961397266
      vertex -9.99996660090097 0.0258453257867399 0.539316900604851
      vertex -9.96202893086309 -0.870620227565791 0.42413126271429
   endloop
endfacet
facet normal -0.99879963119309 -0.0448101797713537 0.0197824295122423
   outer loop
      vertex -9.96202893086309 -0.870620227565791 0.42413126271429
      vertex -9.99996660090097 0.0258453257867399 0.539316900604851
      vertex -9.99457449107795 -0.329364148464782 0.00695746069905478
   endloop
endfacet
facet normal -0.992324399156231 -0.122976016233259 0.0130071622817056
   outer loop
      vertex -9.93168846116251 -1.16686087877327 1.16661517586434
      vertex -9.86732160758667 -1.62356530279909 1.75929699765305
      vertex -9.96514178385933 -0.834235714640003 1.75924015218092
   endloop
endfacet
facet normal -0.992358107498853 -0.122981853617753 -0.0100424181368649
   outer loop
      vertex -9.96514178385933 -0.834235714640003 1.75924015218092
      vertex -9.86732160758667 -1.62356530279909 1.75929699765305
      vertex -9.92892073547957 -1.19018193086764 2.539
   endloop
endfacet
facet normal -0.991537632178666 -0.129345094494126 -0.01108920663668
   outer loop
      vertex -9.85885017923418 -1.67423807847459 0.571879594526048
      vertex -9.93168846116251 -1.16686087877327 1.16661517586434
      vertex -9.96202893086309 -0.870620227565791 0.42413126271429
   endloop
endfacet
facet normal -0.992077503838902 -0.124908755177384 0.0134174981576531
   outer loop
      vertex -9.85885017923418 -1.67423807847459 0.571879594526048
      vertex -9.96202893086309 -0.870620227565791 0.42413126271429
      vertex -9.89751932225544 -1.42797453253908 0.00528261598193547
   endloop
endfacet
facet normal -0.992632660577256 -0.120193108453681 -0.0152976415032033
   outer loop
      vertex -9.86732160758667 -1.62356530279909 -1.75929699765305
      vertex -9.92055231689878 -1.25803089297291 -1.17725801842608
      vertex -9.96961315011402 -0.778982436948116 -1.75767020962017
   endloop
endfacet
facet normal -0.992676014827825 -0.120250140874752 0.0115859054522955
   outer loop
      vertex -9.86732160758667 -1.62356530279909 -1.75929699765305
      vertex -9.96961315011402 -0.778982436948116 -1.75767020962017
      vertex -9.92892073547957 -1.19018193086764 -2.539
   endloop
endfacet
facet normal -0.991732483040135 -0.127668211645297 0.0129425584155495
   outer loop
      vertex -9.96194578277443 -0.871571122205557 -0.536937701056147
      vertex -9.92055231689878 -1.25803089297291 -1.17725801842608
      vertex -9.86189392872259 -1.65621500374334 -0.610293173156019
   endloop
endfacet
facet normal -0.992036516328843 -0.125479103984087 -0.0108878250116702
   outer loop
      vertex -9.96194578277443 -0.871571122205557 -0.536937701056147
      vertex -9.86189392872259 -1.65621500374334 -0.610293173156019
      vertex -9.89751932225544 -1.42797453253908 0.00528261598193547
   endloop
endfacet
facet normal 0.545194772326764 0.838309406021422 -0.00000189162719004514
   outer loop
      vertex 5.11437405631438 8.59320533980763 -2.06785235367488
      vertex 5.78092000447838 8.15971592041179 -2.539
      vertex 5.11435479206999 8.59321680518016 -2.539
   endloop
endfacet
facet normal -0.998951345899752 0.0441258688712038 -0.012211315303265
   outer loop
      vertex -9.9926230508901 0.384037189370954 -1.13792726270408
      vertex -9.96514178385934 0.834235714639833 -1.75924015218092
      vertex -9.99985500828431 0.0538499144964495 -1.73945352250443
   endloop
endfacet
facet normal -0.998956232649535 0.0446768122097352 0.00950934810725277
   outer loop
      vertex -9.99985500828431 0.0538499144964495 -1.73945352250443
      vertex -9.96514178385934 0.834235714639833 -1.75924015218092
      vertex -9.99209397223904 0.397565151823238 -2.539
   endloop
endfacet
facet normal -0.998932838828568 0.0443851183747658 0.012772813971691
   outer loop
      vertex -9.9926230508901 0.384037189370954 -1.13792726270408
      vertex -9.99994698913194 0.03256093596767 -0.489347183775727
      vertex -9.96172817278505 0.874054810375569 -0.424504347681169
   endloop
endfacet
facet normal -0.998797772116659 0.046547775320223 -0.0153725413493441
   outer loop
      vertex -9.96172817278505 0.874054810375569 -0.424504347681169
      vertex -9.99994698913194 0.03256093596767 -0.489347183775727
      vertex -9.99404678475374 0.345005600176927 0.0733764963921502
   endloop
endfacet
facet normal -0.992324399156235 0.12297601623323 -0.013007162281691
   outer loop
      vertex -9.93168846116252 1.16686087877311 -1.16661517586434
      vertex -9.8673216075867 1.62356530279894 -1.75929699765305
      vertex -9.96514178385934 0.834235714639833 -1.75924015218092
   endloop
endfacet
facet normal -0.992358107498857 0.122981853617724 0.0100424181368711
   outer loop
      vertex -9.96514178385934 0.834235714639833 -1.75924015218092
      vertex -9.8673216075867 1.62356530279894 -1.75929699765305
      vertex -9.92892073547959 1.19018193086751 -2.539
   endloop
endfacet
facet normal -0.990835606680675 0.134451930694609 0.0129413626110768
   outer loop
      vertex -9.85671148327356 1.68678354731815 -0.82775960804627
      vertex -9.93168846116252 1.16686087877311 -1.16661517586434
      vertex -9.96172817278505 0.874054810375569 -0.424504347681169
   endloop
endfacet
facet normal -0.99235065582078 0.123001072501923 -0.0105314792618884
   outer loop
      vertex -9.85671148327356 1.68678354731815 -0.82775960804627
      vertex -9.96172817278505 0.874054810375569 -0.424504347681169
      vertex -9.89751932225546 1.42797453253892 -0.00528261598193547
   endloop
endfacet
facet normal 0.288988873584491 0.957238068993321 0.0134428499324236
   outer loop
      vertex 2.9286232264869 9.56154621372932 1.2455339012807
      vertex 2.52449558079919 9.67610056079025 1.77612162427873
      vertex 3.30102230637012 9.43945187671651 1.93394125718592
   endloop
endfacet
facet normal 0.293741982611032 0.955808311514168 -0.0120879813109696
   outer loop
      vertex 3.30102230637012 9.43945187671651 1.93394125718592
      vertex 2.52449558079919 9.67610056079025 1.77612162427873
      vertex 2.93850273121602 9.55851461779685 2.539
   endloop
endfacet
facet normal 0.290337965082446 0.956823393315626 -0.0138874056524104
   outer loop
      vertex 2.9286232264869 9.56154621372932 1.2455339012807
      vertex 3.28201118963526 9.44607868647668 0.678106886059685
      vertex 2.52067876278427 9.67709556503646 0.678009394384295
   endloop
endfacet
facet normal 0.290344258261685 0.956854789006196 0.0113632939933733
   outer loop
      vertex 2.52067876278427 9.67709556503646 0.678009394384295
      vertex 3.28201118963526 9.44607868647668 0.678106886059685
      vertex 2.96560018516636 9.55014217390198 0
   endloop
endfacet
facet normal 0.213064778949275 0.976917395013824 0.0153558878187266
   outer loop
      vertex 2.1591447722718 9.76412278970166 1.24557220832884
      vertex 1.74004273760262 9.84744897277038 1.75958251937154
      vertex 2.52449558079919 9.67610056079025 1.77612162427873
   endloop
endfacet
facet normal 0.21359629994999 0.976866894297347 -0.0103774502422189
   outer loop
      vertex 2.52449558079919 9.67610056079025 1.77612162427873
      vertex 1.74004273760262 9.84744897277038 1.75958251937154
      vertex 2.16978805579826 9.76176314980625 2.539
   endloop
endfacet
facet normal 0.213356788585198 0.976875715629197 -0.0138822540876985
   outer loop
      vertex 2.1591447722718 9.76412278970166 1.24557220832884
      vertex 2.52067876278427 9.67709556503646 0.678009394384295
      vertex 1.74344674133119 9.84684687908478 0.67788033084383
   endloop
endfacet
facet normal 0.213359585868109 0.976907713868377 0.011358067734036
   outer loop
      vertex 1.74344674133119 9.84684687908478 0.67788033084383
      vertex 2.52067876278427 9.67709556503646 0.678009394384295
      vertex 2.1975735891377 9.75554561879162 0
   endloop
endfacet
facet normal -0.960272611223595 0.278635647930512 0.0154495254348686
   outer loop
      vertex -9.48545174554848 3.16641835247196 1.75952796487829
      vertex -9.61019042483341 2.76482187463139 1.24921827924802
      vertex -9.70708525193596 2.40260190452922 1.75939235936419
   endloop
endfacet
facet normal -0.960337603735165 0.278659032128052 -0.0100414473886062
   outer loop
      vertex -9.48545174554848 3.16641835247196 1.75952796487829
      vertex -9.70708525193596 2.40260190452922 1.75939235936419
      vertex -9.61504903550105 2.74787773470916 2.539
   endloop
endfacet
facet normal -0.959671188714231 0.280827375802596 -0.0129303732213075
   outer loop
      vertex -9.69671466697693 2.44412042813657 0.705775085111337
      vertex -9.61019042483341 2.76482187463139 1.24921827924802
      vertex -9.48253936489282 3.1751294766132 0.686401013817581
   endloop
endfacet
facet normal -0.959507870585669 0.281434801222342 0.0117940215828227
   outer loop
      vertex -9.69671466697693 2.44412042813657 0.705775085111337
      vertex -9.48253936489282 3.1751294766132 0.686401013817581
      vertex -9.58722104196382 2.84344732543545 0.0847408659034046
   endloop
endfacet
facet normal -0.979389466855992 0.20144418811671 0.0147143224626758
   outer loop
      vertex -9.70708525193596 2.40260190452922 1.75939235936419
      vertex -9.79375942046271 2.02046440555086 1.2219303394163
      vertex -9.8673216075867 1.62356530279894 1.75929699765305
   endloop
endfacet
facet normal -0.979445525881269 0.201458749003359 -0.0100416274162368
   outer loop
      vertex -9.70708525193596 2.40260190452922 1.75939235936419
      vertex -9.8673216075867 1.62356530279894 1.75929699765305
      vertex -9.80297366505604 1.97527398662 2.539
   endloop
endfacet
facet normal -0.977713253803292 0.209614286638138 -0.0117747260929247
   outer loop
      vertex -9.84887639465452 1.73194508077389 0.662326980868984
      vertex -9.79375942046271 2.02046440555086 1.2219303394163
      vertex -9.69671466697693 2.44412042813657 0.705775085111337
   endloop
endfacet
facet normal -0.977998630143156 0.208437512737785 0.00851367851148709
   outer loop
      vertex -9.84887639465452 1.73194508077389 0.662326980868984
      vertex -9.69671466697693 2.44412042813657 0.705775085111337
      vertex -9.78257681476965 2.07393125805349 -0.0943200862832314
   endloop
endfacet
facet normal -0.979383828280437 -0.201442981003117 0.0151010697413554
   outer loop
      vertex -9.79219874941679 -2.02801470702759 1.23619622649995
      vertex -9.70708525193592 -2.40260190452937 1.75939235936419
      vertex -9.86732160758667 -1.62356530279909 1.75929699765305
   endloop
endfacet
facet normal -0.979445525881266 -0.20145874900337 -0.0100416274162553
   outer loop
      vertex -9.86732160758667 -1.62356530279909 1.75929699765305
      vertex -9.70708525193592 -2.40260190452937 1.75939235936419
      vertex -9.80297366505602 -1.97527398662015 2.539
   endloop
endfacet
facet normal -0.978762093460721 -0.20471375126822 -0.0108187081520678
   outer loop
      vertex -9.79219874941679 -2.02801470702759 1.23619622649995
      vertex -9.85885017923418 -1.67423807847459 0.571879594526048
      vertex -9.70212014170842 -2.42257399388664 0.552767591387993
   endloop
endfacet
facet normal -0.978644633050593 -0.205252321272269 0.0112324001716494
   outer loop
      vertex -9.70212014170842 -2.42257399388664 0.552767591387993
      vertex -9.85885017923418 -1.67423807847459 0.571879594526048
      vertex -9.78230857881006 -2.0751961037307 -0.086086543027283
   endloop
endfacet
facet normal -0.960413052435845 -0.278193305553922 0.0146715185255435
   outer loop
      vertex -9.59278874331187 -2.82460689763886 1.2395344285218
      vertex -9.48627451451651 -3.16395256526304 1.77758116101816
      vertex -9.70708525193592 -2.40260190452937 1.75939235936419
   endloop
endfacet
facet normal -0.960309354042 -0.278754719646053 -0.0100871608734701
   outer loop
      vertex -9.70708525193592 -2.40260190452937 1.75939235936419
      vertex -9.48627451451651 -3.16395256526304 1.77758116101816
      vertex -9.61504903550101 -2.74787773470928 2.539
   endloop
endfacet
facet normal -0.959914721747239 -0.280070852860289 -0.0111375199676846
   outer loop
      vertex -9.59278874331187 -2.82460689763886 1.2395344285218
      vertex -9.70212014170842 -2.42257399388664 0.552767591387993
      vertex -9.48375691092363 -3.1714909513521 0.565313569368665
   endloop
endfacet
facet normal -0.960012048898998 -0.279718373099944 0.0115973151664019
   outer loop
      vertex -9.48375691092363 -3.1714909513521 0.565313569368665
      vertex -9.70212014170842 -2.42257399388664 0.552767591387993
      vertex -9.58648291837857 -2.84593486496722 -0.0860601276704722
   endloop
endfacet
facet normal 0.213064778949272 -0.976917395013824 0.0153558878187327
   outer loop
      vertex 1.74004273760259 -9.84744897277038 1.75958251937154
      vertex 2.15914477227179 -9.76412278970166 1.24557220832884
      vertex 2.52449558079917 -9.67610056079025 1.77612162427873
   endloop
endfacet
facet normal 0.213596299949988 -0.976866894297348 -0.0103774502422175
   outer loop
      vertex 1.74004273760259 -9.84744897277038 1.75958251937154
      vertex 2.52449558079917 -9.67610056079025 1.77612162427873
      vertex 2.16978805579823 -9.76176314980625 2.539
   endloop
endfacet
facet normal 0.213356788585188 -0.976875715629199 -0.0138822540876908
   outer loop
      vertex 2.52067876278425 -9.67709556503647 0.678009394384295
      vertex 2.15914477227179 -9.76412278970166 1.24557220832884
      vertex 1.74344674133118 -9.84684687908478 0.677880330843828
   endloop
endfacet
facet normal 0.213359585868098 -0.976907713868379 0.0113580677340353
   outer loop
      vertex 2.52067876278425 -9.67709556503647 0.678009394384295
      vertex 1.74344674133118 -9.84684687908478 0.677880330843828
      vertex 2.19757358913767 -9.75554561879163 0
   endloop
endfacet
facet normal 0.291161551178532 -0.956552413070895 0.0152457260751564
   outer loop
      vertex 2.52449558079917 -9.67610056079025 1.77612162427873
      vertex 2.92862322648688 -9.56154621372932 1.24553390128069
      vertex 3.29709484719253 -9.44082441149164 1.78286236634769
   endloop
endfacet
facet normal 0.291385871202311 -0.956545804837666 -0.0106956678674615
   outer loop
      vertex 2.52449558079917 -9.67610056079025 1.77612162427873
      vertex 3.29709484719253 -9.44082441149164 1.78286236634769
      vertex 2.93850273121602 -9.55851461779685 2.539
   endloop
endfacet
facet normal 0.29033796508246 -0.956823393315622 -0.0138874056524038
   outer loop
      vertex 3.28201118963527 -9.44607868647667 0.678106886059688
      vertex 2.92862322648688 -9.56154621372932 1.24553390128069
      vertex 2.52067876278425 -9.67709556503647 0.678009394384295
   endloop
endfacet
facet normal 0.290344258261699 -0.956854789006192 0.0113632939933727
   outer loop
      vertex 3.28201118963527 -9.44607868647667 0.678106886059688
      vertex 2.52067876278425 -9.67709556503647 0.678009394384295
      vertex 2.96560018516635 -9.55014217390198 0
   endloop
endfacet
facet normal 0.288988873584484 -0.957238068993323 -0.0134428499324236
   outer loop
      vertex 2.9286232264869 -9.56154621372932 -1.2455339012807
      vertex 2.52449558079918 -9.67610056079025 -1.77612162427873
      vertex 3.30102230637013 -9.43945187671651 -1.93394125718591
   endloop
endfacet
facet normal 0.293741982611025 -0.955808311514171 0.0120879813109693
   outer loop
      vertex 3.30102230637013 -9.43945187671651 -1.93394125718591
      vertex 2.52449558079918 -9.67610056079025 -1.77612162427873
      vertex 2.93850273121602 -9.55851461779685 -2.539
   endloop
endfacet
facet normal 0.290337965082463 -0.956823393315621 0.0138874056524164
   outer loop
      vertex 2.9286232264869 -9.56154621372932 -1.2455339012807
      vertex 3.28201118963526 -9.44607868647667 -0.678106886059687
      vertex 2.52067876278425 -9.67709556503647 -0.678009394384295
   endloop
endfacet
facet normal 0.290344258261702 -0.956854789006191 -0.0113632939933751
   outer loop
      vertex 2.52067876278425 -9.67709556503647 -0.678009394384295
      vertex 3.28201118963526 -9.44607868647667 -0.678106886059687
      vertex 2.96560018516635 -9.55014217390198 0
   endloop
endfacet
facet normal 0.213064778949272 -0.976917395013824 -0.0153558878187287
   outer loop
      vertex 2.15914477227179 -9.76412278970166 -1.24557220832884
      vertex 1.7400427376026 -9.84744897277038 -1.75958251937154
      vertex 2.52449558079918 -9.67610056079025 -1.77612162427873
   endloop
endfacet
facet normal 0.213596299949988 -0.976866894297348 0.0103774502422148
   outer loop
      vertex 2.52449558079918 -9.67610056079025 -1.77612162427873
      vertex 1.7400427376026 -9.84744897277038 -1.75958251937154
      vertex 2.16978805579823 -9.76176314980625 -2.539
   endloop
endfacet
facet normal 0.213356788585191 -0.976875715629199 0.0138822540876891
   outer loop
      vertex 2.15914477227179 -9.76412278970166 -1.24557220832884
      vertex 2.52067876278425 -9.67709556503647 -0.678009394384295
      vertex 1.74344674133119 -9.84684687908478 -0.67788033084383
   endloop
endfacet
facet normal 0.213359585868101 -0.976907713868378 -0.011358067734034
   outer loop
      vertex 1.74344674133119 -9.84684687908478 -0.67788033084383
      vertex 2.52067876278425 -9.67709556503647 -0.678009394384295
      vertex 2.19757358913767 -9.75554561879163 0
   endloop
endfacet
facet normal -0.960283274115392 -0.27863887306376 -0.0147109439527719
   outer loop
      vertex -9.48545174554844 -3.1664183524721 -1.75952796487829
      vertex -9.60216982912156 -2.7925498335227 -1.22196078541105
      vertex -9.70708525193592 -2.40260190452937 -1.75939235936419
   endloop
endfacet
facet normal -0.960337603735164 -0.278659032128055 0.0100414473885949
   outer loop
      vertex -9.48545174554844 -3.1664183524721 -1.75952796487829
      vertex -9.70708525193592 -2.40260190452937 -1.75939235936419
      vertex -9.61504903550101 -2.74787773470928 -2.539
   endloop
endfacet
facet normal -0.959070068748842 -0.282761355239235 0.0151861520261766
   outer loop
      vertex -9.69665088947648 -2.44437344274867 -0.705907011288043
      vertex -9.60216982912156 -2.7925498335227 -1.22196078541105
      vertex -9.47175394854831 -3.20716029193422 -0.705559236354441
   endloop
endfacet
facet normal -0.959099464361597 -0.282782751276534 -0.0127331473631147
   outer loop
      vertex -9.69665088947648 -2.44437344274867 -0.705907011288043
      vertex -9.47175394854831 -3.20716029193422 -0.705559236354441
      vertex -9.58648291837857 -2.84593486496722 -0.0860601276704722
   endloop
endfacet
facet normal -0.979389466855989 -0.201444188116721 -0.0147143224626878
   outer loop
      vertex -9.70708525193592 -2.40260190452937 -1.75939235936419
      vertex -9.79375942046268 -2.02046440555102 -1.2219303394163
      vertex -9.86732160758667 -1.62356530279909 -1.75929699765305
   endloop
endfacet
facet normal -0.979445525881266 -0.20145874900337 0.0100416274162553
   outer loop
      vertex -9.70708525193592 -2.40260190452937 -1.75939235936419
      vertex -9.86732160758667 -1.62356530279909 -1.75929699765305
      vertex -9.80297366505602 -1.97527398662015 -2.539
   endloop
endfacet
facet normal -0.978275156619571 -0.206824227312352 0.0141935526772801
   outer loop
      vertex -9.86189392872259 -1.65621500374334 -0.610293173156019
      vertex -9.79375942046268 -2.02046440555102 -1.2219303394163
      vertex -9.69665088947648 -2.44437344274867 -0.705907011288043
   endloop
endfacet
facet normal -0.978965347065886 -0.203541754732369 -0.0140571449675007
   outer loop
      vertex -9.86189392872259 -1.65621500374334 -0.610293173156019
      vertex -9.69665088947648 -2.44437344274867 -0.705907011288043
      vertex -9.78230857881006 -2.0751961037307 -0.086086543027283
   endloop
endfacet
facet normal -0.979482667107666 0.200992731064699 -0.0146842396741155
   outer loop
      vertex -9.78670483012754 2.05436329989569 -1.24006481787627
      vertex -9.70770290822369 2.40010504888125 -1.77733708912835
      vertex -9.8673216075867 1.62356530279894 -1.75929699765305
   endloop
endfacet
facet normal -0.979424975608439 0.201556350760029 0.0100873496374476
   outer loop
      vertex -9.8673216075867 1.62356530279894 -1.75929699765305
      vertex -9.70770290822369 2.40010504888125 -1.77733708912835
      vertex -9.80297366505604 1.97527398662 -2.539
   endloop
endfacet
facet normal -0.978669264681317 0.204786462201588 0.0164004654533999
   outer loop
      vertex -9.78670483012754 2.05436329989569 -1.24006481787627
      vertex -9.85671148327356 1.68678354731815 -0.82775960804627
      vertex -9.68579861077018 2.48702739663287 -0.621175931056087
   endloop
endfacet
facet normal -0.977158426779607 0.212102445795182 -0.0131894450719105
   outer loop
      vertex -9.68579861077018 2.48702739663287 -0.621175931056087
      vertex -9.85671148327356 1.68678354731815 -0.82775960804627
      vertex -9.78257681476965 2.07393125805349 -0.0943200862832314
   endloop
endfacet
facet normal -0.960267350092236 0.278671451055248 -0.015127415959045
   outer loop
      vertex -9.5966113165559 2.81159229600437 -1.24901685784692
      vertex -9.48352968586432 3.17217034494213 -1.78485124979475
      vertex -9.70770290822369 2.40010504888125 -1.77733708912835
   endloop
endfacet
facet normal -0.960256992818152 0.278918261965268 0.0105409148613112
   outer loop
      vertex -9.70770290822369 2.40010504888125 -1.77733708912835
      vertex -9.48352968586432 3.17217034494213 -1.78485124979475
      vertex -9.61504903550105 2.74787773470916 -2.539
   endloop
endfacet
facet normal -0.958096036751172 0.286201882291564 0.0118518747235368
   outer loop
      vertex -9.5966113165559 2.81159229600437 -1.24901685784692
      vertex -9.68579861077018 2.48702739663287 -0.621175931056087
      vertex -9.46115148253486 3.23830397346025 -0.602887447141943
   endloop
endfacet
facet normal -0.957952843850892 0.286715119394021 -0.0109904171376823
   outer loop
      vertex -9.46115148253486 3.23830397346025 -0.602887447141943
      vertex -9.68579861077018 2.48702739663287 -0.621175931056087
      vertex -9.58722104196382 2.84344732543545 0.0847408659034046
   endloop
endfacet
facet normal 0.213064778949275 0.976917395013824 -0.0153558878187266
   outer loop
      vertex 1.74004273760262 9.84744897277038 -1.75958251937154
      vertex 2.1591447722718 9.76412278970166 -1.24557220832884
      vertex 2.52449558079919 9.67610056079025 -1.77612162427873
   endloop
endfacet
facet normal 0.21359629994999 0.976866894297347 0.010377450242219
   outer loop
      vertex 1.74004273760262 9.84744897277038 -1.75958251937154
      vertex 2.52449558079919 9.67610056079025 -1.77612162427873
      vertex 2.16978805579826 9.76176314980625 -2.539
   endloop
endfacet
facet normal 0.213356788585203 0.976875715629196 0.0138822540876988
   outer loop
      vertex 2.52067876278426 9.67709556503646 -0.678009394384295
      vertex 2.1591447722718 9.76412278970166 -1.24557220832884
      vertex 1.7434467413312 9.84684687908478 -0.67788033084383
   endloop
endfacet
facet normal 0.213359585868114 0.976907713868376 -0.0113580677340366
   outer loop
      vertex 2.52067876278426 9.67709556503646 -0.678009394384295
      vertex 1.7434467413312 9.84684687908478 -0.67788033084383
      vertex 2.1975735891377 9.75554561879162 0
   endloop
endfacet
facet normal 0.291161551178539 0.956552413070893 -0.0152457260751623
   outer loop
      vertex 2.52449558079919 9.67610056079025 -1.77612162427873
      vertex 2.9286232264869 9.56154621372932 -1.2455339012807
      vertex 3.29709484719253 9.44082441149164 -1.78286236634769
   endloop
endfacet
facet normal 0.291385871202318 0.956545804837665 0.0106956678674579
   outer loop
      vertex 2.52449558079919 9.67610056079025 -1.77612162427873
      vertex 3.29709484719253 9.44082441149164 -1.78286236634769
      vertex 2.93850273121602 9.55851461779685 -2.539
   endloop
endfacet
facet normal 0.290337965082451 0.956823393315625 0.0138874056524198
   outer loop
      vertex 3.28201118963527 9.44607868647667 -0.678106886059686
      vertex 2.9286232264869 9.56154621372932 -1.2455339012807
      vertex 2.52067876278426 9.67709556503646 -0.678009394384295
   endloop
endfacet
facet normal 0.29034425826169 0.956854789006194 -0.0113632939933814
   outer loop
      vertex 3.28201118963527 9.44607868647667 -0.678106886059686
      vertex 2.52067876278426 9.67709556503646 -0.678009394384295
      vertex 2.96560018516636 9.55014217390198 0
   endloop
endfacet
facet normal -0.867193742506596 0.497735962897948 0.0152945805910646
   outer loop
      vertex -8.4681305144037 5.3189064281133 1.76020565396601
      vertex -8.68717318559786 4.95308207517598 1.24574256072326
      vertex -8.86400295686265 4.62919556518519 1.75993075590773
   endloop
endfacet
facet normal -0.867247073074896 0.497776672502317 -0.010044827303025
   outer loop
      vertex -8.4681305144037 5.3189064281133 1.76020565396601
      vertex -8.86400295686265 4.62919556518519 1.75993075590773
      vertex -8.69320272134858 4.94249192670434 2.539
   endloop
endfacet
facet normal -0.867363122074094 0.497482692987928 -0.0138630676027829
   outer loop
      vertex -8.86545188755941 4.62642008786159 0.677591712805306
      vertex -8.68717318559786 4.95308207517598 1.24574256072326
      vertex -8.46971425463951 5.31638415135291 0.677371816232044
   endloop
endfacet
facet normal -0.86738717680466 0.497504524227496 0.0113460957167556
   outer loop
      vertex -8.86545188755941 4.62642008786159 0.677591712805306
      vertex -8.46971425463951 5.31638415135291 0.677371816232044
      vertex -8.70754415490303 4.91718159014024 0
   endloop
endfacet
facet normal -0.904002655130707 0.427253017902262 0.0152989610771829
   outer loop
      vertex -8.86400295686265 4.62919556518519 1.75993075590773
      vertex -9.05342270673009 4.24682673219239 1.24566583773925
      vertex -9.20382859052643 3.91018404633444 1.75970631072866
   endloop
endfacet
facet normal -0.904059815801694 0.427287944386259 -0.0100430092489016
   outer loop
      vertex -8.86400295686265 4.62919556518519 1.75993075590773
      vertex -9.20382859052643 3.91018404633444 1.75970631072866
      vertex -9.05840392259372 4.23619149415353 2.539
   endloop
endfacet
facet normal -0.904158684308625 0.426971499896008 -0.0138712604276012
   outer loop
      vertex -9.20512454960504 3.90713219974173 0.677776177889101
      vertex -9.05342270673009 4.24682673219239 1.24566583773925
      vertex -8.86545188755941 4.62642008786159 0.677591712805306
   endloop
endfacet
facet normal -0.904196930259467 0.426995715614214 0.0101276925536558
   outer loop
      vertex -9.20512454960504 3.90713219974173 0.677776177889101
      vertex -8.86545188755941 4.62642008786159 0.677591712805306
      vertex -9.01267062693032 4.33263986161642 -0.0799188688339339
   endloop
endfacet
facet normal -0.904002655130697 -0.427253017902284 0.0152989610771893
   outer loop
      vertex -9.05342270673003 -4.24682673219253 1.24566583773925
      vertex -8.86400295686257 -4.62919556518534 1.75993075590773
      vertex -9.20382859052637 -3.91018404633459 1.75970631072866
   endloop
endfacet
facet normal -0.904059815801683 -0.427287944386281 -0.0100430092488943
   outer loop
      vertex -9.20382859052637 -3.91018404633459 1.75970631072866
      vertex -8.86400295686257 -4.62919556518534 1.75993075590773
      vertex -9.05840392259366 -4.23619149415365 2.539
   endloop
endfacet
facet normal -0.903832606524782 -0.427679778615359 -0.0132900845044845
   outer loop
      vertex -9.05342270673003 -4.24682673219253 1.24566583773925
      vertex -9.20014862805097 -3.91883467650421 0.669303975665487
      vertex -8.86545188755934 -4.62642008786172 0.677591712805306
   endloop
endfacet
facet normal -0.903967741757977 -0.427459238795661 0.0109964098331097
   outer loop
      vertex -8.86545188755934 -4.62642008786172 0.677591712805306
      vertex -9.20014862805097 -3.91883467650421 0.669303975665487
      vertex -9.07056803392872 -4.21008260511246 0
   endloop
endfacet
facet normal -0.867193742506584 -0.497735962897968 0.0152945805910718
   outer loop
      vertex -8.68717318559778 -4.95308207517612 1.24574256072326
      vertex -8.46813051440361 -5.31890642811343 1.76020565396601
      vertex -8.86400295686257 -4.62919556518534 1.75993075590773
   endloop
endfacet
facet normal -0.867247073074884 -0.497776672502337 -0.0100448273030388
   outer loop
      vertex -8.86400295686257 -4.62919556518534 1.75993075590773
      vertex -8.46813051440361 -5.31890642811343 1.76020565396601
      vertex -8.69320272134852 -4.94249192670446 2.539
   endloop
endfacet
facet normal -0.867363122074083 -0.497482692987947 -0.0138630676027892
   outer loop
      vertex -8.68717318559778 -4.95308207517612 1.24574256072326
      vertex -8.86545188755934 -4.62642008786172 0.677591712805306
      vertex -8.46971425463942 -5.31638415135304 0.677371816232044
   endloop
endfacet
facet normal -0.867387176804649 -0.497504524227515 0.0113460957167602
   outer loop
      vertex -8.46971425463942 -5.31638415135304 0.677371816232044
      vertex -8.86545188755934 -4.62642008786172 0.677591712805306
      vertex -8.70754415490295 -4.91718159014038 0
   endloop
endfacet
facet normal -0.867193742506585 -0.497735962897967 -0.0152945805910554
   outer loop
      vertex -8.46813051440362 -5.31890642811342 -1.76020565396601
      vertex -8.68717318559778 -4.95308207517611 -1.24574256072326
      vertex -8.86400295686258 -4.62919556518533 -1.75993075590773
   endloop
endfacet
facet normal -0.867247073074885 -0.497776672502336 0.0100448273030342
   outer loop
      vertex -8.46813051440362 -5.31890642811342 -1.76020565396601
      vertex -8.86400295686258 -4.62919556518533 -1.75993075590773
      vertex -8.69320272134852 -4.94249192670446 -2.539
   endloop
endfacet
facet normal -0.867363122074078 -0.497482692987957 0.0138630676027719
   outer loop
      vertex -8.86545188755935 -4.62642008786172 -0.677591712805305
      vertex -8.68717318559778 -4.95308207517611 -1.24574256072326
      vertex -8.46971425463942 -5.31638415135304 -0.677371816232043
   endloop
endfacet
facet normal -0.867387176804644 -0.497504524227525 -0.0113460957167522
   outer loop
      vertex -8.86545188755935 -4.62642008786172 -0.677591712805305
      vertex -8.46971425463942 -5.31638415135304 -0.677371816232043
      vertex -8.70754415490295 -4.91718159014038 0
   endloop
endfacet
facet normal -0.904002655130701 -0.427253017902275 -0.0152989610771905
   outer loop
      vertex -8.86400295686258 -4.62919556518533 -1.75993075590773
      vertex -9.05342270673003 -4.24682673219253 -1.24566583773925
      vertex -9.20382859052637 -3.91018404633458 -1.75970631072866
   endloop
endfacet
facet normal -0.904059815801687 -0.427287944386272 0.0100430092488952
   outer loop
      vertex -8.86400295686258 -4.62919556518533 -1.75993075590773
      vertex -9.20382859052637 -3.91018404633458 -1.75970631072866
      vertex -9.05840392259366 -4.23619149415365 -2.539
   endloop
endfacet
facet normal -0.903954023870275 -0.427416310217441 0.0135063129256911
   outer loop
      vertex -9.20014862805097 -3.91883467650421 -0.686248380112716
      vertex -9.05342270673003 -4.24682673219253 -1.24566583773925
      vertex -8.86545188755935 -4.62642008786172 -0.677591712805305
   endloop
endfacet
facet normal -0.903868318441398 -0.427673559846664 -0.0108346262510958
   outer loop
      vertex -9.20014862805097 -3.91883467650421 -0.686248380112716
      vertex -8.86545188755935 -4.62642008786172 -0.677591712805305
      vertex -9.07056803392872 -4.21008260511246 0
   endloop
endfacet
facet normal -0.903999361807514 0.427251386998502 -0.0155372507047702
   outer loop
      vertex -9.04071255858037 4.27381754794555 -1.25085636726793
      vertex -8.86400295686264 4.62919556518519 -1.75993075590773
      vertex -9.20382859052643 3.91018404633444 -1.75970631072866
   endloop
endfacet
facet normal -0.904059815801688 0.42728794438627 0.0100430092489072
   outer loop
      vertex -9.20382859052643 3.91018404633444 -1.75970631072866
      vertex -8.86400295686264 4.62919556518519 -1.75993075590773
      vertex -9.05840392259372 4.23619149415353 -2.539
   endloop
endfacet
facet normal -0.900322918075569 0.434939135544513 0.0157032340517536
   outer loop
      vertex -9.04071255858037 4.27381754794555 -1.25085636726793
      vertex -9.1731100193241 3.98171477800404 -0.751184897042922
      vertex -8.82432316969611 4.70439375443471 -0.770325861286384
   endloop
endfacet
facet normal -0.900656439224252 0.434371252135535 -0.0118149821032231
   outer loop
      vertex -8.82432316969611 4.70439375443471 -0.770325861286384
      vertex -9.1731100193241 3.98171477800404 -0.751184897042922
      vertex -9.01267062693032 4.33263986161642 -0.0799188688339339
   endloop
endfacet
facet normal -0.867190463121992 0.497733981629627 -0.0155429791669328
   outer loop
      vertex -8.67062181243895 4.98199933617598 -1.25139623414961
      vertex -8.4681305144037 5.31890642811329 -1.76020565396601
      vertex -8.86400295686264 4.62919556518519 -1.75993075590773
   endloop
endfacet
facet normal -0.867247073074898 0.497776672502312 0.0100448273030344
   outer loop
      vertex -8.86400295686264 4.62919556518519 -1.75993075590773
      vertex -8.4681305144037 5.31890642811329 -1.76020565396601
      vertex -8.69320272134858 4.94249192670434 -2.539
   endloop
endfacet
facet normal -0.865070305729795 0.501482283215053 0.0129956056410432
   outer loop
      vertex -8.67062181243895 4.98199933617598 -1.25139623414961
      vertex -8.82432316969611 4.70439375443471 -0.770325861286384
      vertex -8.45859078150371 5.33406430323636 -0.722955665578448
   endloop
endfacet
facet normal -0.86443737892832 0.502679844990563 -0.00780969601192616
   outer loop
      vertex -8.45859078150371 5.33406430323636 -0.722955665578448
      vertex -8.82432316969611 4.70439375443471 -0.770325861286384
      vertex -8.70754415490303 4.91718159014024 0
   endloop
endfacet
facet normal 0.757086983417297 0.653133636709592 0.0153542221750385
   outer loop
      vertex 7.8259283519911 6.22533898109186 1.75964192779448
      vertex 7.5529129208709 6.55389246247918 1.24558782013906
      vertex 7.30124937602058 6.83313672841097 1.77621522513689
   endloop
endfacet
facet normal 0.756788404424935 0.653577547277874 -0.0103778910285124
   outer loop
      vertex 7.8259283519911 6.22533898109186 1.75964192779448
      vertex 7.30124937602058 6.83313672841097 1.77621522513689
      vertex 7.54564621873752 6.56225747297774 2.539
   endloop
endfacet
facet normal 0.756915510104816 0.653365324853672 -0.0138803040896545
   outer loop
      vertex 7.30399785837356 6.83019877345268 0.677969933402861
      vertex 7.5529129208709 6.55389246247918 1.24558782013906
      vertex 7.82382099769048 6.22798723474105 0.677830097806505
   endloop
endfacet
facet normal 0.756942518761165 0.653382778409684 0.0113564153298891
   outer loop
      vertex 7.30399785837356 6.83019877345268 0.677969933402861
      vertex 7.82382099769048 6.22798723474105 0.677830097806505
      vertex 7.52689721473751 6.5837541204678 0
   endloop
endfacet
facet normal 0.701945633203585 0.712067389685806 0.0152433779871872
   outer loop
      vertex 7.30124937602058 6.83313672841097 1.77621522513689
      vertex 7.00793532036194 7.13364160479229 1.24554529143285
      vertex 6.72603542168231 7.40003023684869 1.78294225260588
   endloop
endfacet
facet normal 0.701833147561755 0.712261064537416 -0.0106962108985926
   outer loop
      vertex 7.30124937602058 6.83313672841097 1.77621522513689
      vertex 6.72603542168231 7.40003023684869 1.78294225260588
      vertex 7.00042075216948 7.14101598461976 2.539
   endloop
endfacet
facet normal 0.702582339917747 0.711466963489014 -0.0138858020807424
   outer loop
      vertex 6.73790736974549 7.38922216993977 0.678077835883868
      vertex 7.00793532036194 7.13364160479229 1.24554529143285
      vertex 7.30399785837356 6.83019877345268 0.677969933402861
   endloop
endfacet
facet normal 0.702607168713495 0.711487232940941 0.0113615066980397
   outer loop
      vertex 6.73790736974549 7.38922216993977 0.678077835883868
      vertex 7.30399785837356 6.83019877345268 0.677969933402861
      vertex 6.98011828639712 7.16086228801424 0
   endloop
endfacet
facet normal 0.704444579590306 -0.709629077744923 0.0135796282985298
   outer loop
      vertex 7.01834375582408 -7.12340164002319 1.2460097552448
      vertex 7.30646497387075 -6.82755956294779 1.75947815378562
      vertex 6.73494696601941 -7.39192054644162 1.91528496165026
   endloop
endfacet
facet normal 0.700999131452877 -0.7130690914332 -0.0115190513907701
   outer loop
      vertex 6.73494696601941 -7.39192054644162 1.91528496165026
      vertex 7.30646497387075 -6.82755956294779 1.75947815378562
      vertex 7.0004207521695 -7.14101598461974 2.539
   endloop
endfacet
facet normal 0.704127103364766 -0.70993824833858 -0.0138818533738193
   outer loop
      vertex 7.01834375582408 -7.12340164002319 1.2460097552448
      vertex 6.75360141702733 -7.37488087360917 0.678540170508575
      vertex 7.3191146337129 -6.81399743018514 0.678581507404942
   endloop
endfacet
facet normal 0.704146999453331 -0.709960183418091 0.0115559993865275
   outer loop
      vertex 7.3191146337129 -6.81399743018514 0.678581507404942
      vertex 6.75360141702733 -7.37488087360917 0.678540170508575
      vertex 7.01190716137333 -7.12973758004327 -0.000175438301328601
   endloop
endfacet
facet normal 0.757126679689594 -0.653086455797565 0.0154036409977183
   outer loop
      vertex 7.56129093185235 -6.54422489252069 1.24703465080526
      vertex 7.82592835199109 -6.22533898109187 1.75964192779448
      vertex 7.30646497387075 -6.82755956294779 1.75947815378562
   endloop
endfacet
facet normal 0.75718176280713 -0.653127049529451 -0.0100416754200034
   outer loop
      vertex 7.30646497387075 -6.82755956294779 1.75947815378562
      vertex 7.82592835199109 -6.22533898109187 1.75964192779448
      vertex 7.5456462187375 -6.56225747297776 2.539
   endloop
endfacet
facet normal 0.758045348646971 -0.652062184933295 -0.0134965319512158
   outer loop
      vertex 7.56129093185235 -6.54422489252069 1.24703465080526
      vertex 7.3191146337129 -6.81399743018514 0.678581507404942
      vertex 7.83110931940224 -6.21882037267288 0.680266197608425
   endloop
endfacet
facet normal 0.758031845589241 -0.652120600827647 0.0112446898026221
   outer loop
      vertex 7.83110931940224 -6.21882037267288 0.680266197608425
      vertex 7.3191146337129 -6.81399743018514 0.678581507404942
      vertex 7.55696552136828 -6.5492191984122 -0.0000684054469357598
   endloop
endfacet
facet normal 0.757126674028783 -0.653086451045125 -0.0154041207278222
   outer loop
      vertex 7.82592835199108 -6.22533898109188 -1.75964192779448
      vertex 7.5612842944836 -6.54423256142349 -1.24705171136866
      vertex 7.30646497387075 -6.82755956294779 -1.75947815378562
   endloop
endfacet
facet normal 0.757181762807131 -0.653127049529451 0.0100416754200036
   outer loop
      vertex 7.82592835199108 -6.22533898109188 -1.75964192779448
      vertex 7.30646497387075 -6.82755956294779 -1.75947815378562
      vertex 7.5456462187375 -6.56225747297776 -2.539
   endloop
endfacet
facet normal -0.98262958384881 0.185572455287926 -0.00140170736095669
   outer loop
      vertex -9.8673216075867 1.62356530279894 -1.75929699765305
      vertex -9.85671148327356 1.68678354731815 -0.82775960804627
      vertex -9.78670483012754 2.05436329989569 -1.24006481787627
   endloop
endfacet
facet normal 0.758044343178615 -0.652063329191252 0.0134977219901189
   outer loop
      vertex 7.31911173654739 -6.81400054211431 -0.678679505762536
      vertex 7.5612842944836 -6.54423256142349 -1.24705171136866
      vertex 7.83110809970706 -6.21882190858545 -0.680293524698419
   endloop
endfacet
facet normal 0.75803229078466 -0.652120061680434 -0.0112459451211215
   outer loop
      vertex 7.31911173654739 -6.81400054211431 -0.678679505762536
      vertex 7.83110809970706 -6.21882190858545 -0.680293524698419
      vertex 7.55696552136828 -6.5492191984122 -0.0000684054469357598
   endloop
endfacet
facet normal 0.702832892416397 -0.71118862701598 -0.0153838272457685
   outer loop
      vertex 7.30646497387075 -6.82755956294779 -1.75947815378562
      vertex 7.01832753175283 -7.12341762478096 -1.24605475118507
      vertex 6.74076991748278 -7.38661092244333 -1.75935620206282
   endloop
endfacet
facet normal 0.702883408632119 -0.711234197280864 0.0100414385393506
   outer loop
      vertex 7.30646497387075 -6.82755956294779 -1.75947815378562
      vertex 6.74076991748278 -7.38661092244333 -1.75935620206282
      vertex 7.0004207521695 -7.14101598461974 -2.539
   endloop
endfacet
facet normal 0.704124633216892 -0.709940630328196 0.0138853270174003
   outer loop
      vertex 6.75359328435986 -7.374888321151 -0.678791182553357
      vertex 7.01832753175283 -7.12341762478096 -1.24605475118507
      vertex 7.31911173654739 -6.81400054211431 -0.678679505762536
   endloop
endfacet
facet normal 0.704148008277053 -0.709959132201597 -0.011559110822844
   outer loop
      vertex 6.75359328435986 -7.374888321151 -0.678791182553357
      vertex 7.31911173654739 -6.81400054211431 -0.678679505762536
      vertex 7.01190716137333 -7.12973758004327 -0.000175438301328601
   endloop
endfacet
facet normal 0.703584195331788 0.710484768287516 -0.0134415070120562
   outer loop
      vertex 7.00793532036194 7.1336416047923 -1.24554529143285
      vertex 7.30124937602058 6.83313672841097 -1.77621522513689
      vertex 6.72295890006365 7.40282538143748 -1.93400471635422
   endloop
endfacet
facet normal 0.700061544919305 0.71398017815362 0.012088776982027
   outer loop
      vertex 6.72295890006365 7.40282538143748 -1.93400471635422
      vertex 7.30124937602058 6.83313672841097 -1.77621522513689
      vertex 7.00042075216948 7.14101598461976 -2.539
   endloop
endfacet
facet normal 0.702582339917747 0.711466963489014 0.0138858020807547
   outer loop
      vertex 7.00793532036194 7.1336416047923 -1.24554529143285
      vertex 6.73790736974549 7.38922216993977 -0.678077835883868
      vertex 7.30399785837356 6.83019877345268 -0.677969933402861
   endloop
endfacet
facet normal 0.702607168713495 0.711487232940941 -0.0113615066980397
   outer loop
      vertex 7.30399785837356 6.83019877345268 -0.677969933402861
      vertex 6.73790736974549 7.38922216993977 -0.678077835883868
      vertex 6.98011828639712 7.16086228801424 0
   endloop
endfacet
facet normal 0.757086983417296 0.653133636709592 -0.0153542221750384
   outer loop
      vertex 7.5529129208709 6.55389246247918 -1.24558782013906
      vertex 7.8259283519911 6.22533898109186 -1.75964192779449
      vertex 7.30124937602058 6.83313672841097 -1.77621522513689
   endloop
endfacet
facet normal 0.756788404424935 0.653577547277873 0.0103778910285124
   outer loop
      vertex 7.30124937602058 6.83313672841097 -1.77621522513689
      vertex 7.8259283519911 6.22533898109186 -1.75964192779449
      vertex 7.54564621873752 6.56225747297774 -2.539
   endloop
endfacet
facet normal 0.756915510104816 0.653365324853672 0.0138803040896545
   outer loop
      vertex 7.5529129208709 6.55389246247918 -1.24558782013906
      vertex 7.30399785837356 6.83019877345268 -0.677969933402861
      vertex 7.82382099769048 6.22798723474105 -0.677830097806505
   endloop
endfacet
facet normal 0.756942518761165 0.653382778409684 -0.0113564153298891
   outer loop
      vertex 7.82382099769048 6.22798723474105 -0.677830097806505
      vertex 7.30399785837356 6.83019877345268 -0.677969933402861
      vertex 7.52689721473751 6.5837541204678 0
   endloop
endfacet
facet normal 0.0555404002356907 0.998339244080038 0.0152976361362943
   outer loop
      vertex 0.584275224059436 9.98291653088166 1.24568954969116
      vertex 0.157965214708835 9.9987522717058 1.76001653131718
      vertex 0.952001776283642 9.95458148883984 1.75977581080469
   endloop
endfacet
facet normal 0.0555364393943229 0.998406145469635 -0.0100435346300914
   outer loop
      vertex 0.952001776283642 9.95458148883984 1.75977581080469
      vertex 0.157965214708835 9.9987522717058 1.76001653131718
      vertex 0.596151244184225 9.98221436826807 2.539
   endloop
endfacet
facet normal 0.0558561726770733 0.998342500313097 -0.0138686712579788
   outer loop
      vertex 0.584275224059436 9.98291653088166 1.24568954969116
      vertex 0.95523739851772 9.95427152093377 0.677718513883793
      vertex 0.161041319284475 9.99870320058972 0.677522447496182
   endloop
endfacet
facet normal 0.0558517414329328 0.998374572608776 0.0113488213992884
   outer loop
      vertex 0.161041319284475 9.99870320058972 0.677522447496182
      vertex 0.95523739851772 9.95427152093377 0.677718513883793
      vertex 0.624989118574476 9.98045032058491 0
   endloop
endfacet
facet normal 0.0555404002356913 -0.998339244080037 0.0152976361362955
   outer loop
      vertex 0.157965214708839 -9.9987522717058 1.76001653131718
      vertex 0.584275224059444 -9.98291653088166 1.24568954969117
      vertex 0.952001776283635 -9.95458148883984 1.7597758108047
   endloop
endfacet
facet normal 0.0555364393943238 -0.998406145469635 -0.0100435346301055
   outer loop
      vertex 0.157965214708839 -9.9987522717058 1.76001653131718
      vertex 0.952001776283635 -9.95458148883984 1.7597758108047
      vertex 0.596151244184228 -9.98221436826808 2.539
   endloop
endfacet
facet normal 0.0558561726770746 -0.998342500313097 -0.0138686712579787
   outer loop
      vertex 0.955237398517718 -9.95427152093377 0.677718513883792
      vertex 0.584275224059444 -9.98291653088166 1.24568954969117
      vertex 0.161041319284491 -9.99870320058972 0.677522447496183
   endloop
endfacet
facet normal 0.0558517414329341 -0.998374572608776 0.0113488213992879
   outer loop
      vertex 0.955237398517718 -9.95427152093377 0.677718513883792
      vertex 0.161041319284491 -9.99870320058972 0.677522447496183
      vertex 0.624989118574475 -9.98045032058491 0
   endloop
endfacet
facet normal 0.0555404002356902 -0.998339244080038 -0.0152976361362952
   outer loop
      vertex 0.584275224059454 -9.98291653088166 -1.24568954969116
      vertex 0.15796521470884 -9.9987522717058 -1.76001653131718
      vertex 0.952001776283655 -9.95458148883984 -1.75977581080469
   endloop
endfacet
facet normal 0.0555364393943224 -0.998406145469635 0.0100435346301046
   outer loop
      vertex 0.952001776283655 -9.95458148883984 -1.75977581080469
      vertex 0.15796521470884 -9.9987522717058 -1.76001653131718
      vertex 0.596151244184228 -9.98221436826808 -2.539
   endloop
endfacet
facet normal 0.0558561726770734 -0.998342500313097 0.01386867125798
   outer loop
      vertex 0.584275224059454 -9.98291653088166 -1.24568954969116
      vertex 0.955237398517725 -9.95427152093377 -0.677718513883792
      vertex 0.161041319284481 -9.99870320058972 -0.677522447496182
   endloop
endfacet
facet normal 0.480004464681003 0.877245394560023 0.00601926985047513
   outer loop
      vertex 4.54711090189792 8.90638997831563 1.65875416086442
      vertex 4.41545497561351 8.97238860941332 2.539
      vertex 5.11465341913612 8.59303906671669 2.06789048003602
   endloop
endfacet
facet normal 0.0558517414329329 -0.998374572608776 -0.0113488213992879
   outer loop
      vertex 0.161041319284481 -9.99870320058972 -0.677522447496182
      vertex 0.955237398517725 -9.95427152093377 -0.677718513883792
      vertex 0.624989118574475 -9.98045032058491 0
   endloop
endfacet
facet normal 0.0555404002356906 0.998339244080037 -0.0152976361362944
   outer loop
      vertex 0.157965214708833 9.9987522717058 -1.76001653131718
      vertex 0.584275224059436 9.98291653088166 -1.24568954969116
      vertex 0.952001776283639 9.95458148883984 -1.7597758108047
   endloop
endfacet
facet normal 0.0555364393943231 0.998406145469635 0.0100435346300917
   outer loop
      vertex 0.157965214708833 9.9987522717058 -1.76001653131718
      vertex 0.952001776283639 9.95458148883984 -1.7597758108047
      vertex 0.596151244184225 9.98221436826807 -2.539
   endloop
endfacet
facet normal 0.476867500955614 0.878975190589323 -0.0000293395834197802
   outer loop
      vertex 5.11465341913612 8.59303906671669 2.06789048003602
      vertex 4.41545497561351 8.97238860941332 2.539
      vertex 5.11435479206999 8.59321680518016 2.539
   endloop
endfacet
facet normal 0.0558561726770736 0.998342500313097 0.0138686712579791
   outer loop
      vertex 0.955237398517715 9.95427152093377 -0.677718513883793
      vertex 0.584275224059436 9.98291653088166 -1.24568954969116
      vertex 0.161041319284475 9.99870320058972 -0.677522447496183
   endloop
endfacet
facet normal 0.583470067333377 0.812134175752419 0.000872410983186215
   outer loop
      vertex 5.66050607709947 8.2437049286786 -1.65872426217554
      vertex 5.63594844184853 8.26051361362144 -0.881868382388309
      vertex 6.01736022760536 7.98695034986654 -1.3085991305444
   endloop
endfacet
facet normal 0.482717245390426 -0.875702187548498 0.0113903347384971
   outer loop
      vertex 4.41545497561351 -8.97238860941332 2.539
      vertex 4.63199079761296 -8.86254259514891 1.80739897769352
      vertex 5.11327256422056 -8.59386081362674 2.06746290627326
   endloop
endfacet
facet normal 0.473285446122179 -0.880787550780025 -0.0146347832185854
   outer loop
      vertex 4.36030256073491 -8.99932006202961 1.25295288716842
      vertex 5.09619366409604 -8.60399965934607 1.25932536957643
      vertex 4.63199079761296 -8.86254259514891 1.80739897769352
   endloop
endfacet
facet normal 0.0558517414329332 0.998374572608776 -0.0113488213992887
   outer loop
      vertex 0.955237398517715 9.95427152093377 -0.677718513883793
      vertex 0.161041319284475 9.99870320058972 -0.677522447496183
      vertex 0.624989118574476 9.98045032058491 0
   endloop
endfacet
facet normal 0.584091731903763 -0.811687570034744 -0.000370638308742536
   outer loop
      vertex 5.66002350834748 -8.24403626174423 1.65476787068586
      vertex 5.64990254214027 -8.25097577649558 0.902404156014219
      vertex 6.02357698463869 -7.98226285649195 1.30499398245337
   endloop
endfacet
facet normal 0.476867498481267 -0.878975186028519 0.000106011080494898
   outer loop
      vertex 4.41545497561351 -8.97238860941332 2.539
      vertex 5.11327256422056 -8.59386081362674 2.06746290627326
      vertex 5.11435479207007 -8.59321680518011 2.539
   endloop
endfacet
facet normal 0.473043162944277 0.880937481800487 -0.0133910100698464
   outer loop
      vertex 4.36024010971553 8.99935032019689 -1.25302382910645
      vertex 4.59590817386121 8.8813077898154 -0.693463574150502
      vertex 5.09513228548521 8.60462823098164 -1.25972713488765
   endloop
endfacet
facet normal -0.336648714637815 0.941584498567694 0.00928843311500121
   outer loop
      vertex -3.34513240389478 9.42391050469035 0.966338240071749
      vertex -3.72676217346187 9.27961441561306 1.76214407678422
      vertex -2.9989639580035 9.53971777248132 1.77323797129873
   endloop
endfacet
facet normal 0.473233309152339 0.880816104007777 0.0146022611018948
   outer loop
      vertex 4.36024010971553 8.99935032019689 -1.25302382910645
      vertex 5.09513228548521 8.60462823098164 -1.25972713488765
      vertex 4.63229284866371 8.86238472219633 -1.807931965998
   endloop
endfacet
facet normal -0.336393810604877 0.94167331838012 -0.00951659801100579
   outer loop
      vertex -2.9989639580035 9.53971777248132 1.77323797129873
      vertex -3.72676217346187 9.27961441561306 1.76214407678422
      vertex -3.3161929649633 9.43413293414545 2.539
   endloop
endfacet
facet normal 0.435667896172475 -0.90010706395909 0.000870434142022674
   outer loop
      vertex 4.54728834148607 -8.90629938523205 -1.65869458325302
      vertex 4.57371553569825 -8.89275695150342 -0.88188663704399
      vertex 4.1514908953059 -9.09753391563846 -1.30865202249626
   endloop
endfacet
facet normal 0.480183315151093 -0.877147231895004 -0.00605949085629179
   outer loop
      vertex 4.54728834148607 -8.90629938523205 -1.65869458325302
      vertex 4.41545497561351 -8.97238860941332 -2.539
      vertex 5.11758673082865 -8.59129245529719 -2.06461736762409
   endloop
endfacet
facet normal 0.548775028498037 0.835862852814829 0.0133887781830672
   outer loop
      vertex 5.83122166672179 8.12384477163088 1.25301602356218
      vertex 5.61508977901484 8.27470644637035 0.6934513724788
      vertex 5.13390938914289 8.58154848404823 1.25974062487054
   endloop
endfacet
facet normal -0.330172389330153 0.943801852006536 -0.0149752286476862
   outer loop
      vertex -3.34513240389478 9.42391050469035 0.966338240071749
      vertex -2.90345527694758 9.56921874840184 0.386220033245248
      vertex -3.75376130519566 9.26872569793797 0.195349856793292
   endloop
endfacet
facet normal 0.435651017905523 0.900115230206891 -0.000873468647553163
   outer loop
      vertex 4.54711090189792 8.90638997831563 1.65875416086442
      vertex 4.57362903692067 8.89280143895252 0.881853097173123
      vertex 4.15128373308903 9.09762844742466 1.30859807841791
   endloop
endfacet
facet normal 0.476867477242325 -0.878975146880321 0.000316725841816705
   outer loop
      vertex 5.11758673082865 -8.59129245529719 -2.06461736762409
      vertex 4.41545497561351 -8.97238860941332 -2.539
      vertex 5.11435479207007 -8.59321680518011 -2.539
   endloop
endfacet
facet normal 0.548577099057589 0.83597250654175 -0.0145991333942436
   outer loop
      vertex 5.83122166672179 8.12384477163088 1.25301602356218
      vertex 5.13390938914289 8.58154848404823 1.25974062487054
      vertex 5.58114305106774 8.29764076370616 1.80793044152623
   endloop
endfacet
facet normal -0.334982976731032 -0.94212259850125 0.0138352699167111
   outer loop
      vertex -3.72676217346188 -9.27961441561306 1.76214407678422
      vertex -3.37310617774983 -9.41393407208835 1.17835744634488
      vertex -2.97684708617861 -9.54664241634251 1.73581096667122
   endloop
endfacet
facet normal -0.335738575023645 -0.941903088981314 -0.00990859266247399
   outer loop
      vertex -3.72676217346188 -9.27961441561306 1.76214407678422
      vertex -2.97684708617861 -9.54664241634251 1.73581096667122
      vertex -3.31619296496333 -9.43413293414544 2.539
   endloop
endfacet
facet normal 0.482780970826527 0.875666497650833 -0.0114332453712951
   outer loop
      vertex 4.41545497561351 8.97238860941332 -2.539
      vertex 4.63229284866371 8.86238472219633 -1.807931965998
      vertex 5.11437405631438 8.59320533980763 -2.06785235367488
   endloop
endfacet
facet normal 0.476867501160007 0.878975190966066 0.00000189173379615846
   outer loop
      vertex 4.41545497561351 8.97238860941332 -2.539
      vertex 5.11437405631438 8.59320533980763 -2.06785235367488
      vertex 5.11435479206999 8.59321680518016 -2.539
   endloop
endfacet
facet normal -0.336665476384871 -0.941556574082981 -0.0112949020211892
   outer loop
      vertex -3.40687063361667 -9.40176751923809 -1.11427479065992
      vertex -3.72676217346187 -9.27961441561306 -1.76214407678423
      vertex -2.99890905963056 -9.53973503049565 -1.77318802464546
   endloop
endfacet
facet normal -0.33639166840577 -0.941674070680136 0.00951787979987597
   outer loop
      vertex -2.99890905963056 -9.53973503049565 -1.77318802464546
      vertex -3.72676217346187 -9.27961441561306 -1.76214407678423
      vertex -3.31619296496333 -9.43413293414544 -2.539
   endloop
endfacet
facet normal -0.331167566010906 -0.943496283966083 0.0119501198573342
   outer loop
      vertex -3.40687063361667 -9.40176751923809 -1.11427479065992
      vertex -2.949809066307 -9.55503147416758 -0.548590521225055
      vertex -3.70695086200295 -9.28754624789 -0.412147420868463
   endloop
endfacet
facet normal -0.335113229550494 -0.942092299988851 -0.0126973100282844
   outer loop
      vertex -3.70695086200295 -9.28754624789 -0.412147420868463
      vertex -2.949809066307 -9.55503147416758 -0.548590521225055
      vertex -3.17551653619663 -9.48240975324003 0.0201279754105557
   endloop
endfacet
facet normal -0.336756445960251 0.941506563647021 -0.0126683350839281
   outer loop
      vertex -3.72676217346187 9.27961441561306 -1.76214407678422
      vertex -3.31949414286723 9.43297188777059 -1.19088257822092
      vertex -3.00075221523222 9.5391554208315 -1.77232483973425
   endloop
endfacet
facet normal -0.33649330332262 0.941638370471825 0.00945706477709663
   outer loop
      vertex -3.72676217346187 9.27961441561306 -1.76214407678422
      vertex -3.00075221523222 9.5391554208315 -1.77232483973425
      vertex -3.3161929649633 9.43413293414545 -2.539
   endloop
endfacet
facet normal -0.396685776528212 0.917883074771773 0.0114479582338701
   outer loop
      vertex -4.06274865499864 9.13750914452657 -1.18743116780538
      vertex -4.32987319470594 9.01400011747099 -0.54082328357907
      vertex -3.60051277287304 9.32932515096232 -0.549960807290233
   endloop
endfacet
facet normal 0.548836444112963 -0.835821676456684 -0.013441829435623
   outer loop
      vertex 5.83204767634656 -8.12325180582386 -1.25294659831298
      vertex 5.61520759537782 -8.27462649675568 -0.694056232706534
      vertex 5.13435034220398 -8.58128466859769 -1.25948802204201
   endloop
endfacet
facet normal -0.667226490049179 0.744681372965108 0.0160768073775321
   outer loop
      vertex -6.36029987239496 7.71664341104425 1.77181012241341
      vertex -6.704652805477 7.4194090571965 1.24829124425028
      vertex -6.97693140141136 7.16396735196358 1.78018714147603
   endloop
endfacet
facet normal -0.667476367025103 0.7445484635755 -0.0110853439429214
   outer loop
      vertex -6.36029987239496 7.71664341104425 1.77181012241341
      vertex -6.97693140141136 7.16396735196358 1.78018714147603
      vertex -6.71098418435938 7.41368270681165 2.539
   endloop
endfacet
facet normal -0.671981973576665 0.740493342820768 -0.0104802875024613
   outer loop
      vertex -6.97295849998991 7.16783438406737 0.676476725575964
      vertex -6.704652805477 7.4194090571965 1.24829124425028
      vertex -6.47188522492136 7.62329991771573 0.729622907271942
   endloop
endfacet
facet normal -0.673079006117086 0.739525609032496 0.00815629263525059
   outer loop
      vertex -6.97295849998991 7.16783438406737 0.676476725575964
      vertex -6.47188522492136 7.62329991771573 0.729622907271942
      vertex -6.73389981232116 7.39287449627146 0
   endloop
endfacet
facet normal -0.667111549720153 -0.744782021110729 0.016183981592711
   outer loop
      vertex -6.70465280547696 -7.41940905719653 1.24829124425028
      vertex -6.35752465084094 -7.71892999799517 1.77321704752481
      vertex -6.97693140141132 -7.16396735196362 1.78018714147604
   endloop
endfacet
facet normal -0.667328051066156 -0.744679975792409 -0.011180604369301
   outer loop
      vertex -6.97693140141132 -7.16396735196362 1.78018714147604
      vertex -6.35752465084094 -7.71892999799517 1.77321704752481
      vertex -6.71098418435935 -7.41368270681169 2.539
   endloop
endfacet
facet normal -0.669557478179322 -0.742653901363692 -0.0125684606628786
   outer loop
      vertex -6.70465280547696 -7.41940905719653 1.24829124425028
      vertex -6.97295849998987 -7.16783438406741 0.676476725575961
      vertex -6.37897105656751 -7.70121602472454 0.549907658691581
   endloop
endfacet
facet normal -0.666618722072323 -0.745296406793772 0.0123590211163887
   outer loop
      vertex -6.37897105656751 -7.70121602472454 0.549907658691581
      vertex -6.97295849998987 -7.16783438406741 0.676476725575961
      vertex -6.73389981232112 -7.39287449627149 0
   endloop
endfacet
facet normal -0.667250927929113 -0.744685412685534 -0.0148268442735969
   outer loop
      vertex -6.36026488035626 -7.71667225244838 -1.77202246288435
      vertex -6.69942513767131 -7.42412976885088 -1.20191623337868
      vertex -6.97695070173384 -7.16394855548081 -1.78018925955506
   endloop
endfacet
facet normal -0.667473579063928 -0.744550914080229 0.0110886245263253
   outer loop
      vertex -6.36026488035626 -7.71667225244838 -1.77202246288435
      vertex -6.97695070173384 -7.16394855548081 -1.78018925955506
      vertex -6.71098418435935 -7.41368270681169 -2.539
   endloop
endfacet
facet normal -0.671330467833764 -0.741028698800807 0.0138517331652869
   outer loop
      vertex -7.00141659603047 -7.14003961115267 -0.640044820877821
      vertex -6.69942513767131 -7.42412976885088 -1.20191623337868
      vertex -6.40482217259031 -7.67973000420559 -0.597743711781664
   endloop
endfacet
facet normal -0.670293805459521 -0.741982940420953 -0.0129433568625112
   outer loop
      vertex -7.00141659603047 -7.14003961115267 -0.640044820877821
      vertex -6.40482217259031 -7.67973000420559 -0.597743711781664
      vertex -6.73389981232112 -7.39287449627149 0
   endloop
endfacet
facet normal -0.669340299363548 0.742813861642987 -0.0145303337521302
   outer loop
      vertex -6.78059932780569 7.35006617356341 -1.17993018987994
      vertex -6.38075329572233 7.69973943579447 -1.72299525070084
      vertex -7.00918139249319 7.13241727657091 -1.77684903553236
   endloop
endfacet
facet normal -0.998195852373609 -0.0600419817928737 -0.0000269538186764691
   outer loop
      vertex -9.99457449107795 -0.329364148464782 0.00695746069905478
      vertex -9.96194578277443 -0.871571122205557 -0.536937701056147
      vertex -9.96202893086309 -0.870620227565791 0.42413126271429
   endloop
endfacet
facet normal -0.670590342412418 0.741740889403063 0.0113598261759995
   outer loop
      vertex -7.00918139249319 7.13241727657091 -1.77684903553236
      vertex -6.38075329572233 7.69973943579447 -1.72299525070084
      vertex -6.71098418435938 7.41368270681165 -2.539
   endloop
endfacet
facet normal -0.667876591688126 0.744084726562529 0.0166966455139209
   outer loop
      vertex -6.78059932780569 7.35006617356341 -1.17993018987994
      vertex -6.99798623124827 7.14340176017418 -0.665562835616875
      vertex -6.34286981438547 7.73097681523866 -0.645720797863084
   endloop
endfacet
facet normal -0.998106522300026 0.0615064882672967 0.000567488477684202
   outer loop
      vertex -9.99404678475374 0.345005600176927 0.0733764963921502
      vertex -9.96006878757171 0.892765224927467 0.466141597046196
      vertex -9.96172817278505 0.874054810375569 -0.424504347681169
   endloop
endfacet
facet normal -0.667381589695819 0.744578962220783 -0.0142822530891928
   outer loop
      vertex -6.34286981438547 7.73097681523866 -0.645720797863084
      vertex -6.99798623124827 7.14340176017418 -0.665562835616875
      vertex -6.73389981232116 7.39287449627146 0
   endloop
endfacet
facet normal -0.725508925976978 0.688055212864037 0.0147248897569972
   outer loop
      vertex -6.97693140141136 7.16396735196358 1.78018714147603
      vertex -7.26972189870009 6.86666902621354 1.24609442187455
      vertex -7.51862681004276 6.59319731930619 1.76093010043776
   endloop
endfacet
facet normal -0.725135393800638 0.688534061313744 -0.00997532297202906
   outer loop
      vertex -6.97693140141136 7.16396735196358 1.78018714147603
      vertex -7.51862681004276 6.59319731930619 1.76093010043776
      vertex -7.27878792064853 6.85705814516845 2.539
   endloop
endfacet
facet normal -0.725178677008642 0.688421835752623 -0.0138297675679613
   outer loop
      vertex -7.52045095617621 6.59111655303928 0.676817085725956
      vertex -7.26972189870009 6.86666902621354 1.24609442187455
      vertex -6.97295849998991 7.16783438406737 0.676476725575964
   endloop
endfacet
facet normal -0.72519401910553 0.688451252473808 0.0113361201834529
   outer loop
      vertex -7.52045095617621 6.59111655303928 0.676817085725956
      vertex -6.97295849998991 7.16783438406737 0.676476725575964
      vertex -7.2995832989428 6.83491650730243 0
   endloop
endfacet
facet normal -0.725508925976979 -0.688055212864036 0.0147248897569988
   outer loop
      vertex -7.26972189870004 -6.86666902621359 1.24609442187456
      vertex -6.97693140141132 -7.16396735196362 1.78018714147604
      vertex -7.51862681004271 -6.59319731930624 1.76093010043776
   endloop
endfacet
facet normal -0.725135393800638 -0.688534061313743 -0.00997532297203902
   outer loop
      vertex -7.51862681004271 -6.59319731930624 1.76093010043776
      vertex -6.97693140141132 -7.16396735196362 1.78018714147604
      vertex -7.2787879206485 -6.85705814516849 2.539
   endloop
endfacet
facet normal -0.725178677008637 -0.688421835752629 -0.0138297675679553
   outer loop
      vertex -7.26972189870004 -6.86666902621359 1.24609442187456
      vertex -7.52045095617615 -6.59111655303935 0.676817085725956
      vertex -6.97295849998987 -7.16783438406741 0.676476725575961
   endloop
endfacet
facet normal -0.989912412098149 0.141670952575403 0.00166059338847633
   outer loop
      vertex -9.8673216075867 1.62356530279894 -1.75929699765305
      vertex -9.93168846116252 1.16686087877311 -1.16661517586434
      vertex -9.85671148327356 1.68678354731815 -0.82775960804627
   endloop
endfacet
facet normal -0.725194019105524 -0.688451252473814 0.0113361201834571
   outer loop
      vertex -6.97295849998987 -7.16783438406741 0.676476725575961
      vertex -7.52045095617615 -6.59111655303935 0.676817085725956
      vertex -7.29958329894276 -6.83491650730248 0
   endloop
endfacet
facet normal -0.72550988249367 -0.688054225399872 -0.0147239027911746
   outer loop
      vertex -6.97695070173384 -7.16394855548081 -1.78018925955506
      vertex -7.26972189870004 -6.86666902621358 -1.24609442187456
      vertex -7.51862681004271 -6.59319731930624 -1.76093010043776
   endloop
endfacet
facet normal -0.72513631168614 -0.688533103438702 0.00997471519844564
   outer loop
      vertex -6.97695070173384 -7.16394855548081 -1.78018925955506
      vertex -7.51862681004271 -6.59319731930624 -1.76093010043776
      vertex -7.2787879206485 -6.85705814516849 -2.539
   endloop
endfacet
facet normal -0.726964383815133 -0.68656774140398 0.012145827584895
   outer loop
      vertex -7.52045095617615 -6.59111655303934 -0.676817085725954
      vertex -7.26972189870004 -6.86666902621358 -1.24609442187456
      vertex -7.00141659603047 -7.14003961115267 -0.640044820877821
   endloop
endfacet
facet normal -0.726215747888744 -0.687384851195284 -0.0106185623146546
   outer loop
      vertex -7.52045095617615 -6.59111655303934 -0.676817085725954
      vertex -7.00141659603047 -7.14003961115267 -0.640044820877821
      vertex -7.29958329894276 -6.83491650730248 0
   endloop
endfacet
facet normal -0.72702156019145 0.686488477375348 -0.0131613619229322
   outer loop
      vertex -7.26972189870009 6.86666902621354 -1.24609442187455
      vertex -7.00918139249319 7.13241727657091 -1.77684903553236
      vertex -7.51862681004275 6.59319731930619 -1.76093010043776
   endloop
endfacet
facet normal -0.726730245292198 0.686865070331084 0.00891772037105341
   outer loop
      vertex -7.51862681004275 6.59319731930619 -1.76093010043776
      vertex -7.00918139249319 7.13241727657091 -1.77684903553236
      vertex -7.27878792064853 6.85705814516845 -2.539
   endloop
endfacet
facet normal -0.730470227438591 0.682746112949093 0.0164618370395843
   outer loop
      vertex -7.26972189870009 6.86666902621354 -1.24609442187455
      vertex -7.5881498583818 6.51306239235739 -0.710224055427464
      vertex -6.99798623124827 7.14340176017418 -0.665562835616875
   endloop
endfacet
facet normal -0.72944110256993 0.683909317029098 -0.0135544812647575
   outer loop
      vertex -6.99798623124827 7.14340176017418 -0.665562835616875
      vertex -7.5881498583818 6.51306239235739 -0.710224055427464
      vertex -7.2995832989428 6.83491650730243 0
   endloop
endfacet
facet normal -0.0239643997308607 0.999595836487151 0.0152928487565902
   outer loop
      vertex -0.211142394954721 9.99777069596282 1.24577203698047
      vertex -0.637042723417088 9.97968819996604 1.76030939494068
      vertex 0.157965214708835 9.9987522717058 1.76001653131718
   endloop
endfacet
facet normal -0.0239753223133052 0.999662077802576 -0.0100456021924853
   outer loop
      vertex 0.157965214708835 9.9987522717058 1.76001653131718
      vertex -0.637042723417088 9.97968819996604 1.76030939494068
      vertex -0.198821924745086 9.99802329674424 2.539
   endloop
endfacet
facet normal -0.0236660511074434 0.999623837838166 -0.0138600451181108
   outer loop
      vertex -0.211142394954721 9.99777069596282 1.24577203698047
      vertex 0.161041319284475 9.99870320058972 0.677522447496182
      vertex -0.634114160515909 9.9798747102072 0.677290298644845
   endloop
endfacet
facet normal -0.0236741560713804 0.99965535552267 0.0113448009745339
   outer loop
      vertex -0.634114160515909 9.9798747102072 0.677290298644845
      vertex 0.161041319284475 9.99870320058972 0.677522447496182
      vertex -0.169624772721035 9.99856126832652 0
   endloop
endfacet
facet normal -0.103314647819527 0.994531245630674 0.0152867593107971
   outer loop
      vertex -1.00517467416253 9.94935293747398 1.24587358223934
      vertex -1.42799170563905 9.897516844574 1.76066034517297
      vertex -0.637042723417088 9.97968819996604 1.76030939494068
   endloop
endfacet
facet normal -0.103332626665852 0.994596097307222 -0.0100484569750056
   outer loop
      vertex -0.637042723417088 9.97968819996604 1.76030939494068
      vertex -1.42799170563905 9.897516844574 1.76066034517297
      vertex -0.992538140650722 9.95062149010571 2.539
   endloop
endfacet
facet normal -0.103032488930955 0.994581561701797 -0.0138500305958925
   outer loop
      vertex -1.00517467416253 9.94935293747398 1.24587358223934
      vertex -0.634114160515909 9.9798747102072 0.677290298644845
      vertex -1.42519683037691 9.89791968014914 0.677019876243029
   endloop
endfacet
facet normal -0.103044265399908 0.99461211369125 0.0113411933594528
   outer loop
      vertex -1.42519683037691 9.89791968014914 0.677019876243029
      vertex -0.634114160515909 9.9798747102072 0.677290298644845
      vertex -0.963097883188506 9.95351407631485 0
   endloop
endfacet
facet normal -0.103314647819526 -0.994531245630674 0.0152867593108128
   outer loop
      vertex -1.42799170563903 -9.897516844574 1.76066034517297
      vertex -1.0051746741625 -9.94935293747399 1.24587358223934
      vertex -0.637042723417063 -9.97968819996604 1.76030939494068
   endloop
endfacet
facet normal -0.103332626665851 -0.994596097307222 -0.0100484569750073
   outer loop
      vertex -1.42799170563903 -9.897516844574 1.76066034517297
      vertex -0.637042723417063 -9.97968819996604 1.76030939494068
      vertex -0.992538140650712 -9.95062149010571 2.539
   endloop
endfacet
facet normal -0.103032488930952 -0.994581561701797 -0.0138500305959066
   outer loop
      vertex -0.634114160515877 -9.9798747102072 0.677290298644846
      vertex -1.0051746741625 -9.94935293747399 1.24587358223934
      vertex -1.4251968303769 -9.89791968014914 0.677019876243029
   endloop
endfacet
facet normal -0.103044265399905 -0.994612113691251 0.0113411933594537
   outer loop
      vertex -0.634114160515877 -9.9798747102072 0.677290298644846
      vertex -1.4251968303769 -9.89791968014914 0.677019876243029
      vertex -0.963097883188489 -9.95351407631485 0
   endloop
endfacet
facet normal -0.0239643997308613 -0.999595836487152 0.0152928487565691
   outer loop
      vertex -0.637042723417063 -9.97968819996604 1.76030939494068
      vertex -0.211142394954694 -9.99777069596281 1.24577203698048
      vertex 0.157965214708839 -9.9987522717058 1.76001653131718
   endloop
endfacet
facet normal -0.0239753223133058 -0.999662077802576 -0.0100456021924991
   outer loop
      vertex -0.637042723417063 -9.97968819996604 1.76030939494068
      vertex 0.157965214708839 -9.9987522717058 1.76001653131718
      vertex -0.198821924745078 -9.99802329674425 2.539
   endloop
endfacet
facet normal -0.0236660511074439 -0.999623837838166 -0.0138600451180917
   outer loop
      vertex 0.161041319284491 -9.99870320058972 0.677522447496183
      vertex -0.211142394954694 -9.99777069596281 1.24577203698048
      vertex -0.634114160515877 -9.9798747102072 0.677290298644846
   endloop
endfacet
facet normal -0.0236741560713809 -0.99965535552267 0.0113448009745478
   outer loop
      vertex 0.161041319284491 -9.99870320058972 0.677522447496183
      vertex -0.634114160515877 -9.9798747102072 0.677290298644846
      vertex -0.169624772721035 -9.99856126832653 0
   endloop
endfacet
facet normal -0.023964399730861 -0.999595836487152 -0.0152928487565698
   outer loop
      vertex -0.211142394954713 -9.99777069596281 -1.24577203698048
      vertex -0.637042723417073 -9.97968819996604 -1.76030939494068
      vertex 0.15796521470884 -9.9987522717058 -1.76001653131718
   endloop
endfacet
facet normal -0.0239753223133055 -0.999662077802576 0.010045602192499
   outer loop
      vertex 0.15796521470884 -9.9987522717058 -1.76001653131718
      vertex -0.637042723417073 -9.97968819996604 -1.76030939494068
      vertex -0.198821924745078 -9.99802329674425 -2.539
   endloop
endfacet
facet normal -0.0236660511074436 -0.999623837838166 0.0138600451180919
   outer loop
      vertex -0.211142394954713 -9.99777069596281 -1.24577203698048
      vertex 0.161041319284481 -9.99870320058972 -0.677522447496182
      vertex -0.634114160515896 -9.9798747102072 -0.677290298644846
   endloop
endfacet
facet normal -0.0236741560713806 -0.99965535552267 -0.0113448009745473
   outer loop
      vertex -0.634114160515896 -9.9798747102072 -0.677290298644846
      vertex 0.161041319284481 -9.99870320058972 -0.677522447496182
      vertex -0.169624772721035 -9.99856126832653 0
   endloop
endfacet
facet normal -0.103314647819528 -0.994531245630674 -0.0152867593108157
   outer loop
      vertex -1.00517467416252 -9.94935293747399 -1.24587358223934
      vertex -1.42799170563903 -9.897516844574 -1.76066034517297
      vertex -0.637042723417073 -9.97968819996604 -1.76030939494068
   endloop
endfacet
facet normal -0.103332626665852 -0.994596097307222 0.0100484569750066
   outer loop
      vertex -0.637042723417073 -9.97968819996604 -1.76030939494068
      vertex -1.42799170563903 -9.897516844574 -1.76066034517297
      vertex -0.992538140650712 -9.95062149010571 -2.539
   endloop
endfacet
facet normal -0.103032488930953 -0.994581561701797 0.0138500305959075
   outer loop
      vertex -1.00517467416252 -9.94935293747399 -1.24587358223934
      vertex -0.634114160515896 -9.9798747102072 -0.677290298644846
      vertex -1.42519683037691 -9.89791968014914 -0.67701987624303
   endloop
endfacet
facet normal -0.103044265399906 -0.994612113691251 -0.0113411933594514
   outer loop
      vertex -1.42519683037691 -9.89791968014914 -0.67701987624303
      vertex -0.634114160515896 -9.9798747102072 -0.677290298644846
      vertex -0.963097883188489 -9.95351407631485 0
   endloop
endfacet
facet normal -0.103314647819515 0.994531245630675 -0.0152867593108239
   outer loop
      vertex -1.42799170563905 9.897516844574 -1.76066034517297
      vertex -1.00517467416253 9.94935293747399 -1.24587358223934
      vertex -0.637042723417084 9.97968819996603 -1.76030939494068
   endloop
endfacet
facet normal -0.10333262666584 0.994596097307223 0.0100484569750122
   outer loop
      vertex -1.42799170563905 9.897516844574 -1.76066034517297
      vertex -0.637042723417084 9.97968819996603 -1.76030939494068
      vertex -0.992538140650722 9.95062149010571 -2.539
   endloop
endfacet
facet normal -0.103032488930955 0.994581561701797 0.0138500305959081
   outer loop
      vertex -0.634114160515909 9.9798747102072 -0.677290298644846
      vertex -1.00517467416253 9.94935293747399 -1.24587358223934
      vertex -1.42519683037691 9.89791968014914 -0.67701987624303
   endloop
endfacet
facet normal -0.103044265399908 0.99461211369125 -0.0113411933594528
   outer loop
      vertex -0.634114160515909 9.9798747102072 -0.677290298644846
      vertex -1.42519683037691 9.89791968014914 -0.67701987624303
      vertex -0.963097883188506 9.95351407631485 0
   endloop
endfacet
facet normal -0.023964399730872 0.999595836487151 -0.0152928487565776
   outer loop
      vertex -0.637042723417084 9.97968819996603 -1.76030939494068
      vertex -0.211142394954716 9.99777069596281 -1.24577203698048
      vertex 0.157965214708833 9.9987522717058 -1.76001653131718
   endloop
endfacet
facet normal -0.0239753223133165 0.999662077802576 0.0100456021924904
   outer loop
      vertex -0.637042723417084 9.97968819996603 -1.76030939494068
      vertex 0.157965214708833 9.9987522717058 -1.76001653131718
      vertex -0.198821924745086 9.99802329674424 -2.539
   endloop
endfacet
facet normal -0.0236660511074434 0.999623837838166 0.0138600451180917
   outer loop
      vertex 0.161041319284475 9.99870320058972 -0.677522447496183
      vertex -0.211142394954716 9.99777069596281 -1.24577203698048
      vertex -0.634114160515909 9.9798747102072 -0.677290298644846
   endloop
endfacet
facet normal -0.0236741560713804 0.99965535552267 -0.0113448009745339
   outer loop
      vertex 0.161041319284475 9.99870320058972 -0.677522447496183
      vertex -0.634114160515909 9.9798747102072 -0.677290298644846
      vertex -0.169624772721035 9.99856126832652 0
   endloop
endfacet
facet normal 0.923753749359002 0.382780179137208 0.0125835211635213
   outer loop
      vertex 9.37960408881238 3.46742370314533 1.70503295903345
      vertex 9.22227254622321 3.86648277937167 1.11566673723504
      vertex 9.07569537464698 4.19901815507047 1.76041958733982
   endloop
endfacet
facet normal 0.923187000260298 0.384229443677695 -0.00966939302753335
   outer loop
      vertex 9.37960408881238 3.46742370314533 1.70503295903345
      vertex 9.07569537464698 4.19901815507047 1.76041958733982
      vertex 9.21965858883562 3.872711647581 2.539
   endloop
endfacet
facet normal 0.919593662201385 0.392744188918287 -0.00997489398249919
   outer loop
      vertex 9.06841634200371 4.2147152985795 0.642589831591539
      vertex 9.22227254622321 3.86648277937167 1.11566673723504
      vertex 9.32505276212679 3.61156350955532 0.554054079609777
   endloop
endfacet
facet normal 0.920605295008071 0.390390942325083 0.00898904631405848
   outer loop
      vertex 9.06841634200371 4.2147152985795 0.642589831591539
      vertex 9.32505276212679 3.61156350955532 0.554054079609777
      vertex 9.20810645043208 3.90009943431077 0
   endloop
endfacet
facet normal 0.890049181813104 0.455607993209091 0.015290862559354
   outer loop
      vertex 9.07569537464698 4.19901815507047 1.76041958733982
      vertex 8.88858750591619 4.58181319454106 1.24578058392118
      vertex 8.71334563535096 4.90689390948188 1.76010809947435
   endloop
endfacet
facet normal 0.890112850503035 0.455629434915227 -0.0100464624715984
   outer loop
      vertex 9.07569537464698 4.19901815507047 1.76041958733982
      vertex 8.71334563535096 4.90689390948188 1.76010809947435
      vertex 8.88282612557944 4.59297289592736 2.539
   endloop
endfacet
facet normal 0.889351844223285 0.457038369681793 -0.0130086823026045
   outer loop
      vertex 8.71186059241895 4.90953002009945 0.677449172623599
      vertex 8.88858750591619 4.58181319454106 1.24578058392118
      vertex 9.06841634200371 4.2147152985795 0.642589831591539
   endloop
endfacet
facet normal 0.88986508186561 0.456085417622845 0.0112351194077271
   outer loop
      vertex 8.71186059241895 4.90953002009945 0.677449172623599
      vertex 9.06841634200371 4.2147152985795 0.642589831591539
      vertex 8.86932095703163 4.61899835041749 0
   endloop
endfacet
facet normal 0.889715240337482 -0.45627745071767 0.014753951260613
   outer loop
      vertex 8.8885875059162 -4.58181319454105 1.24578058392118
      vertex 9.07223086491541 -4.20649820321799 1.7783478962196
      vertex 8.71334563535097 -4.90689390948186 1.76010809947436
   endloop
endfacet
facet normal 0.890029200171479 -0.455794677599984 -0.00996166219284142
   outer loop
      vertex 8.71334563535097 -4.90689390948186 1.76010809947436
      vertex 9.07223086491541 -4.20649820321799 1.7783478962196
      vertex 8.88282612557943 -4.59297289592737 2.539
   endloop
endfacet
facet normal 0.887702794849031 -0.460294469886317 -0.0106183336401285
   outer loop
      vertex 8.8885875059162 -4.58181319454105 1.24578058392118
      vertex 8.71186059241895 -4.90953002009945 0.677449172623599
      vertex 9.03532624674275 -4.28519306623652 0.655083909304948
   endloop
endfacet
facet normal 0.888005495690589 -0.459740083369235 0.00923554908818601
   outer loop
      vertex 9.03532624674275 -4.28519306623652 0.655083909304948
      vertex 8.71186059241895 -4.90953002009945 0.677449172623599
      vertex 8.86932095703163 -4.61899835041749 0
   endloop
endfacet
facet normal 0.921956245176567 -0.387155873620752 0.0103446363337793
   outer loop
      vertex 9.17672570497781 -3.97337455264407 1.19017064297158
      vertex 9.3542751930332 -3.53518537180211 1.76579801036568
      vertex 9.07223086491541 -4.20649820321799 1.7783478962196
   endloop
endfacet
facet normal 0.921844367933167 -0.387463856352653 -0.00864415005834953
   outer loop
      vertex 9.07223086491541 -4.20649820321799 1.7783478962196
      vertex 9.3542751930332 -3.53518537180211 1.76579801036568
      vertex 9.21965858883561 -3.87271164758103 2.539
   endloop
endfacet
facet normal 0.920412965831336 -0.390636854457216 -0.0155826913380203
   outer loop
      vertex 9.17672570497781 -3.97337455264407 1.19017064297158
      vertex 9.03532624674275 -4.28519306623652 0.655083909304948
      vertex 9.36309121431902 -3.51176919975415 0.626286543523215
   endloop
endfacet
facet normal 0.92083013517582 -0.389720636502834 0.0137727134547188
   outer loop
      vertex 9.36309121431902 -3.51176919975415 0.626286543523215
      vertex 9.03532624674275 -4.28519306623652 0.655083909304948
      vertex 9.20810645043207 -3.90009943431078 0
   endloop
endfacet
facet normal 0.923753749359003 -0.382780179137206 -0.0125835211635225
   outer loop
      vertex 9.37960408881237 -3.46742370314534 -1.70503295903346
      vertex 9.2222725462232 -3.86648277937168 -1.11566673723504
      vertex 9.07569537464697 -4.19901815507048 -1.76041958733983
   endloop
endfacet
facet normal 0.923187000260299 -0.384229443677694 0.00966939302754395
   outer loop
      vertex 9.37960408881237 -3.46742370314534 -1.70503295903346
      vertex 9.07569537464697 -4.19901815507048 -1.76041958733983
      vertex 9.21965858883561 -3.87271164758103 -2.539
   endloop
endfacet
facet normal 0.919593662201384 -0.392744188918289 0.00997489398250056
   outer loop
      vertex 9.0684163420037 -4.21471529857951 -0.64258983159154
      vertex 9.2222725462232 -3.86648277937168 -1.11566673723504
      vertex 9.32505276212678 -3.61156350955533 -0.554054079609776
   endloop
endfacet
facet normal 0.92060529500807 -0.390390942325085 -0.00898904631405704
   outer loop
      vertex 9.0684163420037 -4.21471529857951 -0.64258983159154
      vertex 9.32505276212678 -3.61156350955533 -0.554054079609776
      vertex 9.20810645043207 -3.90009943431078 0
   endloop
endfacet
facet normal 0.890049181813106 -0.455607993209087 -0.0152908625593566
   outer loop
      vertex 9.07569537464697 -4.19901815507048 -1.76041958733983
      vertex 8.88858750591619 -4.58181319454106 -1.24578058392118
      vertex 8.71334563535097 -4.90689390948186 -1.76010809947436
   endloop
endfacet
facet normal 0.890112850503037 -0.455629434915223 0.0100464624715939
   outer loop
      vertex 9.07569537464697 -4.19901815507048 -1.76041958733983
      vertex 8.71334563535097 -4.90689390948186 -1.76010809947436
      vertex 8.88282612557943 -4.59297289592737 -2.539
   endloop
endfacet
facet normal 0.889351844223288 -0.457038369681788 0.0130086823026083
   outer loop
      vertex 8.71186059241895 -4.90953002009945 -0.677449172623599
      vertex 8.88858750591619 -4.58181319454106 -1.24578058392118
      vertex 9.0684163420037 -4.21471529857951 -0.64258983159154
   endloop
endfacet
facet normal 0.889865081865613 -0.456085417622839 -0.0112351194077301
   outer loop
      vertex 8.71186059241895 -4.90953002009945 -0.677449172623599
      vertex 9.0684163420037 -4.21471529857951 -0.64258983159154
      vertex 8.86932095703163 -4.61899835041749 0
   endloop
endfacet
facet normal 0.889715240337482 0.45627745071767 -0.0147539512606036
   outer loop
      vertex 8.88858750591619 4.58181319454106 -1.24578058392118
      vertex 9.07223086491541 4.20649820321799 -1.7783478962196
      vertex 8.71334563535096 4.90689390948188 -1.76010809947436
   endloop
endfacet
facet normal 0.890029200171479 0.455794677599984 0.00996166219284805
   outer loop
      vertex 8.71334563535096 4.90689390948188 -1.76010809947436
      vertex 9.07223086491541 4.20649820321799 -1.7783478962196
      vertex 8.88282612557944 4.59297289592736 -2.539
   endloop
endfacet
facet normal 0.887702794849031 0.460294469886317 0.01061833364012
   outer loop
      vertex 8.88858750591619 4.58181319454106 -1.24578058392118
      vertex 8.71186059241895 4.90953002009945 -0.677449172623601
      vertex 9.03532624674275 4.28519306623652 -0.655083909304949
   endloop
endfacet
facet normal 0.888005495690589 0.459740083369235 -0.00923554908818599
   outer loop
      vertex 9.03532624674275 4.28519306623652 -0.655083909304949
      vertex 8.71186059241895 4.90953002009945 -0.677449172623601
      vertex 8.86932095703163 4.61899835041749 0
   endloop
endfacet
facet normal 0.921956245176562 0.387155873620765 -0.0103446363337808
   outer loop
      vertex 9.17672570497782 3.97337455264406 -1.19017064297157
      vertex 9.35427519303321 3.53518537180211 -1.76579801036568
      vertex 9.07223086491541 4.20649820321799 -1.7783478962196
   endloop
endfacet
facet normal 0.921844367933162 0.387463856352665 0.00864415005833876
   outer loop
      vertex 9.07223086491541 4.20649820321799 -1.7783478962196
      vertex 9.35427519303321 3.53518537180211 -1.76579801036568
      vertex 9.21965858883562 3.872711647581 -2.539
   endloop
endfacet
facet normal 0.920412965831331 0.390636854457227 0.0155826913380213
   outer loop
      vertex 9.17672570497782 3.97337455264406 -1.19017064297157
      vertex 9.03532624674275 4.28519306623652 -0.655083909304949
      vertex 9.36309121431903 3.51176919975415 -0.626286543523217
   endloop
endfacet
facet normal 0.920830135175816 0.389720636502845 -0.0137727134547201
   outer loop
      vertex 9.36309121431903 3.51176919975415 -0.626286543523217
      vertex 9.03532624674275 4.28519306623652 -0.655083909304949
      vertex 9.20810645043208 3.90009943431077 0
   endloop
endfacet
facet normal -0.777396161291167 0.628825628488311 0.0152819293951594
   outer loop
      vertex -7.51862681004276 6.59319731930619 1.76093010043776
      vertex -7.79248040621359 6.26715638218621 1.24595342320695
      vertex -8.0187218343744 5.97495607874462 1.76053646279216
   endloop
endfacet
facet normal -0.777439794041114 0.628877052515457 -0.0100508437845444
   outer loop
      vertex -7.51862681004276 6.59319731930619 1.76093010043776
      vertex -8.0187218343744 5.97495607874462 1.76053646279216
      vertex -7.80057296300617 6.25708090476838 2.539
   endloop
endfacet
facet normal -0.777587767550578 0.628622023727985 -0.0138425084374809
   outer loop
      vertex -8.02042867522151 5.97266472068243 0.677114426561278
      vertex -7.79248040621359 6.26715638218621 1.24595342320695
      vertex -7.52045095617621 6.59111655303928 0.676817085725956
   endloop
endfacet
facet normal -0.777606362839416 0.628649163640745 0.0113390266534188
   outer loop
      vertex -8.02042867522151 5.97266472068243 0.677114426561278
      vertex -7.52045095617621 6.59111655303928 0.676817085725956
      vertex -7.81923114018325 6.2337488220483 0
   endloop
endfacet
facet normal -0.82490216899506 0.565068721319179 0.0152889428657873
   outer loop
      vertex -8.0187218343744 5.97495607874462 1.76053646279216
      vertex -8.26596686397439 5.6279473881405 1.24583743009608
      vertex -8.4681305144037 5.3189064281133 1.76020565396601
   endloop
endfacet
facet normal -0.824950997260175 0.565114945467945 -0.010047414005802
   outer loop
      vertex -8.0187218343744 5.97495607874462 1.76053646279216
      vertex -8.4681305144037 5.3189064281133 1.76020565396601
      vertex -8.27304032916897 5.61754427770211 2.539
   endloop
endfacet
facet normal -0.82508320663763 0.56484137749887 -0.0138535334750529
   outer loop
      vertex -8.46971425463951 5.31638415135291 0.677371816232044
      vertex -8.26596686397439 5.6279473881405 1.24583743009608
      vertex -8.02042867522151 5.97266472068243 0.677114426561278
   endloop
endfacet
facet normal -0.825104707105578 0.56486597827342 0.0113423499077943
   outer loop
      vertex -8.46971425463951 5.31638415135291 0.677371816232044
      vertex -8.02042867522151 5.97266472068243 0.677114426561278
      vertex -8.28954666252069 5.59315797469481 0
   endloop
endfacet
facet normal -0.82490216899506 -0.565068721319179 0.0152889428657783
   outer loop
      vertex -8.2659668639743 -5.62794738814062 1.24583743009608
      vertex -8.01872183437433 -5.97495607874472 1.76053646279217
      vertex -8.46813051440361 -5.31890642811343 1.76020565396601
   endloop
endfacet
facet normal -0.824950997260175 -0.565114945467945 -0.0100474140058097
   outer loop
      vertex -8.46813051440361 -5.31890642811343 1.76020565396601
      vertex -8.01872183437433 -5.97495607874472 1.76053646279217
      vertex -8.2730403291689 -5.61754427770222 2.539
   endloop
endfacet
facet normal -0.997106846903525 0.0754183742248102 0.00948708002479577
   outer loop
      vertex -9.93443501073733 1.1432414519411 1.16910863777894
      vertex -9.96006878757171 0.892765224927467 0.466141597046196
      vertex -9.99297250068753 0.374834097305374 1.12524913624736
   endloop
endfacet
facet normal -0.99698491848349 0.0766425968549343 -0.0121237231823239
   outer loop
      vertex -9.93443501073733 1.1432414519411 1.16910863777894
      vertex -9.99297250068753 0.374834097305374 1.12524913624736
      vertex -9.97030894605477 0.770025662053074 1.75981374100147
   endloop
endfacet
facet normal -0.996616109721158 -0.0806768869558392 -0.0157343495378551
   outer loop
      vertex -9.92055231689878 -1.25803089297291 -1.17725801842608
      vertex -9.96194578277443 -0.871571122205557 -0.536937701056147
      vertex -9.99306610467938 -0.372330266709527 -1.1255978099551
   endloop
endfacet
facet normal -0.996458904498229 -0.0825218710004449 0.0161180784454947
   outer loop
      vertex -9.92055231689878 -1.25803089297291 -1.17725801842608
      vertex -9.99306610467938 -0.372330266709527 -1.1255978099551
      vertex -9.96961315011402 -0.778982436948116 -1.75767020962017
   endloop
endfacet
facet normal -0.825083206637626 -0.564841377498877 -0.0138535334750485
   outer loop
      vertex -8.2659668639743 -5.62794738814062 1.24583743009608
      vertex -8.46971425463942 -5.31638415135304 0.677371816232044
      vertex -8.02042867522144 -5.97266472068252 0.677114426561273
   endloop
endfacet
facet normal -0.825104707105573 -0.564865978273427 0.0113423499077928
   outer loop
      vertex -8.02042867522144 -5.97266472068252 0.677114426561273
      vertex -8.46971425463942 -5.31638415135304 0.677371816232044
      vertex -8.28954666252061 -5.59315797469492 0
   endloop
endfacet
facet normal -0.777396161291154 -0.628825628488327 0.0152819293951492
   outer loop
      vertex -7.79248040621352 -6.26715638218629 1.24595342320695
      vertex -7.51862681004271 -6.59319731930624 1.76093010043776
      vertex -8.01872183437433 -5.97495607874472 1.76053646279217
   endloop
endfacet
facet normal -0.777439794041101 -0.628877052515473 -0.0100508437845414
   outer loop
      vertex -8.01872183437433 -5.97495607874472 1.76053646279217
      vertex -7.51862681004271 -6.59319731930624 1.76093010043776
      vertex -7.80057296300612 -6.25708090476844 2.539
   endloop
endfacet
facet normal -0.777587767550574 -0.628622023727989 -0.0138425084374727
   outer loop
      vertex -7.79248040621352 -6.26715638218629 1.24595342320695
      vertex -8.02042867522144 -5.97266472068252 0.677114426561273
      vertex -7.52045095617615 -6.59111655303935 0.676817085725956
   endloop
endfacet
facet normal -0.777606362839412 -0.62864916364075 0.0113390266534229
   outer loop
      vertex -7.52045095617615 -6.59111655303935 0.676817085725956
      vertex -8.02042867522144 -5.97266472068252 0.677114426561273
      vertex -7.81923114018319 -6.23374882204838 0
   endloop
endfacet
facet normal -0.777396161291159 -0.628825628488321 -0.0152819293951587
   outer loop
      vertex -7.51862681004271 -6.59319731930624 -1.76093010043776
      vertex -7.79248040621353 -6.26715638218628 -1.24595342320696
      vertex -8.01872183437433 -5.97495607874471 -1.76053646279217
   endloop
endfacet
facet normal -0.777439794041106 -0.628877052515467 0.0100508437845457
   outer loop
      vertex -7.51862681004271 -6.59319731930624 -1.76093010043776
      vertex -8.01872183437433 -5.97495607874471 -1.76053646279217
      vertex -7.80057296300612 -6.25708090476844 -2.539
   endloop
endfacet
facet normal 0.96421897548532 0.265065213658727 0.00471166871645622
   outer loop
      vertex 9.6318335443495 2.68845356551748 -1.70452612122925
      vertex 9.56354630345022 2.92208523177604 -0.873350128173056
      vertex 9.71583702166104 2.36696239271366 -0.809221329666115
   endloop
endfacet
facet normal 0.961600660822086 -0.274356932608611 0.00724172880755198
   outer loop
      vertex 9.50200933912864 -3.11637907179341 -0.989221135244246
      vertex 9.67588672641321 -2.52531504126129 -1.6849246415025
      vertex 9.72285557702147 -2.33796480477841 -0.823865274644919
   endloop
endfacet
facet normal 0.964218975485318 -0.265065213658732 -0.00471166871646116
   outer loop
      vertex 9.6318335443495 -2.68845356551749 1.70452612122925
      vertex 9.56354630345022 -2.92208523177603 0.873350128173052
      vertex 9.71583702166104 -2.36696239271366 0.809221329666111
   endloop
endfacet
facet normal 0.961600660822086 0.27435693260861 -0.00724172880755296
   outer loop
      vertex 9.50200933912865 3.11637907179339 0.989221135244247
      vertex 9.67588672641322 2.52531504126127 1.6849246415025
      vertex 9.72285557702148 2.33796480477838 0.823865274644915
   endloop
endfacet
facet normal -0.777587767550569 -0.628622023727995 0.01384250843748
   outer loop
      vertex -8.02042867522144 -5.97266472068252 -0.677114426561274
      vertex -7.79248040621353 -6.26715638218628 -1.24595342320696
      vertex -7.52045095617615 -6.59111655303934 -0.676817085725954
   endloop
endfacet
facet normal -0.777606362839407 -0.628649163640756 -0.0113390266534266
   outer loop
      vertex -8.02042867522144 -5.97266472068252 -0.677114426561274
      vertex -7.52045095617615 -6.59111655303934 -0.676817085725954
      vertex -7.81923114018319 -6.23374882204838 0
   endloop
endfacet
facet normal -0.824902168995054 -0.565068721319188 -0.0152889428657799
   outer loop
      vertex -8.01872183437433 -5.97495607874471 -1.76053646279217
      vertex -8.2659668639743 -5.62794738814062 -1.24583743009608
      vertex -8.46813051440362 -5.31890642811342 -1.76020565396601
   endloop
endfacet
facet normal -0.824950997260169 -0.565114945467955 0.0100474140058106
   outer loop
      vertex -8.01872183437433 -5.97495607874471 -1.76053646279217
      vertex -8.46813051440362 -5.31890642811342 -1.76020565396601
      vertex -8.2730403291689 -5.61754427770222 -2.539
   endloop
endfacet
facet normal -0.999928724529853 -0.000839208649622964 -0.0119097266528089
   outer loop
      vertex -9.99250016159128 -0.38722153942971 1.13928961397266
      vertex -9.99990604032172 -0.0433495644400904 1.73684913356909
      vertex -9.99297250068753 0.374834097305374 1.12524913624736
   endloop
endfacet
facet normal -0.999925847549283 -0.000395524676436217 0.0121713993886735
   outer loop
      vertex -9.99250016159128 -0.38722153942971 1.13928961397266
      vertex -9.99297250068753 0.374834097305374 1.12524913624736
      vertex -9.99996660090097 0.0258453257867399 0.539316900604851
   endloop
endfacet
facet normal -0.999932457151441 0.000774760281288275 0.0115965892221623
   outer loop
      vertex -9.9926230508901 0.384037189370954 -1.13792726270408
      vertex -9.99985500828431 0.0538499144964495 -1.73945352250443
      vertex -9.99306610467938 -0.372330266709527 -1.1255978099551
   endloop
endfacet
facet normal -0.999938621829984 0.000405246626709287 -0.0110719622436132
   outer loop
      vertex -9.9926230508901 0.384037189370954 -1.13792726270408
      vertex -9.99306610467938 -0.372330266709527 -1.1255978099551
      vertex -9.99994698913194 0.03256093596767 -0.489347183775727
   endloop
endfacet
facet normal -0.657326354225291 0.753604981100226 0.00126352752845405
   outer loop
      vertex -6.38075329572233 7.69973943579447 -1.72299525070084
      vertex -6.78059932780569 7.35006617356341 -1.17993018987994
      vertex -6.34286981438547 7.73097681523866 -0.645720797863084
   endloop
endfacet
facet normal 0.589082124106891 -0.808037921200102 0.00754777850309788
   outer loop
      vertex 6.02357698463869 -7.98226285649195 1.30499398245337
      vertex 6.16278353456023 -7.87528406510859 1.89309153761011
      vertex 5.66002350834748 -8.24403626174423 1.65476787068586
   endloop
endfacet
facet normal 0.548649186496022 -0.835931601225054 0.0142277275265486
   outer loop
      vertex 5.83204767634656 -8.12325180582386 -1.25294659831298
      vertex 5.13435034220398 -8.58128466859769 -1.25948802204201
      vertex 5.59895288199604 -8.28563374915813 -1.8048919873379
   endloop
endfacet
facet normal 0.592728140970052 -0.805391448605114 -0.00423856295717083
   outer loop
      vertex 5.66002350834748 -8.24403626174423 1.65476787068586
      vertex 6.16278353456023 -7.87528406510859 1.89309153761011
      vertex 5.78092000447845 -8.15971592041174 2.539
   endloop
endfacet
facet normal -0.825083206637626 -0.564841377498877 0.0138535334750484
   outer loop
      vertex -8.46971425463942 -5.31638415135304 -0.677371816232043
      vertex -8.2659668639743 -5.62794738814062 -1.24583743009608
      vertex -8.02042867522144 -5.97266472068252 -0.677114426561274
   endloop
endfacet
facet normal -0.825104707105573 -0.564865978273427 -0.0113423499077928
   outer loop
      vertex -8.46971425463942 -5.31638415135304 -0.677371816232043
      vertex -8.02042867522144 -5.97266472068252 -0.677114426561274
      vertex -8.28954666252061 -5.59315797469492 0
   endloop
endfacet
facet normal -0.824899022927302 0.565066439115668 -0.0155409574583473
   outer loop
      vertex -8.24623442940957 5.65682046163923 -1.2517417469099
      vertex -8.0187218343744 5.97495607874462 -1.76053646279216
      vertex -8.4681305144037 5.31890642811329 -1.76020565396601
   endloop
endfacet
facet normal -0.824950997260179 0.56511494546794 0.0100474140058058
   outer loop
      vertex -8.4681305144037 5.31890642811329 -1.76020565396601
      vertex -8.0187218343744 5.97495607874462 -1.76053646279216
      vertex -8.27304032916897 5.61754427770211 -2.539
   endloop
endfacet
facet normal -0.825917212628037 0.563655959882142 0.012357862844154
   outer loop
      vertex -8.24623442940957 5.65682046163923 -1.2517417469099
      vertex -8.45859078150371 5.33406430323636 -0.722955665578448
      vertex -8.04752820348257 5.9361005562703 -0.709819367719347
   endloop
endfacet
facet normal -0.825728935403335 0.563994522735927 -0.00905005864893283
   outer loop
      vertex -8.04752820348257 5.9361005562703 -0.709819367719347
      vertex -8.45859078150371 5.33406430323636 -0.722955665578448
      vertex -8.28954666252069 5.59315797469481 0
   endloop
endfacet
facet normal -0.777393200281609 0.628823071781201 -0.0155356542048264
   outer loop
      vertex -7.7700907368768 6.29489395785992 -1.25201617474383
      vertex -7.51862681004275 6.59319731930619 -1.76093010043776
      vertex -8.0187218343744 5.97495607874462 -1.76053646279216
   endloop
endfacet
facet normal -0.777439794041108 0.628877052515465 0.0100508437845492
   outer loop
      vertex -8.0187218343744 5.97495607874462 -1.76053646279216
      vertex -7.51862681004275 6.59319731930619 -1.76093010043776
      vertex -7.80057296300617 6.25708090476838 -2.539
   endloop
endfacet
facet normal -0.782256646978848 0.622842884263935 0.0118861170780031
   outer loop
      vertex -7.7700907368768 6.29489395785992 -1.25201617474383
      vertex -8.04752820348257 5.9361005562703 -0.709819367719347
      vertex -7.5881498583818 6.51306239235739 -0.710224055427464
   endloop
endfacet
facet normal -0.782283380003656 0.622849115648982 -0.00957562036299383
   outer loop
      vertex -7.5881498583818 6.51306239235739 -0.710224055427464
      vertex -8.04752820348257 5.9361005562703 -0.709819367719347
      vertex -7.81923114018325 6.2337488220483 0
   endloop
endfacet
facet normal -0.181266966454858 0.983323501031564 0.0147370007559405
   outer loop
      vertex -1.79279526895708 9.83798176068675 1.24599740405134
      vertex -2.20189595810655 9.75457093826653 1.77957822959934
      vertex -1.42799170563905 9.897516844574 1.76066034517297
   endloop
endfacet
facet normal -0.181861748160573 0.983273542922188 -0.00997217855975922
   outer loop
      vertex -1.42799170563905 9.897516844574 1.76066034517297
      vertex -2.20189595810655 9.75457093826653 1.77957822959934
      vertex -1.77997897504668 9.8403086764792 2.539
   endloop
endfacet
facet normal -0.178438991703685 0.98388214310031 -0.011638501970319
   outer loop
      vertex -1.79279526895708 9.83798176068675 1.24599740405134
      vertex -1.42519683037691 9.89791968014914 0.677019876243029
      vertex -2.18344716800904 9.75871705013079 0.534599808280165
   endloop
endfacet
facet normal -0.182698282154227 0.983098160739856 0.0118044079820224
   outer loop
      vertex -2.18344716800904 9.75871705013079 0.534599808280165
      vertex -1.42519683037691 9.89791968014914 0.677019876243029
      vertex -1.75041705850848 9.8456101954771 0
   endloop
endfacet
facet normal -0.260337405260624 0.965436009752301 0.0125597171831423
   outer loop
      vertex -2.56330568496158 9.66589178324709 1.10484799231421
      vertex -2.9989639580035 9.53971777248132 1.77323797129873
      vertex -2.20189595810655 9.75457093826653 1.77957822959934
   endloop
endfacet
facet normal -0.260167187774512 0.965500603224258 -0.0110281267265177
   outer loop
      vertex -2.20189595810655 9.75457093826653 1.77957822959934
      vertex -2.9989639580035 9.53971777248132 1.77323797129873
      vertex -2.55616654190727 9.6677821970726 2.539
   endloop
endfacet
facet normal -0.252450778039745 0.96755094750616 -0.0106662386556488
   outer loop
      vertex -2.56330568496158 9.66589178324709 1.10484799231421
      vertex -2.18344716800904 9.75871705013079 0.534599808280165
      vertex -2.90345527694758 9.56921874840184 0.386220033245248
   endloop
endfacet
facet normal -0.256620847665657 0.966449836718731 0.0109751377986096
   outer loop
      vertex -2.90345527694758 9.56921874840184 0.386220033245248
      vertex -2.18344716800904 9.75871705013079 0.534599808280165
      vertex -2.41890538200271 9.70303544015574 -0.0676708618076156
   endloop
endfacet
facet normal -0.259937974703686 -0.965498223168772 0.0156662173127081
   outer loop
      vertex -2.97684708617861 -9.54664241634251 1.73581096667122
      vertex -2.56389189108747 -9.66573630774272 1.24799675285959
      vertex -2.20186993362928 -9.75457681272639 1.77958038575357
   endloop
endfacet
facet normal -0.258591090312234 -0.965932549089688 -0.0102449314408653
   outer loop
      vertex -2.97684708617861 -9.54664241634251 1.73581096667122
      vertex -2.20186993362928 -9.75457681272639 1.77958038575357
      vertex -2.55616654190729 -9.66778219707259 2.539
   endloop
endfacet
facet normal -0.259166978730781 -0.965735782801049 -0.0136702214029098
   outer loop
      vertex -2.2072015384757 -9.75337179484872 0.676708618076159
      vertex -2.56389189108747 -9.66573630774272 1.24799675285959
      vertex -2.99427674699182 -9.54119000766802 0.608850133073201
   endloop
endfacet
facet normal -0.261260262159758 -0.965189815853451 0.0123164438453761
   outer loop
      vertex -2.2072015384757 -9.75337179484872 0.676708618076159
      vertex -2.99427674699182 -9.54119000766802 0.608850133073201
      vertex -2.52661007647738 -9.67554864188295 0
   endloop
endfacet
facet normal -0.181265628976331 -0.983323762243378 0.0147360225075452
   outer loop
      vertex -2.20186993362928 -9.75457681272639 1.77958038575357
      vertex -1.79279526895708 -9.83798176068675 1.24599740405134
      vertex -1.42799170563903 -9.897516844574 1.76066034517297
   endloop
endfacet
facet normal -0.181860458234712 -0.983273787598403 -0.00997157723493272
   outer loop
      vertex -2.20186993362928 -9.75457681272639 1.77958038575357
      vertex -1.42799170563903 -9.897516844574 1.76066034517297
      vertex -1.77997897504667 -9.8403086764792 2.539
   endloop
endfacet
facet normal -0.181740934138462 -0.983249067898224 -0.0138384730282361
   outer loop
      vertex -1.4251968303769 -9.89791968014914 0.677019876243029
      vertex -1.79279526895708 -9.83798176068675 1.24599740405134
      vertex -2.2072015384757 -9.75337179484872 0.676708618076159
   endloop
endfacet
facet normal -0.181756345680739 -0.983278231317546 0.0113380166617748
   outer loop
      vertex -1.4251968303769 -9.89791968014914 0.677019876243029
      vertex -2.2072015384757 -9.75337179484872 0.676708618076159
      vertex -1.75041705850848 -9.8456101954771 0
   endloop
endfacet
facet normal -0.181266966454845 -0.983323501031567 -0.0147370007559345
   outer loop
      vertex -1.79279526895707 -9.83798176068675 -1.24599740405134
      vertex -2.20189595810654 -9.75457093826654 -1.77957822959934
      vertex -1.42799170563903 -9.897516844574 -1.76066034517297
   endloop
endfacet
facet normal -0.18186174816056 -0.983273542922191 0.00997217855975539
   outer loop
      vertex -1.42799170563903 -9.897516844574 -1.76066034517297
      vertex -2.20189595810654 -9.75457093826654 -1.77957822959934
      vertex -1.77997897504667 -9.8403086764792 -2.539
   endloop
endfacet
facet normal -0.181740934138464 -0.983249067898223 0.0138384730282312
   outer loop
      vertex -1.79279526895707 -9.83798176068675 -1.24599740405134
      vertex -1.42519683037691 -9.89791968014914 -0.67701987624303
      vertex -2.2072015384757 -9.75337179484872 -0.676708618076159
   endloop
endfacet
facet normal -0.181756345680742 -0.983278231317545 -0.0113380166617733
   outer loop
      vertex -2.2072015384757 -9.75337179484872 -0.676708618076159
      vertex -1.42519683037691 -9.89791968014914 -0.67701987624303
      vertex -1.75041705850848 -9.8456101954771 0
   endloop
endfacet
facet normal -0.260348200289883 -0.965382682120845 -0.0159715893693323
   outer loop
      vertex -2.56423875485131 -9.66564429348187 -1.24819390897759
      vertex -2.99890905963056 -9.53973503049565 -1.77318802464546
      vertex -2.20189595810654 -9.75457093826654 -1.77957822959934
   endloop
endfacet
facet normal -0.260163777251556 -0.965501541625559 0.0110264284730732
   outer loop
      vertex -2.20189595810654 -9.75457093826654 -1.77957822959934
      vertex -2.99890905963056 -9.53973503049565 -1.77318802464546
      vertex -2.55616654190729 -9.66778219707259 -2.539
   endloop
endfacet
facet normal -0.256146650867072 -0.966567694982205 0.0116526506155683
   outer loop
      vertex -2.56423875485131 -9.66564429348187 -1.24819390897759
      vertex -2.2072015384757 -9.75337179484872 -0.676708618076159
      vertex -2.949809066307 -9.55503147416758 -0.548590521225055
   endloop
endfacet
facet normal -0.25989595687673 -0.965566597554125 -0.0116291567570449
   outer loop
      vertex -2.949809066307 -9.55503147416758 -0.548590521225055
      vertex -2.2072015384757 -9.75337179484872 -0.676708618076159
      vertex -2.52661007647738 -9.67554864188295 0
   endloop
endfacet
facet normal -0.260440860081528 0.965405433465675 -0.0127635196927425
   outer loop
      vertex -3.00075221523222 9.5391554208315 -1.77232483973425
      vertex -2.56250187826042 9.66610490962682 -1.11267673565178
      vertex -2.20186993362928 9.75457681272639 -1.77958038575357
   endloop
endfacet
facet normal -0.260244351024829 0.965479350578743 0.0110680335071312
   outer loop
      vertex -3.00075221523222 9.5391554208315 -1.77232483973425
      vertex -2.20186993362928 9.75457681272639 -1.77958038575357
      vertex -2.55616654190727 9.6677821970726 -2.539
   endloop
endfacet
facet normal -0.256356017792513 0.966452961864607 0.0158197548872402
   outer loop
      vertex -2.15998513106569 9.7639369228593 -0.566678930154989
      vertex -2.56250187826042 9.66610490962682 -1.11267673565178
      vertex -3.02192420325493 9.53246946545238 -0.393532021147582
   endloop
endfacet
facet normal -0.262796670363197 0.964671478732828 -0.0186238601110511
   outer loop
      vertex -2.15998513106569 9.7639369228593 -0.566678930154989
      vertex -3.02192420325493 9.53246946545238 -0.393532021147582
      vertex -2.41890538200271 9.70303544015574 -0.0676708618076156
   endloop
endfacet
facet normal -0.181265628976335 0.983323762243378 -0.0147360225075415
   outer loop
      vertex -2.20186993362928 9.75457681272639 -1.77958038575357
      vertex -1.79279526895708 9.83798176068675 -1.24599740405134
      vertex -1.42799170563905 9.897516844574 -1.76066034517297
   endloop
endfacet
facet normal -0.181860458234716 0.983273787598402 0.0099715772349325
   outer loop
      vertex -2.20186993362928 9.75457681272639 -1.77958038575357
      vertex -1.42799170563905 9.897516844574 -1.76066034517297
      vertex -1.77997897504668 9.8403086764792 -2.539
   endloop
endfacet
facet normal -0.17774816217112 0.984012516798653 0.0111784448100025
   outer loop
      vertex -1.42519683037691 9.89791968014914 -0.67701987624303
      vertex -1.79279526895708 9.83798176068675 -1.24599740405134
      vertex -2.15998513106569 9.7639369228593 -0.566678930154989
   endloop
endfacet
facet normal -0.18096405548062 0.983428797774698 -0.0109457905798948
   outer loop
      vertex -1.42519683037691 9.89791968014914 -0.67701987624303
      vertex -2.15998513106569 9.7639369228593 -0.566678930154989
      vertex -1.75041705850848 9.8456101954771 0
   endloop
endfacet
facet normal 0.953912297269595 0.299649653243337 0.0161683155892054
   outer loop
      vertex 9.67588672641322 2.52531504126127 1.6849246415025
      vertex 9.50200933912865 3.11637907179339 0.989221135244247
      vertex 9.37960408881238 3.46742370314533 1.70503295903345
   endloop
endfacet
facet normal 0.953770254858125 0.300236643224551 -0.0134260572441113
   outer loop
      vertex 9.67588672641322 2.52531504126127 1.6849246415025
      vertex 9.37960408881238 3.46742370314533 1.70503295903345
      vertex 9.4982013324489 3.12796602415466 2.539
   endloop
endfacet
facet normal 0.943279852985693 0.331947178818176 -0.0058471724743022
   outer loop
      vertex 9.32505276212679 3.61156350955532 0.554054079609777
      vertex 9.50200933912865 3.11637907179339 0.989221135244247
      vertex 9.55854931153089 2.93838987526032 0.00584073743017943
   endloop
endfacet
facet normal -0.60404223548846 -0.796756146330533 -0.0176810924612161
   outer loop
      vertex -6.14035696379691 -7.89278254845215 -0.0320112372041836
      vertex -6.40482217259031 -7.67973000420559 -0.597743711781664
      vertex -5.68248413523717 -8.22857059596488 -0.542914974197095
   endloop
endfacet
facet normal 0.589424359930962 0.807780009136035 -0.00838932417799642
   outer loop
      vertex 6.01736022760536 7.98695034986654 -1.3085991305444
      vertex 6.17371018808053 7.86672120477081 -1.90009189447333
      vertex 5.66050607709947 8.2437049286786 -1.65872426217554
   endloop
endfacet
facet normal 0.949911520657079 -0.312274654581661 -0.0123548787472798
   outer loop
      vertex 9.3542751930332 -3.53518537180211 1.76579801036568
      vertex 9.6318335443495 -2.68845356551749 1.70452612122925
      vertex 9.49820133244889 -3.12796602415467 2.539
   endloop
endfacet
facet normal 0.946715293338156 -0.32207111456167 0.000592051224782844
   outer loop
      vertex 9.56354630345022 -2.92208523177603 0.873350128173052
      vertex 9.36309121431902 -3.51176919975415 0.626286543523215
      vertex 9.55854931153089 -2.93838987526032 -0.00584073743018143
   endloop
endfacet
facet normal -0.591723193990401 -0.806141078458822 -0.000472562214390816
   outer loop
      vertex -6.14035696379691 -7.89278254845215 -0.0320112372041836
      vertex -5.68248413523717 -8.22857059596488 -0.542914974197095
      vertex -5.69597373596163 -8.21923860215989 0.428821788122644
   endloop
endfacet
facet normal 0.953912297269593 -0.299649653243342 -0.0161683155892094
   outer loop
      vertex 9.67588672641321 -2.52531504126129 -1.6849246415025
      vertex 9.50200933912864 -3.11637907179341 -0.989221135244246
      vertex 9.37960408881237 -3.46742370314534 -1.70503295903346
   endloop
endfacet
facet normal 0.953770254858123 -0.300236643224555 0.0134260572441095
   outer loop
      vertex 9.67588672641321 -2.52531504126129 -1.6849246415025
      vertex 9.37960408881237 -3.46742370314534 -1.70503295903346
      vertex 9.49820133244889 -3.12796602415467 -2.539
   endloop
endfacet
facet normal 0.943279852985691 -0.331947178818182 0.00584717247430175
   outer loop
      vertex 9.32505276212678 -3.61156350955533 -0.554054079609776
      vertex 9.50200933912864 -3.11637907179341 -0.989221135244246
      vertex 9.55854931153089 -2.93838987526032 -0.00584073743018143
   endloop
endfacet
facet normal -0.479418794079626 -0.87758531036935 0.00128175940341542
   outer loop
      vertex -4.48376575568975 -8.93844755246144 -0.381766837792875
      vertex -4.45774729728916 -8.95145178356624 0.44632598303845
      vertex -5.10907384814811 -8.59635762484141 -0.0473486241315042
   endloop
endfacet
facet normal 0.593337015262699 0.804942333077397 0.00436196504678044
   outer loop
      vertex 5.66050607709947 8.2437049286786 -1.65872426217554
      vertex 6.17371018808053 7.86672120477081 -1.90009189447333
      vertex 5.78092000447838 8.15971592041179 -2.539
   endloop
endfacet
facet normal 0.949911520657084 0.312274654581647 0.0123548787472838
   outer loop
      vertex 9.35427519303321 3.53518537180211 -1.76579801036568
      vertex 9.6318335443495 2.68845356551748 -1.70452612122925
      vertex 9.4982013324489 3.12796602415466 -2.539
   endloop
endfacet
facet normal 0.94671529333816 0.322071114561659 -0.000592051224778842
   outer loop
      vertex 9.56354630345022 2.92208523177604 -0.873350128173056
      vertex 9.36309121431903 3.51176919975415 -0.626286543523217
      vertex 9.55854931153089 2.93838987526032 0.00584073743017943
   endloop
endfacet
facet normal -0.479756959369584 -0.877401303404319 0.000461216710049722
   outer loop
      vertex -5.1022917756145 -8.60038479583888 -0.65378498944122
      vertex -4.48376575568975 -8.93844755246144 -0.381766837792875
      vertex -5.10907384814811 -8.59635762484141 -0.0473486241315042
   endloop
endfacet
facet normal -0.408007039540141 0.912926166000095 0.00980158752735701
   outer loop
      vertex -4.05525749452897 9.14083621191555 1.01388263393563
      vertex -4.42859457803199 8.96591044252761 1.76581733540726
      vertex -3.72676217346187 9.27961441561306 1.76214407678422
   endloop
endfacet
facet normal -0.408092417892545 0.912891367585424 -0.00948311376235531
   outer loop
      vertex -3.72676217346187 9.27961441561306 1.76214407678422
      vertex -4.42859457803199 8.96591044252761 1.76581733540726
      vertex -4.05525343121738 9.14083801456955 2.539
   endloop
endfacet
facet normal -0.477684429909511 0.878458802599527 0.0113012192895329
   outer loop
      vertex -4.77453535406634 8.78656998792877 1.08382708458461
      vertex -5.11655710460205 8.59190569055237 1.75863043681322
      vertex -4.42859457803199 8.96591044252761 1.76581733540726
   endloop
endfacet
facet normal -0.477520993711572 0.87856493605116 -0.00986679817037535
   outer loop
      vertex -4.42859457803199 8.96591044252761 1.76581733540726
      vertex -5.11655710460205 8.59190569055237 1.75863043681322
      vertex -4.76867600053793 8.78975137315576 2.539
   endloop
endfacet
facet normal -0.479851148026415 0.877284161369418 -0.0107413196623221
   outer loop
      vertex -4.77453535406634 8.78656998792877 1.08382708458461
      vertex -4.50077168031214 8.92989665571221 0.559906582492642
      vertex -5.11081123234103 8.59532480755537 0.486693618887743
   endloop
endfacet
facet normal -0.481631360206536 0.876333294252587 0.00843743148186882
   outer loop
      vertex -5.11081123234103 8.59532480755537 0.486693618887743
      vertex -4.50077168031214 8.92989665571221 0.559906582492642
      vertex -4.68753671197766 8.83328928394523 -0.067255830833187
   endloop
endfacet
facet normal -0.477766563715839 -0.878396794246083 0.0125770606011365
   outer loop
      vertex -5.11431359828947 -8.59324132201298 1.75907989280158
      vertex -4.78642349427049 -8.78009966535093 1.16427942790315
      vertex -4.42966320342407 -8.96538252972124 1.77620811143437
   endloop
endfacet
facet normal -0.47734826374379 -0.878659077053068 -0.00984181960004331
   outer loop
      vertex -5.11431359828947 -8.59324132201298 1.75907989280158
      vertex -4.42966320342407 -8.96538252972124 1.77620811143437
      vertex -4.76867600053793 -8.78975137315576 2.539
   endloop
endfacet
facet normal -0.479530493488265 -0.877467041418117 -0.0101043079841411
   outer loop
      vertex -4.45774729728916 -8.95145178356624 0.44632598303845
      vertex -4.78642349427049 -8.78009966535093 1.16427942790315
      vertex -5.10514754731636 -8.59868993045625 0.536511457175188
   endloop
endfacet
facet normal -0.478501066399179 -0.878086923627562 -0.000289843290738636
   outer loop
      vertex -4.45774729728916 -8.95145178356624 0.44632598303845
      vertex -5.10514754731636 -8.59868993045625 0.536511457175188
      vertex -5.10907384814811 -8.59635762484141 -0.0473486241315042
   endloop
endfacet
facet normal -0.407912011203307 -0.91295288091117 0.0111726609215956
   outer loop
      vertex -4.42966320342407 -8.96538252972124 1.77620811143437
      vertex -4.12252207808832 -9.11069765252225 1.11572929676574
      vertex -3.72676217346188 -9.27961441561306 1.76214407678422
   endloop
endfacet
facet normal -0.408264697171009 -0.912813428008871 -0.00956988456345045
   outer loop
      vertex -4.42966320342407 -8.96538252972124 1.77620811143437
      vertex -3.72676217346188 -9.27961441561306 1.76214407678422
      vertex -4.05525343121737 -9.14083801456955 2.539
   endloop
endfacet
facet normal 0.995989956818165 -0.0894605377201674 -0.000904493321114385
   outer loop
      vertex 9.93036226206087 -1.17809394542086 -1.90962183038107
      vertex 9.980165588956 -0.629519512817999 -1.32603578151584
      vertex 9.93364043129988 -1.15012511564795 -1.06614729042965
   endloop
endfacet
facet normal -0.407989132362996 -0.912928771675593 -0.0102920221814291
   outer loop
      vertex -4.05772890518743 -9.13973939081451 -1.04946633367476
      vertex -4.42837555336121 -8.96601862358052 -1.76602932914729
      vertex -3.72676217346187 -9.27961441561306 -1.76214407678423
   endloop
endfacet
facet normal -0.408083665625851 -0.912895325864856 0.00947870579072261
   outer loop
      vertex -3.72676217346187 -9.27961441561306 -1.76214407678423
      vertex -4.42837555336121 -8.96601862358052 -1.76602932914729
      vertex -4.05525343121737 -9.14083801456955 -2.539
   endloop
endfacet
facet normal -0.47767598477489 -0.878462333676554 -0.0113834037476172
   outer loop
      vertex -4.77140678279752 -8.7882693013513 -1.08857853449924
      vertex -5.11653305949773 -8.59192000958266 -1.75858226426679
      vertex -4.42837555336121 -8.96601862358052 -1.76602932914729
   endloop
endfacet
facet normal 0.995989956818166 0.0894605377201531 0.000904493321126406
   outer loop
      vertex 9.93036226206087 1.17809394542085 1.90962183038106
      vertex 9.980165588956 0.629519512817979 1.32603578151584
      vertex 9.93364043129989 1.15012511564793 1.06614729042965
   endloop
endfacet
facet normal -0.477506088721147 -0.878572962261881 0.00987346021493234
   outer loop
      vertex -4.42837555336121 -8.96601862358052 -1.76602932914729
      vertex -5.11653305949773 -8.59192000958266 -1.75858226426679
      vertex -4.76867600053793 -8.78975137315576 -2.539
   endloop
endfacet
facet normal -0.483163867136581 -0.875465606272254 0.010613657615514
   outer loop
      vertex -4.77140678279752 -8.7882693013513 -1.08857853449924
      vertex -4.48376575568975 -8.93844755246144 -0.381766837792875
      vertex -5.1022917756145 -8.60038479583888 -0.65378498944122
   endloop
endfacet
facet normal -0.428723504557445 -0.903435466717254 -0.000717019775856384
   outer loop
      vertex -4.48376575568975 -8.93844755246144 -0.381766837792875
      vertex -4.10163319797607 -9.12012089334679 0.0379289285765569
      vertex -4.45774729728916 -8.95145178356624 0.44632598303845
   endloop
endfacet
facet normal 0.999610357257868 0.0279129658545508 0
   outer loop
      vertex 10 0 0.362714285714287
      vertex 9.98441732674405 0.55804179540004 0.69326873520311
      vertex 10 0 1.08814285714286
   endloop
endfacet
facet normal -0.477679662694858 0.878441546775849 -0.0127510292047592
   outer loop
      vertex -5.11516172651079 8.59273649727717 -1.75827413557417
      vertex -4.78128433909952 8.78289929742347 -1.16534423334595
      vertex -4.42897020462187 8.96572489688211 -1.76856570023539
   endloop
endfacet
facet normal 0.999632425915509 0.0271111242532337 0
   outer loop
      vertex 9.98529973883451 0.54202317813132 -0.923205432434389
      vertex 10 0 -0.362714285714286
      vertex 10 0 -1.08814285714286
   endloop
endfacet
facet normal -0.477433962271047 0.878612629835676 0.00983149853309874
   outer loop
      vertex -5.11516172651079 8.59273649727717 -1.75827413557417
      vertex -4.42897020462187 8.96572489688211 -1.76856570023539
      vertex -4.76867600053793 8.78975137315576 -2.539
   endloop
endfacet
facet normal -0.468008298586154 0.883651936834253 0.0112910133985484
   outer loop
      vertex -4.32987319470594 9.01400011747099 -0.54082328357907
      vertex -4.78128433909952 8.78289929742347 -1.16534423334595
      vertex -5.02397367288858 8.64636851713611 -0.539619508964745
   endloop
endfacet
facet normal 0.999610357257868 -0.0279129658545669 0
   outer loop
      vertex 10 0 -0.362714285714286
      vertex 9.98441732674404 -0.558041795400036 -0.693268735203113
      vertex 10 0 -1.08814285714286
   endloop
endfacet
facet normal -0.468013303253406 0.883571032838892 -0.0163026962754111
   outer loop
      vertex -4.32987319470594 9.01400011747099 -0.54082328357907
      vertex -5.02397367288858 8.64636851713611 -0.539619508964745
      vertex -4.68753671197766 8.83328928394523 -0.067255830833187
   endloop
endfacet
facet normal 0.999632425915509 -0.0271111242532336 0
   outer loop
      vertex 9.98529973883451 -0.542023178131321 0.923205432434392
      vertex 10 0 0.362714285714287
      vertex 10 0 1.08814285714286
   endloop
endfacet
facet normal -0.407957919543936 0.912911427632476 -0.0127695410809533
   outer loop
      vertex -4.42897020462187 8.96572489688211 -1.76856570023539
      vertex -4.06274865499864 9.13750914452657 -1.18743116780538
      vertex -3.72676217346187 9.27961441561306 -1.76214407678422
   endloop
endfacet
facet normal -0.408142546717269 0.912868694079912 0.00950836095117267
   outer loop
      vertex -4.42897020462187 8.96572489688211 -1.76856570023539
      vertex -3.72676217346187 9.27961441561306 -1.76214407678422
      vertex -4.05525343121738 9.14083801456955 -2.539
   endloop
endfacet
facet normal 0.987050943403288 -0.159997151960542 -0.0114606496846792
   outer loop
      vertex 9.86524539691468 -1.63613363105025 0.610462778556165
      vertex 9.79955371969402 -1.99217140197099 -0.0767585268143462
      vertex 9.93086210870555 -1.17387298200287 -0.191703790334107
   endloop
endfacet
facet normal 0.988427894880509 -0.151433804353628 0.00883739334150779
   outer loop
      vertex 9.86524539691468 -1.63613363105025 0.610462778556165
      vertex 9.93156615763164 -1.16790138992379 1.2161730242828
      vertex 9.81734345235808 -1.90256866852209 1.40259079762063
   endloop
endfacet
facet normal 0.987050943403289 0.159997151960536 0.0114606496846803
   outer loop
      vertex 9.86524539691469 1.63613363105023 -0.610462778556159
      vertex 9.79955371969403 1.99217140197097 0.0767585268143467
      vertex 9.93086210870555 1.17387298200288 0.191703790334108
   endloop
endfacet
facet normal 0.988427894880509 0.151433804353628 -0.00883739334151915
   outer loop
      vertex 9.86524539691469 1.63613363105023 -0.610462778556159
      vertex 9.93156615763164 1.16790138992378 -1.2161730242828
      vertex 9.81734345235808 1.90256866852207 -1.40259079762062
   endloop
endfacet
facet normal -0.543513379098594 0.839339877142539 0.0100884775450216
   outer loop
      vertex -5.11655710460205 8.59190569055237 1.75863043681322
      vertex -5.3953464418774 8.41963400464182 1.07158533600863
      vertex -5.74747826621903 8.1833057855209 1.76260542651136
   endloop
endfacet
facet normal -0.543603728436636 0.839293162486116 -0.00905394023845887
   outer loop
      vertex -5.11655710460205 8.59190569055237 1.75863043681322
      vertex -5.74747826621903 8.1833057855209 1.76260542651136
      vertex -5.45194674952265 8.38309469351083 2.539
   endloop
endfacet
facet normal 0.98018410131985 -0.197504549188614 -0.0152013344677476
   outer loop
      vertex 9.81385105325138 -1.92050188872511 -2.02922781364505
      vertex 9.71669346596542 -2.36344411579053 -2.539
      vertex 9.87375345395869 -1.58398002842173 -2.539
   endloop
endfacet
facet normal -0.605709481084509 0.795620158098145 0.0102268544635004
   outer loop
      vertex -5.74747826621903 8.1833057855209 1.76260542651136
      vertex -6.01869580405209 7.98594395286404 1.05329821706792
      vertex -6.36029987239496 7.71664341104425 1.77181012241341
   endloop
endfacet
facet normal -0.60590113069726 0.795483992236246 -0.0094359904443844
   outer loop
      vertex -5.74747826621903 8.1833057855209 1.76260542651136
      vertex -6.36029987239496 7.71664341104425 1.77181012241341
      vertex -6.10075129623211 7.92343572079197 2.539
   endloop
endfacet
facet normal 0.980184101319849 0.197504549188618 0.0152013344677627
   outer loop
      vertex 9.81385105325139 1.92050188872509 2.02922781364504
      vertex 9.71669346596543 2.36344411579047 2.539
      vertex 9.87375345395869 1.58398002842173 2.539
   endloop
endfacet
facet normal 0.428984362682845 0.903272976033495 0.00838733218525295
   outer loop
      vertex 4.15128373308903 9.09762844742466 1.30859807841791
      vertex 3.97108816155389 9.17771533733568 1.90005659138826
      vertex 4.54711090189792 8.90638997831563 1.65875416086442
   endloop
endfacet
facet normal 0.424622373049099 0.905359997783142 -0.00437203845599671
   outer loop
      vertex 4.54711090189792 8.90638997831563 1.65875416086442
      vertex 3.97108816155389 9.17771533733568 1.90005659138826
      vertex 4.41545497561351 8.97238860941332 2.539
   endloop
endfacet
facet normal -0.605530472817265 -0.795740500318705 0.0113974840309761
   outer loop
      vertex -5.98726686765963 -8.0095340348503 1.15527091585711
      vertex -5.74747826621901 -8.18330578552091 1.76260542651136
      vertex -6.35752465084094 -7.71892999799517 1.77321704752481
   endloop
endfacet
facet normal -0.60577180430285 -0.795583568350701 -0.00934381517557306
   outer loop
      vertex -6.35752465084094 -7.71892999799517 1.77321704752481
      vertex -5.74747826621901 -8.18330578552091 1.76260542651136
      vertex -6.1007512962321 -7.92343572079198 2.539
   endloop
endfacet
facet normal -0.605738342011615 -0.795553792944669 -0.0132372031929371
   outer loop
      vertex -5.98726686765963 -8.0095340348503 1.15527091585711
      vertex -6.37897105656751 -7.70121602472454 0.549907658691581
      vertex -5.69597373596163 -8.21923860215989 0.428821788122644
   endloop
endfacet
facet normal -0.602464731791266 -0.797991891806384 0.0156584660470358
   outer loop
      vertex -5.69597373596163 -8.21923860215989 0.428821788122644
      vertex -6.37897105656751 -7.70121602472454 0.549907658691581
      vertex -6.14035696379691 -7.89278254845215 -0.0320112372041836
   endloop
endfacet
facet normal -0.543398250864713 -0.839400378020249 0.0111958178188757
   outer loop
      vertex -5.43751958304833 -8.39245975766139 1.12549993593675
      vertex -5.11431359828947 -8.59324132201298 1.75907989280158
      vertex -5.74747826621901 -8.18330578552091 1.76260542651136
   endloop
endfacet
facet normal -0.543489423951238 -0.83936651034215 -0.00911632432466308
   outer loop
      vertex -5.74747826621901 -8.18330578552091 1.76260542651136
      vertex -5.11431359828947 -8.59324132201298 1.75907989280158
      vertex -5.45194674952264 -8.38309469351084 2.539
   endloop
endfacet
facet normal -0.543483568513494 -0.83932348012552 -0.0127163857217938
   outer loop
      vertex -5.11653305949773 -8.59192000958266 -1.75858226426679
      vertex -5.39467576403149 -8.42006374090905 -1.21416750185383
      vertex -5.74747826621901 -8.18330578552092 -1.76260542651136
   endloop
endfacet
facet normal -0.543603039360399 -0.839293604737823 0.00905431633682155
   outer loop
      vertex -5.11653305949773 -8.59192000958266 -1.75858226426679
      vertex -5.74747826621901 -8.18330578552092 -1.76260542651136
      vertex -5.45194674952264 -8.38309469351084 -2.539
   endloop
endfacet
facet normal 0.987582920023326 -0.156412556186945 0.014665890537763
   outer loop
      vertex 9.79955371969402 -1.99217140197099 -0.0767585268143462
      vertex 9.86774896426359 -1.62096587819569 -0.710013895480837
      vertex 9.93086210870555 -1.17387298200287 -0.191703790334107
   endloop
endfacet
facet normal 0.989637014924855 -0.143442584929088 -0.00654243987243197
   outer loop
      vertex 9.93364043129988 -1.15012511564795 -1.06614729042965
      vertex 9.86774896426359 -1.62096587819569 -0.710013895480837
      vertex 9.8396553635041 -1.78358692736433 -1.394113959792
   endloop
endfacet
facet normal 0.990283590101916 -0.139061188027783 -0.000630205651029925
   outer loop
      vertex 9.86774896426359 -1.62096587819569 -0.710013895480837
      vertex 9.93364043129988 -1.15012511564795 -1.06614729042965
      vertex 9.93086210870555 -1.17387298200287 -0.191703790334107
   endloop
endfacet
facet normal 0.987582920023328 0.156412556186938 -0.0146658905377618
   outer loop
      vertex 9.79955371969403 1.99217140197097 0.0767585268143467
      vertex 9.8677489642636 1.62096587819566 0.710013895480838
      vertex 9.93086210870555 1.17387298200288 0.191703790334108
   endloop
endfacet
facet normal 0.989637014924853 0.1434425849291 0.00654243987243976
   outer loop
      vertex 9.93364043129989 1.15012511564793 1.06614729042965
      vertex 9.8677489642636 1.62096587819566 0.710013895480838
      vertex 9.8396553635041 1.78358692736431 1.394113959792
   endloop
endfacet
facet normal 0.990283590101916 0.139061188027784 0.000630205651022655
   outer loop
      vertex 9.8677489642636 1.62096587819566 0.710013895480838
      vertex 9.93364043129989 1.15012511564793 1.06614729042965
      vertex 9.93086210870555 1.17387298200288 0.191703790334108
   endloop
endfacet
facet normal -0.605691376992012 -0.795622309304896 -0.0110948985513347
   outer loop
      vertex -5.74747826621901 -8.18330578552092 -1.76260542651136
      vertex -5.97617660089253 -8.01781224742415 -1.14518127820579
      vertex -6.36026488035626 -7.71667225244838 -1.77202246288435
   endloop
endfacet
facet normal -0.605901402575615 -0.795483782854151 0.00943618423686211
   outer loop
      vertex -5.74747826621901 -8.18330578552092 -1.76260542651136
      vertex -6.36026488035626 -7.71667225244838 -1.77202246288435
      vertex -6.1007512962321 -7.92343572079198 -2.539
   endloop
endfacet
facet normal 0.428997012459469 -0.903266862904449 -0.00839867130004879
   outer loop
      vertex 4.1514908953059 -9.09753391563846 -1.30865202249626
      vertex 3.97108816155392 -9.17771533733566 -1.90005659138826
      vertex 4.54728834148607 -8.90629938523205 -1.65869458325302
   endloop
endfacet
facet normal -0.390428983045559 -0.920633043364808 0.0000930744962912209
   outer loop
      vertex -3.70345789104304 -9.28893964073785 0.457624694945988
      vertex -4.10163319797607 -9.12012089334679 0.0379289285765569
      vertex -3.70695086200295 -9.28754624789 -0.412147420868463
   endloop
endfacet
facet normal -0.607136465863208 0.79450921165255 -0.0118500809438901
   outer loop
      vertex -5.93696813599098 8.04688817818588 -1.18504785676099
      vertex -5.7429344513052 8.18649521394912 -1.76612824648511
      vertex -6.38075329572233 7.69973943579447 -1.72299525070084
   endloop
endfacet
facet normal -0.606215572432085 0.795237651599739 0.00998785357181509
   outer loop
      vertex -6.38075329572233 7.69973943579447 -1.72299525070084
      vertex -5.7429344513052 8.18649521394912 -1.76612824648511
      vertex -6.10075129623211 7.92343572079197 -2.539
   endloop
endfacet
facet normal 0.424629427934545 -0.905356660048725 0.0043780175192583
   outer loop
      vertex 4.54728834148607 -8.90629938523205 -1.65869458325302
      vertex 3.97108816155392 -9.17771533733566 -1.90005659138826
      vertex 4.41545497561351 -8.97238860941332 -2.539
   endloop
endfacet
facet normal 0.999626948349181 0.0273123439877332 0
   outer loop
      vertex 9.98508071731791 0.546043101454591 -0.107254877771457
      vertex 10 0 0.362714285714287
      vertex 10 0 -0.362714285714286
   endloop
endfacet
facet normal -0.535611250672723 0.844348859297952 -0.0139854193733302
   outer loop
      vertex -5.2876112420257 8.48770683713825 -0.0218345633686408
      vertex -5.02397367288858 8.64636851713611 -0.539619508964745
      vertex -5.69935967149545 8.21689109912814 -0.602858841656795
   endloop
endfacet
facet normal 0.999626948349181 -0.0273123439877334 0
   outer loop
      vertex 9.98508071731791 -0.546043101454588 0.107254877771457
      vertex 10 0 -0.362714285714286
      vertex 10 0 0.362714285714287
   endloop
endfacet
facet normal -0.555629909084112 0.831406367330774 0.0062334976560473
   outer loop
      vertex -5.2876112420257 8.48770683713825 -0.0218345633686408
      vertex -5.69935967149545 8.21689109912814 -0.602858841656795
      vertex -5.81826936848291 8.13312618590007 -0.0296817447021933
   endloop
endfacet
facet normal -0.606406333059746 0.795150426610199 -0.00267549745865488
   outer loop
      vertex -5.81826936848291 8.13312618590007 -0.0296817447021933
      vertex -6.34286981438547 7.73097681523866 -0.645720797863084
      vertex -6.30150954299341 7.76472649096947 0.0102090145228768
   endloop
endfacet
facet normal -0.543153991814025 0.839560345737767 -0.0110529200291872
   outer loop
      vertex -5.34880692744849 8.44927597211021 -1.1736724708969
      vertex -5.11516172651079 8.59273649727717 -1.75827413557417
      vertex -5.7429344513052 8.18649521394912 -1.76612824648511
   endloop
endfacet
facet normal -0.543341889622407 0.839463601618293 0.00896953396759037
   outer loop
      vertex -5.7429344513052 8.18649521394912 -1.76612824648511
      vertex -5.11516172651079 8.59273649727717 -1.75827413557417
      vertex -5.45194674952265 8.38309469351083 -2.539
   endloop
endfacet
facet normal -0.417892447803219 0.908417355004543 -0.0119921305689572
   outer loop
      vertex -4.50077168031214 8.92989665571221 0.559906582492642
      vertex -4.05525749452897 9.14083621191555 1.01388263393563
      vertex -3.75376130519566 9.26872569793797 0.195349856793292
   endloop
endfacet
facet normal -0.269991017148022 0.962852976031556 -0.00435857850147508
   outer loop
      vertex -2.41890538200271 9.70303544015574 -0.0676708618076156
      vertex -3.02192420325493 9.53246946545238 -0.393532021147582
      vertex -2.90345527694758 9.56921874840184 0.386220033245248
   endloop
endfacet
facet normal -0.539619248116615 -0.841909062769744 -0.0004439462020535
   outer loop
      vertex -5.1022917756145 -8.60038479583888 -0.65378498944122
      vertex -5.10907384814811 -8.59635762484141 -0.0473486241315042
      vertex -5.68248413523717 -8.22857059596488 -0.542914974197095
   endloop
endfacet
facet normal -0.540247195579949 -0.841506167149387 0.000581650710082374
   outer loop
      vertex -5.68248413523717 -8.22857059596488 -0.542914974197095
      vertex -5.10907384814811 -8.59635762484141 -0.0473486241315042
      vertex -5.69597373596163 -8.21923860215989 0.428821788122644
   endloop
endfacet
facet normal -0.409420425197719 -0.912241810136442 0.0137766204094407
   outer loop
      vertex -4.48376575568975 -8.93844755246144 -0.381766837792875
      vertex -4.05772890518743 -9.13973939081451 -1.04946633367476
      vertex -3.70695086200295 -9.28754624789 -0.412147420868463
   endloop
endfacet
facet normal -0.334470239906547 0.942384563983897 0.00640251370460346
   outer loop
      vertex -3.02192420325493 9.53246946545238 -0.393532021147582
      vertex -3.75376130519566 9.26872569793797 0.195349856793292
      vertex -2.90345527694758 9.56921874840184 0.386220033245248
   endloop
endfacet
facet normal -0.396896639860472 0.917836758502336 -0.00698154777902048
   outer loop
      vertex -3.60051277287304 9.32932515096232 -0.549960807290233
      vertex -4.32987319470594 9.01400011747099 -0.54082328357907
      vertex -3.75376130519566 9.26872569793797 0.195349856793292
   endloop
endfacet
facet normal 0.995870889175377 0.0905361734875503 -0.00666133494694826
   outer loop
      vertex 9.98620295893014 0.52511947502909 -1.78419956864136
      vertex 9.91464861982787 1.3037418246514 -1.89910073868297
      vertex 9.93156615763164 1.16790138992378 -1.2161730242828
   endloop
endfacet
facet normal -0.5348237376965 0.844933550397967 0.00713197085180095
   outer loop
      vertex -5.11081123234103 8.59532480755537 0.486693618887743
      vertex -5.2876112420257 8.48770683713825 -0.0218345633686408
      vertex -5.58271515019269 8.29658312510693 0.491103791703869
   endloop
endfacet
facet normal -0.555450989839039 0.831492188451588 -0.00974363540059938
   outer loop
      vertex -5.58271515019269 8.29658312510693 0.491103791703869
      vertex -5.2876112420257 8.48770683713825 -0.0218345633686408
      vertex -5.81826936848291 8.13312618590007 -0.0296817447021933
   endloop
endfacet
facet normal -0.539154990873449 -0.842154371256432 -0.00937607540152879
   outer loop
      vertex -5.10514754731636 -8.59868993045625 0.536511457175188
      vertex -5.43751958304833 -8.39245975766139 1.12549993593675
      vertex -5.69597373596163 -8.21923860215989 0.428821788122644
   endloop
endfacet
facet normal -0.540424449699288 -0.841392500295414 0.000273155365020166
   outer loop
      vertex -5.10514754731636 -8.59868993045625 0.536511457175188
      vertex -5.69597373596163 -8.21923860215989 0.428821788122644
      vertex -5.10907384814811 -8.59635762484141 -0.0473486241315042
   endloop
endfacet
facet normal 0.996359700961908 0.0852464158400883 -0.000628399168766829
   outer loop
      vertex 9.93156615763164 1.16790138992378 -1.2161730242828
      vertex 9.98529973883451 0.54202317813132 -0.923205432434389
      vertex 9.98620295893014 0.52511947502909 -1.78419956864136
   endloop
endfacet
facet normal 0.995870889175377 -0.0905361734875482 0.00666133494694869
   outer loop
      vertex 9.98620295893014 -0.525119475029082 1.78419956864136
      vertex 9.91464861982787 -1.30374182465141 1.89910073868297
      vertex 9.93156615763164 -1.16790138992379 1.2161730242828
   endloop
endfacet
facet normal 0.996272603683022 0.0862593808488692 -0.000467296717283024
   outer loop
      vertex 9.93086210870555 1.17387298200288 0.191703790334108
      vertex 9.98441732674405 0.55804179540004 0.69326873520311
      vertex 9.98508071731791 0.546043101454591 -0.107254877771457
   endloop
endfacet
facet normal 0.999617078820221 0.027668115318412 0.00041367336882913
   outer loop
      vertex 9.98441732674405 0.55804179540004 0.69326873520311
      vertex 10 0 0.362714285714287
      vertex 9.98508071731791 0.546043101454591 -0.107254877771457
   endloop
endfacet
facet normal -0.996871320126144 0.0780527038230362 0.0124638090434712
   outer loop
      vertex -9.96514178385934 0.834235714639833 -1.75924015218092
      vertex -9.9926230508901 0.384037189370954 -1.13792726270408
      vertex -9.93168846116252 1.16686087877311 -1.16661517586434
   endloop
endfacet
facet normal -0.996963494598582 0.0772410619417587 -0.00987971598240085
   outer loop
      vertex -9.96172817278505 0.874054810375569 -0.424504347681169
      vertex -9.93168846116252 1.16686087877311 -1.16661517586434
      vertex -9.9926230508901 0.384037189370954 -1.13792726270408
   endloop
endfacet
facet normal -0.996861590162698 -0.0781891299031006 -0.0123866873413726
   outer loop
      vertex -9.96514178385933 -0.834235714640003 1.75924015218092
      vertex -9.99250016159128 -0.38722153942971 1.13928961397266
      vertex -9.93168846116251 -1.16686087877327 1.16661517586434
   endloop
endfacet
facet normal -0.996950163020222 -0.0774166411674213 0.00985069156493927
   outer loop
      vertex -9.96202893086309 -0.870620227565791 0.42413126271429
      vertex -9.93168846116251 -1.16686087877327 1.16661517586434
      vertex -9.99250016159128 -0.38722153942971 1.13928961397266
   endloop
endfacet
facet normal -0.999943449878384 -0.000264620357474527 0.0106314167157037
   outer loop
      vertex -9.99994698913194 0.03256093596767 -0.489347183775727
      vertex -9.99457449107795 -0.329364148464782 0.00695746069905478
      vertex -9.99404678475374 0.345005600176927 0.0733764963921502
   endloop
endfacet
facet normal -0.999933211674484 0.00190518187880832 -0.0113992312179781
   outer loop
      vertex -9.99996660090097 0.0258453257867399 0.539316900604851
      vertex -9.99404678475374 0.345005600176927 0.0733764963921502
      vertex -9.99457449107795 -0.329364148464782 0.00695746069905478
   endloop
endfacet
facet normal 0.996359700961909 -0.0852464158400867 0.00062839916876769
   outer loop
      vertex 9.93156615763164 -1.16790138992379 1.2161730242828
      vertex 9.98529973883451 -0.542023178131321 0.923205432434392
      vertex 9.98620295893014 -0.525119475029082 1.78419956864136
   endloop
endfacet
facet normal 0.939334132238858 -0.342411669554712 -0.0201404211432129
   outer loop
      vertex 9.55854931153089 -2.93838987526032 -0.00584073743018143
      vertex 9.36309121431902 -3.51176919975415 0.626286543523215
      vertex 9.20810645043207 -3.90009943431078 0
   endloop
endfacet
facet normal 0.939413863265563 -0.342196457353471 0.0200792947885159
   outer loop
      vertex 9.32505276212678 -3.61156350955533 -0.554054079609776
      vertex 9.55854931153089 -2.93838987526032 -0.00584073743018143
      vertex 9.20810645043207 -3.90009943431078 0
   endloop
endfacet
facet normal 0.939413863265565 0.342196457353465 -0.0200792947885167
   outer loop
      vertex 9.32505276212679 3.61156350955532 0.554054079609777
      vertex 9.55854931153089 2.93838987526032 0.00584073743017943
      vertex 9.20810645043208 3.90009943431077 0
   endloop
endfacet
facet normal -0.564748371363638 0.825206392088792 0.00967923023367879
   outer loop
      vertex -5.7429344513052 8.18649521394912 -1.76612824648511
      vertex -5.93696813599098 8.04688817818588 -1.18504785676099
      vertex -5.34880692744849 8.44927597211021 -1.1736724708969
   endloop
endfacet
facet normal 0.542277341391797 0.840137730221193 -0.0101921181226835
   outer loop
      vertex 5.61508977901484 8.27470644637035 0.6934513724788
      vertex 5.78791553391898 8.15475528585741 0.00115122913680121
      vertex 5.13918534439121 8.57838994194101 0.405363179764261
   endloop
endfacet
facet normal -0.568052865548226 -0.822929276674378 0.0101659989491566
   outer loop
      vertex -5.97617660089253 -8.01781224742415 -1.14518127820579
      vertex -5.74747826621901 -8.18330578552092 -1.76260542651136
      vertex -5.39467576403149 -8.42006374090905 -1.21416750185383
   endloop
endfacet
facet normal 0.996272603683022 -0.0862593808488649 0.000467296717271795
   outer loop
      vertex 9.93086210870555 -1.17387298200287 -0.191703790334107
      vertex 9.98441732674404 -0.558041795400036 -0.693268735203113
      vertex 9.98508071731791 -0.546043101454588 0.107254877771457
   endloop
endfacet
facet normal -0.571862641538627 -0.820300863870254 -0.00892255267171077
   outer loop
      vertex -5.74747826621901 -8.18330578552091 1.76260542651136
      vertex -5.98726686765963 -8.0095340348503 1.15527091585711
      vertex -5.43751958304833 -8.39245975766139 1.12549993593675
   endloop
endfacet
facet normal -0.571255866695315 -0.820734413673103 0.00785856086396304
   outer loop
      vertex -5.69597373596163 -8.21923860215989 0.428821788122644
      vertex -5.43751958304833 -8.39245975766139 1.12549993593675
      vertex -5.98726686765963 -8.0095340348503 1.15527091585711
   endloop
endfacet
facet normal -0.570884043055242 0.820968052647774 -0.0101422835999626
   outer loop
      vertex -6.01869580405209 7.98594395286404 1.05329821706792
      vertex -5.74747826621903 8.1833057855209 1.76260542651136
      vertex -5.3953464418774 8.41963400464182 1.07158533600863
   endloop
endfacet
facet normal 0.542278357216566 -0.840172650439624 -0.006640839386697
   outer loop
      vertex 5.78791553391905 -8.15475528585736 -0.00115122913680121
      vertex 5.64990254214027 -8.25097577649558 0.902404156014219
      vertex 5.10106798244689 -8.6011107095802 0.38329678535501
   endloop
endfacet
facet normal -0.36931670132209 0.929200406708271 0.0138484041590833
   outer loop
      vertex -3.31949414286723 9.43297188777059 -1.19088257822092
      vertex -3.72676217346187 9.27961441561306 -1.76214407678422
      vertex -4.06274865499864 9.13750914452657 -1.18743116780538
   endloop
endfacet
facet normal -0.333225385093516 0.942812052545481 0.00814102599519487
   outer loop
      vertex -3.60051277287304 9.32932515096232 -0.549960807290233
      vertex -3.75376130519566 9.26872569793797 0.195349856793292
      vertex -3.02192420325493 9.53246946545238 -0.393532021147582
   endloop
endfacet
facet normal -0.372668695570092 -0.927920300955132 0.00905308883334347
   outer loop
      vertex -3.72676217346187 -9.27961441561306 -1.76214407678423
      vertex -3.40687063361667 -9.40176751923809 -1.11427479065992
      vertex -4.05772890518743 -9.13973939081451 -1.04946633367476
   endloop
endfacet
facet normal -0.374222925390407 -0.927294252148382 -0.00908691613355846
   outer loop
      vertex -3.70695086200295 -9.28754624789 -0.412147420868463
      vertex -4.05772890518743 -9.13973939081451 -1.04946633367476
      vertex -3.40687063361667 -9.40176751923809 -1.11427479065992
   endloop
endfacet
facet normal -0.374101447513381 -0.927292774797614 -0.0132746667202678
   outer loop
      vertex -3.37310617774983 -9.41393407208835 1.17835744634488
      vertex -3.72676217346188 -9.27961441561306 1.76214407678422
      vertex -4.12252207808832 -9.11069765252225 1.11572929676574
   endloop
endfacet
facet normal 0.99961707882022 -0.0276681153184216 -0.000413673368840109
   outer loop
      vertex 9.98441732674404 -0.558041795400036 -0.693268735203113
      vertex 10 0 -0.362714285714286
      vertex 9.98508071731791 -0.546043101454588 0.107254877771457
   endloop
endfacet
facet normal -0.370819006402482 0.928657156145314 -0.00944197176300155
   outer loop
      vertex -3.72676217346187 9.27961441561306 1.76214407678422
      vertex -3.34513240389478 9.42391050469035 0.966338240071749
      vertex -4.05525749452897 9.14083621191555 1.01388263393563
   endloop
endfacet
facet normal -0.369757101825351 0.929085182681766 0.0089671049344789
   outer loop
      vertex -3.75376130519566 9.26872569793797 0.195349856793292
      vertex -4.05525749452897 9.14083621191555 1.01388263393563
      vertex -3.34513240389478 9.42391050469035 0.966338240071749
   endloop
endfacet
facet normal 0.996589708630416 0.0822043215069381 -0.00716953119288711
   outer loop
      vertex 9.93156615763164 1.16790138992378 -1.2161730242828
      vertex 9.95007666837251 0.997985116877466 -0.591371702331786
      vertex 9.98529973883451 0.54202317813132 -0.923205432434389
   endloop
endfacet
facet normal 0.996589708630416 -0.082204321506938 0.00716953119288495
   outer loop
      vertex 9.93156615763164 -1.16790138992379 1.2161730242828
      vertex 9.95007666837251 -0.997985116877459 0.591371702331789
      vertex 9.98529973883451 -0.542023178131321 0.923205432434392
   endloop
endfacet
facet normal 0.996165091100228 0.0874355655923016 -0.0031832597801281
   outer loop
      vertex 9.98441732674405 0.55804179540004 0.69326873520311
      vertex 9.93364043129989 1.15012511564793 1.06614729042965
      vertex 9.980165588956 0.629519512817979 1.32603578151584
   endloop
endfacet
facet normal 0.996297771038335 0.0859654645510707 -0.000830860135145201
   outer loop
      vertex 9.93364043129989 1.15012511564793 1.06614729042965
      vertex 9.98441732674405 0.55804179540004 0.69326873520311
      vertex 9.93086210870555 1.17387298200288 0.191703790334108
   endloop
endfacet
facet normal 0.542281521142175 -0.840135215468962 0.0101770111844881
   outer loop
      vertex 5.61520759537782 -8.27462649675568 -0.694056232706534
      vertex 5.78791553391905 -8.15475528585736 -0.00115122913680121
      vertex 5.13904724953476 -8.57847267099739 -0.405063174522409
   endloop
endfacet
facet normal 0.996165091100228 -0.0874355655923126 0.00318325978014666
   outer loop
      vertex 9.98441732674404 -0.558041795400036 -0.693268735203113
      vertex 9.93364043129988 -1.15012511564795 -1.06614729042965
      vertex 9.980165588956 -0.629519512817999 -1.32603578151584
   endloop
endfacet
facet normal 0.996297771038335 -0.0859654645510645 0.000830860135136179
   outer loop
      vertex 9.93364043129988 -1.15012511564795 -1.06614729042965
      vertex 9.98441732674404 -0.558041795400036 -0.693268735203113
      vertex 9.93086210870555 -1.17387298200287 -0.191703790334107
   endloop
endfacet
facet normal -0.336949582825528 -0.941472406363158 0.00973070863127444
   outer loop
      vertex -3.17551653619663 -9.48240975324003 0.0201279754105557
      vertex -2.99427674699182 -9.54119000766802 0.608850133073201
      vertex -3.70345789104304 -9.28893964073785 0.457624694945988
   endloop
endfacet
facet normal -0.643741803917319 -0.765135949952518 0.0127854596919563
   outer loop
      vertex -6.73389981232112 -7.39287449627149 0
      vertex -6.40482217259031 -7.67973000420559 -0.597743711781664
      vertex -6.14035696379691 -7.89278254845215 -0.0320112372041836
   endloop
endfacet
facet normal -0.644545065692021 -0.764461921253448 -0.0126344467847151
   outer loop
      vertex -6.37897105656751 -7.70121602472454 0.549907658691581
      vertex -6.73389981232112 -7.39287449627149 0
      vertex -6.14035696379691 -7.89278254845215 -0.0320112372041836
   endloop
endfacet
facet normal -0.652062747340895 0.758162077563522 0.00210657893483935
   outer loop
      vertex -6.34286981438547 7.73097681523866 -0.645720797863084
      vertex -6.73389981232116 7.39287449627146 0
      vertex -6.30150954299341 7.76472649096947 0.0102090145228768
   endloop
endfacet
facet normal -0.651953822368993 0.758239866934068 -0.00534019571419991
   outer loop
      vertex -6.73389981232116 7.39287449627146 0
      vertex -6.47188522492136 7.62329991771573 0.729622907271942
      vertex -6.30150954299341 7.76472649096947 0.0102090145228768
   endloop
endfacet
facet normal -0.284992888192987 -0.958484638542138 0.00928716093149383
   outer loop
      vertex -2.949809066307 -9.55503147416758 -0.548590521225055
      vertex -2.52661007647738 -9.67554864188295 0
      vertex -3.17551653619663 -9.48240975324003 0.0201279754105557
   endloop
endfacet
facet normal -0.285483362770229 -0.958351934811583 -0.007798629642294
   outer loop
      vertex -2.52661007647738 -9.67554864188295 0
      vertex -2.99427674699182 -9.54119000766802 0.608850133073201
      vertex -3.17551653619663 -9.48240975324003 0.0201279754105557
   endloop
endfacet
facet normal 0.93933413223886 0.342411669554706 0.0201404211432227
   outer loop
      vertex 9.55854931153089 2.93838987526032 0.00584073743017943
      vertex 9.36309121431903 3.51176919975415 -0.626286543523217
      vertex 9.20810645043208 3.90009943431077 0
   endloop
endfacet
facet normal 0.985516581966613 0.169213930935116 0.011122600699948
   outer loop
      vertex 9.78436383599922 2.06548404128202 -1.94401649244443
      vertex 9.91464861982787 1.3037418246514 -1.89910073868297
      vertex 9.87375345395869 1.58398002842173 -2.539
   endloop
endfacet
facet normal -0.702175700260388 -0.711898039273974 0.0122665252499092
   outer loop
      vertex -7.29958329894276 -6.83491650730248 0
      vertex -7.00141659603047 -7.14003961115267 -0.640044820877821
      vertex -6.73389981232112 -7.39287449627149 0
   endloop
endfacet
facet normal -0.702183563534782 -0.711906011423425 -0.0113169784299482
   outer loop
      vertex -6.97295849998987 -7.16783438406741 0.676476725575961
      vertex -7.29958329894276 -6.83491650730248 0
      vertex -6.73389981232112 -7.39287449627149 0
   endloop
endfacet
facet normal -0.702179862622542 0.711902259268253 0.0117734351888333
   outer loop
      vertex -6.99798623124827 7.14340176017418 -0.665562835616875
      vertex -7.2995832989428 6.83491650730243 0
      vertex -6.73389981232116 7.39287449627146 0
   endloop
endfacet
facet normal -0.702183563534795 0.711906011423413 -0.0113169784299459
   outer loop
      vertex -7.2995832989428 6.83491650730243 0
      vertex -6.97295849998991 7.16783438406737 0.676476725575964
      vertex -6.73389981232116 7.39287449627146 0
   endloop
endfacet
facet normal -0.214006628065255 -0.976766629450758 0.0113187780057973
   outer loop
      vertex -2.2072015384757 -9.75337179484872 -0.676708618076159
      vertex -1.75041705850848 -9.8456101954771 0
      vertex -2.52661007647738 -9.67554864188295 0
   endloop
endfacet
facet normal -0.214006628065255 -0.976766629450758 -0.0113187780057973
   outer loop
      vertex -1.75041705850848 -9.8456101954771 0
      vertex -2.2072015384757 -9.75337179484872 0.676708618076159
      vertex -2.52661007647738 -9.67554864188295 0
   endloop
endfacet
facet normal -0.209599849897705 0.977730092347257 0.0105721067665957
   outer loop
      vertex -1.75041705850848 9.8456101954771 0
      vertex -2.15998513106569 9.7639369228593 -0.566678930154989
      vertex -2.41890538200271 9.70303544015574 -0.0676708618076156
   endloop
endfacet
facet normal -0.207684464570552 0.978152244418316 -0.00923850179703376
   outer loop
      vertex -2.18344716800904 9.75871705013079 0.534599808280165
      vertex -1.75041705850848 9.8456101954771 0
      vertex -2.41890538200271 9.70303544015574 -0.0676708618076156
   endloop
endfacet
facet normal -0.756489618071036 -0.653907730894174 0.0113197715335472
   outer loop
      vertex -7.81923114018319 -6.23374882204838 0
      vertex -7.52045095617615 -6.59111655303934 -0.676817085725954
      vertex -7.29958329894276 -6.83491650730248 0
   endloop
endfacet
facet normal -0.756489618071036 -0.653907730894173 -0.0113197715335566
   outer loop
      vertex -7.52045095617615 -6.59111655303935 0.676817085725956
      vertex -7.81923114018319 -6.23374882204838 0
      vertex -7.29958329894276 -6.83491650730248 0
   endloop
endfacet
facet normal -0.756492056663814 0.653909838807655 0.0110313605280557
   outer loop
      vertex -7.5881498583818 6.51306239235739 -0.710224055427464
      vertex -7.81923114018325 6.2337488220483 0
      vertex -7.2995832989428 6.83491650730243 0
   endloop
endfacet
facet normal -0.756489618071039 0.653907730894169 -0.0113197715335613
   outer loop
      vertex -7.81923114018325 6.2337488220483 0
      vertex -7.52045095617621 6.59111655303928 0.676817085725956
      vertex -7.2995832989428 6.83491650730243 0
   endloop
endfacet
facet normal 0.980219875496707 0.197511757592288 -0.0125738337043699
   outer loop
      vertex 9.71669346596543 2.36344411579047 -2.539
      vertex 9.78436383599922 2.06548404128202 -1.94401649244443
      vertex 9.87375345395869 1.58398002842173 -2.539
   endloop
endfacet
facet normal 0.985516581966612 -0.169213930935123 -0.0111226006999485
   outer loop
      vertex 9.78436383599921 -2.06548404128206 1.94401649244443
      vertex 9.91464861982787 -1.30374182465141 1.89910073868297
      vertex 9.87375345395869 -1.58398002842173 2.539
   endloop
endfacet
facet normal 0.980219875496708 -0.197511757592284 0.0125738337043624
   outer loop
      vertex 9.71669346596542 -2.36344411579053 2.539
      vertex 9.78436383599921 -2.06548404128206 1.94401649244443
      vertex 9.87375345395869 -1.58398002842173 2.539
   endloop
endfacet
facet normal -0.538227038134431 -0.842744710968464 0.00964404249871037
   outer loop
      vertex -5.68248413523717 -8.22857059596488 -0.542914974197095
      vertex -5.39467576403149 -8.42006374090905 -1.21416750185383
      vertex -5.1022917756145 -8.60038479583888 -0.65378498944122
   endloop
endfacet
facet normal -0.135774272603947 -0.990675103678138 0.0113219190590181
   outer loop
      vertex -1.42519683037691 -9.89791968014914 -0.67701987624303
      vertex -0.963097883188489 -9.95351407631485 0
      vertex -1.75041705850848 -9.8456101954771 0
   endloop
endfacet
facet normal -0.135774272603947 -0.990675103678138 -0.0113219190590161
   outer loop
      vertex -0.963097883188489 -9.95351407631485 0
      vertex -1.4251968303769 -9.89791968014914 0.677019876243029
      vertex -1.75041705850848 -9.8456101954771 0
   endloop
endfacet
facet normal -0.13577427260395 0.990675103678138 0.0113219190590167
   outer loop
      vertex -0.963097883188506 9.95351407631485 0
      vertex -1.42519683037691 9.89791968014914 -0.67701987624303
      vertex -1.75041705850848 9.8456101954771 0
   endloop
endfacet
facet normal -0.13577427260395 0.990675103678138 -0.0113219190590167
   outer loop
      vertex -1.42519683037691 9.89791968014914 0.677019876243029
      vertex -0.963097883188506 9.95351407631485 0
      vertex -1.75041705850848 9.8456101954771 0
   endloop
endfacet
facet normal -0.806023815152952 -0.591774786052934 0.0113230737118292
   outer loop
      vertex -8.28954666252061 -5.59315797469492 0
      vertex -8.02042867522144 -5.97266472068252 -0.677114426561274
      vertex -7.81923114018319 -6.23374882204838 0
   endloop
endfacet
facet normal -0.806023815152952 -0.591774786052934 -0.0113230737118292
   outer loop
      vertex -8.02042867522144 -5.97266472068252 0.677114426561273
      vertex -8.28954666252061 -5.59315797469492 0
      vertex -7.81923114018319 -6.23374882204838 0
   endloop
endfacet
facet normal -0.806025917503024 0.591776329577751 0.0110903590966885
   outer loop
      vertex -8.04752820348257 5.9361005562703 -0.709819367719347
      vertex -8.28954666252069 5.59315797469481 0
      vertex -7.81923114018325 6.2337488220483 0
   endloop
endfacet
facet normal -0.806023815152954 0.591774786052932 -0.0113230737118325
   outer loop
      vertex -8.28954666252069 5.59315797469481 0
      vertex -8.02042867522151 5.97266472068243 0.677114426561278
      vertex -7.81923114018325 6.2337488220483 0
   endloop
endfacet
facet normal 0.90451992225758 -0.4262605232626 0.012069653973379
   outer loop
      vertex 8.86932095703163 -4.61899835041749 0
      vertex 9.0684163420037 -4.21471529857951 -0.64258983159154
      vertex 9.20810645043207 -3.90009943431078 0
   endloop
endfacet
facet normal 0.904520579883797 -0.42626083317296 -0.0120092743067232
   outer loop
      vertex 9.03532624674275 -4.28519306623652 0.655083909304948
      vertex 8.86932095703163 -4.61899835041749 0
      vertex 9.20810645043207 -3.90009943431078 0
   endloop
endfacet
facet normal 0.904520579883794 0.426260833172966 0.0120092743067194
   outer loop
      vertex 9.03532624674275 4.28519306623652 -0.655083909304949
      vertex 8.86932095703163 4.61899835041749 0
      vertex 9.20810645043208 3.90009943431077 0
   endloop
endfacet
facet normal 0.904519922257577 0.426260523262606 -0.0120696539733822
   outer loop
      vertex 8.86932095703163 4.61899835041749 0
      vertex 9.06841634200371 4.2147152985795 0.642589831591539
      vertex 9.20810645043208 3.90009943431077 0
   endloop
endfacet
facet normal -0.0566772668140139 -0.998328312673722 0.0113255260598384
   outer loop
      vertex -0.634114160515896 -9.9798747102072 -0.677290298644846
      vertex -0.169624772721035 -9.99856126832653 0
      vertex -0.963097883188489 -9.95351407631485 0
   endloop
endfacet
facet normal -0.0566772668140139 -0.998328312673722 -0.0113255260598368
   outer loop
      vertex -0.169624772721035 -9.99856126832653 0
      vertex -0.634114160515877 -9.9798747102072 0.677290298644846
      vertex -0.963097883188489 -9.95351407631485 0
   endloop
endfacet
facet normal -0.0566772668140015 0.998328312673723 0.0113255260598441
   outer loop
      vertex -0.169624772721035 9.99856126832652 0
      vertex -0.634114160515909 9.9798747102072 -0.677290298644846
      vertex -0.963097883188506 9.95351407631485 0
   endloop
endfacet
facet normal -0.0566772668140015 0.998328312673723 -0.0113255260598441
   outer loop
      vertex -0.634114160515909 9.9798747102072 0.677290298644845
      vertex -0.169624772721035 9.99856126832652 0
      vertex -0.963097883188506 9.95351407631485 0
   endloop
endfacet
facet normal -0.850471805197231 -0.525898670481796 0.0113268243582134
   outer loop
      vertex -8.70754415490295 -4.91718159014038 0
      vertex -8.46971425463942 -5.31638415135304 -0.677371816232043
      vertex -8.28954666252061 -5.59315797469492 0
   endloop
endfacet
facet normal -0.850471805197231 -0.525898670481796 -0.0113268243582133
   outer loop
      vertex -8.46971425463942 -5.31638415135304 0.677371816232044
      vertex -8.70754415490295 -4.91718159014038 0
      vertex -8.28954666252061 -5.59315797469492 0
   endloop
endfacet
facet normal -0.850480472207958 0.525904029823953 0.0103883496213649
   outer loop
      vertex -8.45859078150371 5.33406430323636 -0.722955665578448
      vertex -8.70754415490303 4.91718159014024 0
      vertex -8.28954666252069 5.59315797469481 0
   endloop
endfacet
facet normal -0.850471805197242 0.525898670481779 -0.011326824358219
   outer loop
      vertex -8.70754415490303 4.91718159014024 0
      vertex -8.46971425463951 5.31638415135291 0.677371816232044
      vertex -8.28954666252069 5.59315797469481 0
   endloop
endfacet
facet normal 0.867819946805919 -0.496749647702677 0.0113281698891845
   outer loop
      vertex 8.47448033565082 -5.30878357447989 0
      vertex 8.71186059241895 -4.90953002009945 -0.677449172623599
      vertex 8.86932095703163 -4.61899835041749 0
   endloop
endfacet
facet normal 0.867819946805919 -0.496749647702677 -0.0113281698891845
   outer loop
      vertex 8.71186059241895 -4.90953002009945 0.677449172623599
      vertex 8.47448033565082 -5.30878357447989 0
      vertex 8.86932095703163 -4.61899835041749 0
   endloop
endfacet
facet normal 0.867819946805919 0.496749647702677 0.0113281698891845
   outer loop
      vertex 8.71186059241895 4.90953002009945 -0.677449172623601
      vertex 8.47448033565082 5.30878357447989 0
      vertex 8.86932095703163 4.61899835041749 0
   endloop
endfacet
facet normal 0.867819946805919 0.496749647702677 -0.0113281698891845
   outer loop
      vertex 8.47448033565082 5.30878357447989 0
      vertex 8.71186059241895 4.90953002009945 0.677449172623599
      vertex 8.86932095703163 4.61899835041749 0
   endloop
endfacet
facet normal 0.0227847556333994 -0.999676195545951 0.0113295617523159
   outer loop
      vertex 0.161041319284481 -9.99870320058972 -0.677522447496182
      vertex 0.624989118574475 -9.98045032058491 0
      vertex -0.169624772721035 -9.99856126832653 0
   endloop
endfacet
facet normal 0.0227847556333994 -0.999676195545951 -0.0113295617523163
   outer loop
      vertex 0.624989118574475 -9.98045032058491 0
      vertex 0.161041319284491 -9.99870320058972 0.677522447496183
      vertex -0.169624772721035 -9.99856126832653 0
   endloop
endfacet
facet normal 0.0227847556333882 0.999676195545951 0.0113295617523234
   outer loop
      vertex 0.624989118574476 9.98045032058491 0
      vertex 0.161041319284475 9.99870320058972 -0.677522447496183
      vertex -0.169624772721035 9.99856126832652 0
   endloop
endfacet
facet normal 0.0227847556333882 0.999676195545951 -0.0113295617523234
   outer loop
      vertex 0.161041319284475 9.99870320058972 0.677522447496182
      vertex 0.624989118574476 9.98045032058491 0
      vertex -0.169624772721035 9.99856126832652 0
   endloop
endfacet
facet normal -0.889551316951948 -0.456694715322815 0.0113309975407225
   outer loop
      vertex -9.07056803392872 -4.21008260511246 0
      vertex -8.86545188755935 -4.62642008786172 -0.677591712805305
      vertex -8.70754415490295 -4.91718159014038 0
   endloop
endfacet
facet normal -0.889551316951948 -0.456694715322815 -0.0113309975407084
   outer loop
      vertex -8.86545188755934 -4.62642008786172 0.677591712805306
      vertex -9.07056803392872 -4.21008260511246 0
      vertex -8.70754415490295 -4.91718159014038 0
   endloop
endfacet
facet normal -0.886854560043603 0.461998260211647 0.00682619156483256
   outer loop
      vertex -8.82432316969611 4.70439375443471 -0.770325861286384
      vertex -9.01267062693032 4.33263986161642 -0.0799188688339339
      vertex -8.70754415490303 4.91718159014024 0
   endloop
endfacet
facet normal -0.8860420461846 0.463543006736484 -0.00757451640091404
   outer loop
      vertex -9.01267062693032 4.33263986161642 -0.0799188688339339
      vertex -8.86545188755941 4.62642008786159 0.677591712805306
      vertex -8.70754415490303 4.91718159014024 0
   endloop
endfacet
facet normal 0.825626620731326 -0.564103056250796 0.0113324784704683
   outer loop
      vertex 8.02606549918376 -5.96508781182742 0
      vertex 8.29409700819086 -5.58640804262626 -0.677657046015322
      vertex 8.47448033565082 -5.30878357447989 0
   endloop
endfacet
facet normal 0.825626620731326 -0.564103056250796 -0.0113324784704622
   outer loop
      vertex 8.29409700819087 -5.58640804262624 0.677657046015321
      vertex 8.02606549918376 -5.96508781182742 0
      vertex 8.47448033565082 -5.30878357447989 0
   endloop
endfacet
facet normal 0.825626620731328 0.564103056250792 0.0113324784704731
   outer loop
      vertex 8.29409700819088 5.58640804262624 -0.677657046015318
      vertex 8.02606549918377 5.96508781182741 0
      vertex 8.47448033565082 5.30878357447989 0
   endloop
endfacet
facet normal 0.825626620731328 0.564103056250792 -0.0113324784704732
   outer loop
      vertex 8.02606549918377 5.96508781182741 0
      vertex 8.29409700819088 5.58640804262624 0.677657046015317
      vertex 8.47448033565082 5.30878357447989 0
   endloop
endfacet
facet normal 0.102109663771128 -0.994708578892263 0.0113340038239289
   outer loop
      vertex 0.955237398517725 -9.95427152093377 -0.677718513883792
      vertex 1.41572165681222 -9.89927937733009 0
      vertex 0.624989118574475 -9.98045032058491 0
   endloop
endfacet
facet normal 0.102109663771128 -0.994708578892263 -0.0113340038239279
   outer loop
      vertex 1.41572165681222 -9.89927937733009 0
      vertex 0.955237398517718 -9.95427152093377 0.677718513883792
      vertex 0.624989118574475 -9.98045032058491 0
   endloop
endfacet
facet normal 0.102109663771128 0.994708578892263 0.0113340038239273
   outer loop
      vertex 1.41572165681222 9.89927937733009 0
      vertex 0.955237398517715 9.95427152093377 -0.677718513883793
      vertex 0.624989118574476 9.98045032058491 0
   endloop
endfacet
facet normal 0.102109663771128 0.994708578892263 -0.0113340038239281
   outer loop
      vertex 0.95523739851772 9.95427152093377 0.677718513883793
      vertex 1.41572165681222 9.89927937733009 0
      vertex 0.624989118574476 9.98045032058491 0
   endloop
endfacet
facet normal -0.920981375304556 -0.389511835563928 0.00859280499887271
   outer loop
      vertex -9.33098642644723 -3.59620526520074 -0.084722022236138
      vertex -9.20014862805097 -3.91883467650421 -0.686248380112716
      vertex -9.07056803392872 -4.21008260511246 0
   endloop
endfacet
facet normal -0.920173082606333 -0.391433754621667 -0.0078175309108522
   outer loop
      vertex -9.20014862805097 -3.91883467650421 0.669303975665487
      vertex -9.33098642644723 -3.59620526520074 -0.084722022236138
      vertex -9.07056803392872 -4.21008260511246 0
   endloop
endfacet
facet normal -0.917722691310393 0.397047073261301 0.0117763945520144
   outer loop
      vertex -9.1731100193241 3.98171477800404 -0.751184897042922
      vertex -9.32852370705988 3.60258871463589 -0.0799925344620944
      vertex -9.01267062693032 4.33263986161642 -0.0799188688339339
   endloop
endfacet
facet normal -0.91773848054222 0.39705611438897 -0.0101253818886224
   outer loop
      vertex -9.32852370705988 3.60258871463589 -0.0799925344620944
      vertex -9.20512454960504 3.90713219974173 0.677776177889101
      vertex -9.01267062693032 4.33263986161642 -0.0799188688339339
   endloop
endfacet
facet normal 0.779658443491242 -0.626123604406055 0.0100967073040902
   outer loop
      vertex 7.55696552136828 -6.5492191984122 -0.0000684054469357598
      vertex 7.83110809970706 -6.21882190858545 -0.680293524698419
      vertex 8.02606549918376 -5.96508781182742 0
   endloop
endfacet
facet normal 0.779659601732711 -0.626122169838625 -0.0100962301164247
   outer loop
      vertex 7.83110931940224 -6.21882037267288 0.680266197608425
      vertex 7.55696552136828 -6.5492191984122 -0.0000684054469357598
      vertex 8.02606549918376 -5.96508781182742 0
   endloop
endfacet
facet normal 0.778213108419359 0.627897942457832 0.0113371840198255
   outer loop
      vertex 7.82382099769048 6.22798723474105 -0.677830097806505
      vertex 7.52689721473751 6.5837541204678 0
      vertex 8.02606549918377 5.96508781182741 0
   endloop
endfacet
facet normal 0.778213108419359 0.627897942457832 -0.0113371840198255
   outer loop
      vertex 7.52689721473751 6.5837541204678 0
      vertex 7.82382099769048 6.22798723474105 0.677830097806505
      vertex 8.02606549918377 5.96508781182741 0
   endloop
endfacet
facet normal 0.180796022382143 -0.983455250134635 0.0113388391565913
   outer loop
      vertex 1.74344674133119 -9.84684687908478 -0.67788033084383
      vertex 2.19757358913767 -9.75554561879163 0
      vertex 1.41572165681222 -9.89927937733009 0
   endloop
endfacet
facet normal 0.180796022382143 -0.983455250134635 -0.0113388391565886
   outer loop
      vertex 2.19757358913767 -9.75554561879163 0
      vertex 1.74344674133118 -9.84684687908478 0.677880330843828
      vertex 1.41572165681222 -9.89927937733009 0
   endloop
endfacet
facet normal 0.180796022382147 0.983455250134634 0.0113388391565959
   outer loop
      vertex 2.1975735891377 9.75554561879162 0
      vertex 1.7434467413312 9.84684687908478 -0.67788033084383
      vertex 1.41572165681222 9.89927937733009 0
   endloop
endfacet
facet normal 0.180796022382147 0.983455250134634 -0.0113388391565932
   outer loop
      vertex 1.74344674133119 9.84684687908478 0.67788033084383
      vertex 2.1975735891377 9.75554561879162 0
      vertex 1.41572165681222 9.89927937733009 0
   endloop
endfacet
facet normal -0.946548306381513 -0.322314269039866 0.0126418218460248
   outer loop
      vertex -9.58648291837857 -2.84593486496722 -0.0860601276704722
      vertex -9.47175394854831 -3.20716029193422 -0.705559236354441
      vertex -9.33098642644723 -3.59620526520074 -0.084722022236138
   endloop
endfacet
facet normal -0.946544307459824 -0.322356565481162 -0.0118371747723579
   outer loop
      vertex -9.48375691092363 -3.1714909513521 0.565313569368665
      vertex -9.58648291837857 -2.84593486496722 -0.0860601276704722
      vertex -9.33098642644723 -3.59620526520074 -0.084722022236138
   endloop
endfacet
facet normal -0.94557746784802 0.32512376152994 0.0133338661591284
   outer loop
      vertex -9.46115148253486 3.23830397346025 -0.602887447141943
      vertex -9.58722104196382 2.84344732543545 0.0847408659034046
      vertex -9.32852370705988 3.60258871463589 -0.0799925344620944
   endloop
endfacet
facet normal -0.947258349207594 0.320255879420399 -0.0117384646854294
   outer loop
      vertex -9.58722104196382 2.84344732543545 0.0847408659034046
      vertex -9.48253936489282 3.1751294766132 0.686401013817581
      vertex -9.32852370705988 3.60258871463589 -0.0799925344620944
   endloop
endfacet
facet normal 0.728971981197855 -0.684446042788969 0.0115527113265845
   outer loop
      vertex 7.01190716137333 -7.12973758004327 -0.000175438301328601
      vertex 7.31911173654739 -6.81400054211431 -0.678679505762536
      vertex 7.55696552136828 -6.5492191984122 -0.0000684054469357598
   endloop
endfacet
facet normal 0.728974126285614 -0.684443797220926 -0.011550396180461
   outer loop
      vertex 7.3191146337129 -6.81399743018514 0.678581507404942
      vertex 7.01190716137333 -7.12973758004327 -0.000175438301328601
      vertex 7.55696552136828 -6.5492191984122 -0.0000684054469357598
   endloop
endfacet
facet normal 0.725877805614227 0.687730153512137 0.0113422778509547
   outer loop
      vertex 7.30399785837356 6.83019877345268 -0.677969933402861
      vertex 6.98011828639712 7.16086228801424 0
      vertex 7.52689721473751 6.5837541204678 0
   endloop
endfacet
facet normal 0.725877805614227 0.687730153512137 -0.0113422778509548
   outer loop
      vertex 6.98011828639712 7.16086228801424 0
      vertex 7.30399785837356 6.83019877345268 0.677969933402861
      vertex 7.52689721473751 6.5837541204678 0
   endloop
endfacet
facet normal 0.258346269399794 -0.965985774924221 0.0113440614975955
   outer loop
      vertex 2.52067876278425 -9.67709556503647 -0.678009394384295
      vertex 2.96560018516635 -9.55014217390198 0
      vertex 2.19757358913767 -9.75554561879163 0
   endloop
endfacet
facet normal 0.258346269399794 -0.965985774924221 -0.0113440614975955
   outer loop
      vertex 2.96560018516635 -9.55014217390198 0
      vertex 2.52067876278425 -9.67709556503647 0.678009394384295
      vertex 2.19757358913767 -9.75554561879163 0
   endloop
endfacet
facet normal 0.25834626939979 0.965985774924222 0.0113440614975831
   outer loop
      vertex 2.96560018516636 9.55014217390198 0
      vertex 2.52067876278426 9.67709556503646 -0.678009394384295
      vertex 2.1975735891377 9.75554561879162 0
   endloop
endfacet
facet normal 0.25834626939979 0.965985774924222 -0.011344061497587
   outer loop
      vertex 2.52067876278427 9.67709556503646 0.678009394384295
      vertex 2.96560018516636 9.55014217390198 0
      vertex 2.1975735891377 9.75554561879162 0
   endloop
endfacet
facet normal -0.969127601145236 -0.246230922645164 0.0127289210772983
   outer loop
      vertex -9.78230857881006 -2.0751961037307 -0.086086543027283
      vertex -9.69665088947648 -2.44437344274867 -0.705907011288043
      vertex -9.58648291837857 -2.84593486496722 -0.0860601276704722
   endloop
endfacet
facet normal -0.969133255342304 -0.246233215158388 -0.0122448822939378
   outer loop
      vertex -9.70212014170842 -2.42257399388664 0.552767591387993
      vertex -9.78230857881006 -2.0751961037307 -0.086086543027283
      vertex -9.58648291837857 -2.84593486496722 -0.0860601276704722
   endloop
endfacet
facet normal -0.96987229845766 0.243287787075648 0.0126006882466382
   outer loop
      vertex -9.68579861077018 2.48702739663287 -0.621175931056087
      vertex -9.78257681476965 2.07393125805349 -0.0943200862832314
      vertex -9.58722104196382 2.84344732543545 0.0847408659034046
   endloop
endfacet
facet normal -0.96858097343983 0.248454486446426 -0.0110120867683239
   outer loop
      vertex -9.78257681476965 2.07393125805349 -0.0943200862832314
      vertex -9.69671466697693 2.44412042813657 0.705775085111337
      vertex -9.58722104196382 2.84344732543545 0.0847408659034046
   endloop
endfacet
facet normal 0.672159222238256 -0.740316010248962 0.0115838218701999
   outer loop
      vertex 6.42154874587005 -7.6657492591667 -0.000449469536096814
      vertex 6.75359328435986 -7.374888321151 -0.678791182553357
      vertex 7.01190716137333 -7.12973758004327 -0.000175438301328601
   endloop
endfacet
facet normal 0.672165161651377 -0.740310710652748 -0.0115778735094914
   outer loop
      vertex 6.75360141702733 -7.37488087360917 0.678540170508575
      vertex 6.42154874587005 -7.6657492591667 -0.000449469536096814
      vertex 7.01190716137333 -7.12973758004327 -0.000175438301328601
   endloop
endfacet
facet normal 0.668950342846743 0.743220470114813 0.0113477578200059
   outer loop
      vertex 6.73790736974549 7.38922216993977 -0.678077835883868
      vertex 6.38917372306555 7.69275367709695 0
      vertex 6.98011828639712 7.16086228801424 0
   endloop
endfacet
facet normal 0.668950342846743 0.743220470114813 -0.0113477578200059
   outer loop
      vertex 6.38917372306555 7.69275367709695 0
      vertex 6.73790736974549 7.38922216993977 0.678077835883868
      vertex 6.98011828639712 7.16086228801424 0
   endloop
endfacet
facet normal 0.334269865152804 -0.942409063102251 0.0113496710729
   outer loop
      vertex 3.28201118963526 -9.44607868647667 -0.678106886059687
      vertex 3.71494253505021 -9.28435253322894 0
      vertex 2.96560018516635 -9.55014217390198 0
   endloop
endfacet
facet normal 0.334269865152804 -0.942409063102251 -0.0113496710729048
   outer loop
      vertex 3.71494253505021 -9.28435253322894 0
      vertex 3.28201118963527 -9.44607868647667 0.678106886059688
      vertex 2.96560018516635 -9.55014217390198 0
   endloop
endfacet
facet normal 0.334269865152808 0.94240906310225 0.011349671072902
   outer loop
      vertex 3.71494253505021 9.28435253322894 0
      vertex 3.28201118963527 9.44607868647667 -0.678106886059686
      vertex 2.96560018516636 9.55014217390198 0
   endloop
endfacet
facet normal 0.334269865152808 0.94240906310225 -0.011349671072912
   outer loop
      vertex 3.28201118963526 9.44607868647668 0.678106886059685
      vertex 3.71494253505021 9.28435253322894 0
      vertex 2.96560018516636 9.55014217390198 0
   endloop
endfacet
facet normal 0.995626389936981 0.0929229770790088 0.00966498793734919
   outer loop
      vertex 9.91464861982787 1.3037418246514 -1.89910073868297
      vertex 9.98620295893014 0.52511947502909 -1.78419956864136
      vertex 9.96838841148248 0.794501402026312 -2.539
   endloop
endfacet
facet normal 0.972228527054648 0.233769176646223 0.0111203970836021
   outer loop
      vertex 9.81734345235808 1.90256866852207 -1.40259079762062
      vertex 9.78436383599922 2.06548404128202 -1.94401649244443
      vertex 9.6318335443495 2.68845356551748 -1.70452612122925
   endloop
endfacet
facet normal 0.995626389936981 -0.092922977079007 -0.00966498793735086
   outer loop
      vertex 9.91464861982787 -1.30374182465141 1.89910073868297
      vertex 9.98620295893014 -0.525119475029082 1.78419956864136
      vertex 9.96838841148248 -0.794501402026323 2.539
   endloop
endfacet
facet normal 0.985735190567808 0.168036418260289 -0.00948136142652225
   outer loop
      vertex 9.78436383599922 2.06548404128202 -1.94401649244443
      vertex 9.81734345235808 1.90256866852207 -1.40259079762062
      vertex 9.91464861982787 1.3037418246514 -1.89910073868297
   endloop
endfacet
facet normal 0.996731385692561 -0.0802066308809126 -0.00966649564835965
   outer loop
      vertex 9.980165588956 -0.629519512817999 -1.32603578151584
      vertex 9.93036226206087 -1.17809394542086 -1.90962183038107
      vertex 9.99042205358018 -0.437569641701541 -1.86115341372495
   endloop
endfacet
facet normal 0.996616146972856 -0.0815191726443216 0.0105299612707217
   outer loop
      vertex 9.99042205358018 -0.437569641701541 -1.86115341372495
      vertex 9.93036226206087 -1.17809394542086 -1.90962183038107
      vertex 9.96838841148248 -0.794501402026323 -2.539
   endloop
endfacet
facet normal 0.996731385692561 0.0802066308809135 0.00966649564835757
   outer loop
      vertex 9.980165588956 0.629519512817979 1.32603578151584
      vertex 9.93036226206087 1.17809394542085 1.90962183038106
      vertex 9.99042205358018 0.437569641701537 1.86115341372495
   endloop
endfacet
facet normal 0.996616146972856 0.0815191726443221 -0.0105299612707211
   outer loop
      vertex 9.99042205358018 0.437569641701537 1.86115341372495
      vertex 9.93036226206087 1.17809394542085 1.90962183038106
      vertex 9.96838841148248 0.794501402026312 2.539
   endloop
endfacet
facet normal 0.610915144294542 -0.79161420157665 0.0113860587448769
   outer loop
      vertex 5.78791553391905 -8.15475528585736 -0.00115122913680121
      vertex 6.17496958689169 -7.86573268049217 -0.674148252030839
      vertex 6.42154874587005 -7.6657492591667 -0.000449469536096814
   endloop
endfacet
facet normal 0.610928757472132 -0.791598667054148 -0.0117304565832751
   outer loop
      vertex 6.13149774554756 -7.8996667902099 0.678834281037438
      vertex 5.78791553391905 -8.15475528585736 -0.00115122913680121
      vertex 6.42154874587005 -7.6657492591667 -0.000449469536096814
   endloop
endfacet
facet normal 0.609271851158151 0.792892617234208 0.010445521614888
   outer loop
      vertex 6.12383963155669 7.90560485775602 -0.680438647990712
      vertex 5.78791553391898 8.15475528585741 0.00115122913680121
      vertex 6.38917372306555 7.69275367709695 0
   endloop
endfacet
facet normal 0.609250150306485 0.792915274830183 -0.00998104666358183
   outer loop
      vertex 5.78791553391898 8.15475528585741 0.00115122913680121
      vertex 6.1693988943297 7.87010274917955 0.673771100068264
      vertex 6.38917372306555 7.69275367709695 0
   endloop
endfacet
facet normal 0.406394143168625 -0.91363812721444 0.0104485835561853
   outer loop
      vertex 4.02875628155057 -9.15254734070612 -0.680457722487417
      vertex 4.40782576306195 -8.97613903872301 0.00114026353995578
      vertex 3.71494253505021 -9.28435253322894 0
   endloop
endfacet
facet normal 0.406424136777181 -0.913629953489028 -0.00998644744443174
   outer loop
      vertex 4.40782576306195 -8.97613903872301 0.00114026353995578
      vertex 3.97590982234983 -9.175627558077 0.673814238157312
      vertex 3.71494253505021 -9.28435253322894 0
   endloop
endfacet
facet normal 0.406424136989176 0.913629954257721 0.00998636849098221
   outer loop
      vertex 4.40782576306192 8.97613903872303 -0.001140263539956
      vertex 3.97589401945399 9.17563440564575 -0.673802886415822
      vertex 3.71494253505021 9.28435253322894 0
   endloop
endfacet
facet normal 0.406394143168618 0.913638127214442 -0.0104485835561843
   outer loop
      vertex 4.02875628155055 9.15254734070613 0.680457722487413
      vertex 4.40782576306192 8.97613903872303 -0.001140263539956
      vertex 3.71494253505021 9.28435253322894 0
   endloop
endfacet
facet normal 0.98786037453418 0.155212427136101 0.00640178785262747
   outer loop
      vertex 9.93156615763164 1.16790138992378 -1.2161730242828
      vertex 9.91464861982787 1.3037418246514 -1.89910073868297
      vertex 9.81734345235808 1.90256866852207 -1.40259079762062
   endloop
endfacet
facet normal 0.541999569212798 0.840346449612674 0.00736964018899914
   outer loop
      vertex 5.78791553391898 8.15475528585741 0.00115122913680121
      vertex 5.63594844184853 8.26051361362144 -0.881868382388309
      vertex 5.10051584686967 8.60143814113846 -0.378516869818852
   endloop
endfacet
facet normal -0.333047724420764 -0.942847418506857 -0.0108608781001768
   outer loop
      vertex -3.37310617774983 -9.41393407208835 1.17835744634488
      vertex -3.70345789104304 -9.28893964073785 0.457624694945988
      vertex -2.99427674699182 -9.54119000766802 0.608850133073201
   endloop
endfacet
facet normal 0.98786037453418 -0.155212427136099 -0.00640178785262705
   outer loop
      vertex 9.93156615763164 -1.16790138992379 1.2161730242828
      vertex 9.91464861982787 -1.30374182465141 1.89910073868297
      vertex 9.81734345235808 -1.90256866852209 1.40259079762063
   endloop
endfacet
facet normal 0.480997492171678 0.876689233932049 -0.00757625449637032
   outer loop
      vertex 4.40782576306192 8.97613903872303 -0.001140263539956
      vertex 4.57362903692067 8.89280143895252 0.881853097173123
      vertex 5.13918534439121 8.57838994194101 0.405363179764261
   endloop
endfacet
facet normal -0.34417382249187 -0.938905940463465 -0.000121957985534893
   outer loop
      vertex -3.17551653619663 -9.48240975324003 0.0201279754105557
      vertex -3.70345789104304 -9.28893964073785 0.457624694945988
      vertex -3.70695086200295 -9.28754624789 -0.412147420868463
   endloop
endfacet
facet normal 0.988055482159219 -0.153941379883798 -0.00695814160423712
   outer loop
      vertex 9.8396553635041 -1.78358692736433 -1.394113959792
      vertex 9.81385105325138 -1.92050188872511 -2.02922781364505
      vertex 9.93036226206087 -1.17809394542086 -1.90962183038107
   endloop
endfacet
facet normal 0.989093175681117 -0.147287503333912 0.00103979935830763
   outer loop
      vertex 9.8396553635041 -1.78358692736433 -1.394113959792
      vertex 9.93036226206087 -1.17809394542086 -1.90962183038107
      vertex 9.93364043129988 -1.15012511564795 -1.06614729042965
   endloop
endfacet
facet normal 0.987523936114418 -0.156978891555335 0.0124138312838744
   outer loop
      vertex 9.87375345395869 -1.58398002842173 -2.539
      vertex 9.93036226206087 -1.17809394542086 -1.90962183038107
      vertex 9.81385105325138 -1.92050188872511 -2.02922781364505
   endloop
endfacet
facet normal 0.988055482159221 0.153941379883789 0.00695814160422271
   outer loop
      vertex 9.8396553635041 1.78358692736431 1.394113959792
      vertex 9.81385105325139 1.92050188872509 2.02922781364504
      vertex 9.93036226206087 1.17809394542085 1.90962183038106
   endloop
endfacet
facet normal 0.989093175681116 0.147287503333923 -0.00103979935829726
   outer loop
      vertex 9.8396553635041 1.78358692736431 1.394113959792
      vertex 9.93036226206087 1.17809394542085 1.90962183038106
      vertex 9.93364043129989 1.15012511564793 1.06614729042965
   endloop
endfacet
facet normal 0.987523936114421 0.156978891555322 -0.0124138312838683
   outer loop
      vertex 9.87375345395869 1.58398002842173 2.539
      vertex 9.93036226206087 1.17809394542085 1.90962183038106
      vertex 9.81385105325139 1.92050188872509 2.02922781364504
   endloop
endfacet
facet normal 0.971923137784494 0.235187238847297 0.00723719023706594
   outer loop
      vertex 9.78436383599922 2.06548404128202 -1.94401649244443
      vertex 9.71669346596543 2.36344411579047 -2.539
      vertex 9.6318335443495 2.68845356551748 -1.70452612122925
   endloop
endfacet
facet normal 0.999655014465744 0.02626503480853 0
   outer loop
      vertex 10 0 -1.81357142857143
      vertex 9.98620295893014 0.52511947502909 -1.78419956864136
      vertex 10 0 -1.08814285714286
   endloop
endfacet
facet normal 0.999636562768777 0.0269531537833932 0.000519496827895157
   outer loop
      vertex 9.98620295893014 0.52511947502909 -1.78419956864136
      vertex 9.98529973883451 0.54202317813132 -0.923205432434389
      vertex 10 0 -1.08814285714286
   endloop
endfacet
facet normal -0.569657032023065 -0.821824082554385 -0.00980016328011256
   outer loop
      vertex -5.39467576403149 -8.42006374090905 -1.21416750185383
      vertex -5.68248413523717 -8.22857059596488 -0.542914974197095
      vertex -5.97617660089253 -8.01781224742415 -1.14518127820579
   endloop
endfacet
facet normal 0.999655014465744 -0.0262650348085304 0
   outer loop
      vertex 10 0 1.81357142857143
      vertex 9.98620295893014 -0.525119475029082 1.78419956864136
      vertex 10 0 1.08814285714286
   endloop
endfacet
facet normal 0.999636562768777 -0.0269531537833933 -0.000519496827894877
   outer loop
      vertex 9.98620295893014 -0.525119475029082 1.78419956864136
      vertex 9.98529973883451 -0.542023178131321 0.923205432434392
      vertex 10 0 1.08814285714286
   endloop
endfacet
facet normal -0.984282002699574 -0.176402020985243 0.00844192833649353
   outer loop
      vertex -9.89751932225544 -1.42797453253908 0.00528261598193547
      vertex -9.86189392872259 -1.65621500374334 -0.610293173156019
      vertex -9.78230857881006 -2.0751961037307 -0.086086543027283
   endloop
endfacet
facet normal -0.984693574460302 -0.174088943250464 -0.00846192971664658
   outer loop
      vertex -9.85885017923418 -1.67423807847459 0.571879594526048
      vertex -9.89751932225544 -1.42797453253908 0.00528261598193547
      vertex -9.78230857881006 -2.0751961037307 -0.086086543027283
   endloop
endfacet
facet normal -0.984357123699976 0.176062470728344 0.00656196785592597
   outer loop
      vertex -9.85671148327356 1.68678354731815 -0.82775960804627
      vertex -9.89751932225546 1.42797453253892 -0.00528261598193547
      vertex -9.78257681476965 2.07393125805349 -0.0943200862832314
   endloop
endfacet
facet normal -0.984685770032502 0.17417464531791 -0.00755825534616365
   outer loop
      vertex -9.89751932225546 1.42797453253892 -0.00528261598193547
      vertex -9.84887639465452 1.73194508077389 0.662326980868984
      vertex -9.78257681476965 2.07393125805349 -0.0943200862832314
   endloop
endfacet
facet normal 0.480178470861654 -0.877110259267316 -0.0103067555023081
   outer loop
      vertex 4.59591617802904 -8.88130364780593 0.693489424828987
      vertex 4.40782576306195 -8.97613903872301 0.00114026353995578
      vertex 5.10106798244689 -8.6011107095802 0.38329678535501
   endloop
endfacet
facet normal 0.476781859000509 -0.879018711592282 -0.00227235531175872
   outer loop
      vertex 5.10106798244689 -8.6011107095802 0.38329678535501
      vertex 4.40782576306195 -8.97613903872301 0.00114026353995578
      vertex 5.13904724953476 -8.57847267099739 -0.405063174522409
   endloop
endfacet
facet normal 0.480988926641662 -0.87669392811338 0.007576863284577
   outer loop
      vertex 4.40782576306195 -8.97613903872301 0.00114026353995578
      vertex 4.57371553569825 -8.89275695150342 -0.88188663704399
      vertex 5.13904724953476 -8.57847267099739 -0.405063174522409
   endloop
endfacet
facet normal 0.545783048118148 -0.837923554550661 0.00223184140328802
   outer loop
      vertex 5.78791553391905 -8.15475528585736 -0.00115122913680121
      vertex 5.10106798244689 -8.6011107095802 0.38329678535501
      vertex 5.13904724953476 -8.57847267099739 -0.405063174522409
   endloop
endfacet
facet normal 0.480085661312438 0.877161439039628 0.0102746126023117
   outer loop
      vertex 4.59590817386121 8.8813077898154 -0.693463574150502
      vertex 4.40782576306192 8.97613903872303 -0.001140263539956
      vertex 5.10051584686967 8.60143814113846 -0.378516869818852
   endloop
endfacet
facet normal 0.476765080826863 0.879027670129795 0.00232655331743832
   outer loop
      vertex 5.10051584686967 8.60143814113846 -0.378516869818852
      vertex 4.40782576306192 8.97613903872303 -0.001140263539956
      vertex 5.13918534439121 8.57838994194101 0.405363179764261
   endloop
endfacet
facet normal 0.951827578392961 -0.306530379078741 0.00796164005940342
   outer loop
      vertex 9.56354630345022 -2.92208523177603 0.873350128173052
      vertex 9.6318335443495 -2.68845356551749 1.70452612122925
      vertex 9.4323856804132 -3.32115949269768 1.18910337828241
   endloop
endfacet
facet normal 0.950450905064913 -0.310582785064725 0.0134688783024445
   outer loop
      vertex 9.4323856804132 -3.32115949269768 1.18910337828241
      vertex 9.6318335443495 -2.68845356551749 1.70452612122925
      vertex 9.3542751930332 -3.53518537180211 1.76579801036568
   endloop
endfacet
facet normal 0.999760522664808 -0.021883722740677 0
   outer loop
      vertex 9.99042205358018 -0.437569641701541 -1.86115341372495
      vertex 10 0 -1.81357142857143
      vertex 10 0 -1.08814285714286
   endloop
endfacet
facet normal 0.999760522664808 0.0218837227406772 0
   outer loop
      vertex 9.99042205358018 0.437569641701537 1.86115341372495
      vertex 10 0 1.81357142857143
      vertex 10 0 1.08814285714286
   endloop
endfacet
facet normal 0.999142811461441 -0.0397538523476532 -0.0115444154658886
   outer loop
      vertex 9.99042205358018 -0.437569641701541 -1.86115341372495
      vertex 9.96838841148248 -0.794501402026323 -2.539
      vertex 10 0 -2.539
   endloop
endfacet
facet normal 0.999760522664808 -0.021883722740677 0
   outer loop
      vertex 10 0 -1.81357142857143
      vertex 9.99042205358018 -0.437569641701541 -1.86115341372495
      vertex 10 0 -2.539
   endloop
endfacet
facet normal 0.999760522664808 0.0218837227406772 0
   outer loop
      vertex 10 0 1.81357142857143
      vertex 9.99042205358018 0.437569641701537 1.86115341372495
      vertex 10 0 2.539
   endloop
endfacet
facet normal 0.999142811461441 0.0397538523476537 0.0115444154658887
   outer loop
      vertex 9.99042205358018 0.437569641701537 1.86115341372495
      vertex 9.96838841148248 0.794501402026312 2.539
      vertex 10 0 2.539
   endloop
endfacet
facet normal 0.992813895864315 -0.119008796087521 -0.0125488896927092
   outer loop
      vertex 9.93036226206087 -1.17809394542086 -1.90962183038107
      vertex 9.87375345395869 -1.58398002842173 -2.539
      vertex 9.96838841148248 -0.794501402026323 -2.539
   endloop
endfacet
facet normal -0.99927307341661 -0.0365245540344849 0.0109216160482209
   outer loop
      vertex -9.99985500828431 0.0538499144964495 -1.73945352250443
      vertex -9.99209397223903 -0.397565151823375 -2.539
      vertex -9.96961315011402 -0.778982436948116 -1.75767020962017
   endloop
endfacet
facet normal 0.992813895864315 0.119008796087519 0.0125488896927082
   outer loop
      vertex 9.93036226206087 1.17809394542085 1.90962183038106
      vertex 9.87375345395869 1.58398002842173 2.539
      vertex 9.96838841148248 0.794501402026312 2.539
   endloop
endfacet
facet normal 0.951827578392965 0.306530379078729 -0.00796164005940744
   outer loop
      vertex 9.56354630345022 2.92208523177604 -0.873350128173056
      vertex 9.6318335443495 2.68845356551748 -1.70452612122925
      vertex 9.43238568041321 3.32115949269767 -1.18910337828241
   endloop
endfacet
facet normal -0.999952892366452 -1.34038741159719e-14 -0.00970634060641692
   outer loop
      vertex -9.99209397223903 -0.397565151823375 -2.539
      vertex -9.99985500828431 0.0538499144964495 -1.73945352250443
      vertex -9.99209397223904 0.397565151823238 -2.539
   endloop
endfacet
facet normal 0.950450905064918 0.310582785064711 -0.0134688783024449
   outer loop
      vertex 9.43238568041321 3.32115949269767 -1.18910337828241
      vertex 9.6318335443495 2.68845356551748 -1.70452612122925
      vertex 9.35427519303321 3.53518537180211 -1.76579801036568
   endloop
endfacet
facet normal -0.999952580274296 -1.34038654527272e-14 0.00973843944259255
   outer loop
      vertex -9.99209397223904 0.397565151823238 2.539
      vertex -9.99990604032172 -0.0433495644400904 1.73684913356909
      vertex -9.99209397223903 -0.397565151823375 2.539
   endloop
endfacet
facet normal 0.999655014465744 0.02626503480853 0
   outer loop
      vertex 9.98620295893014 0.52511947502909 -1.78419956864136
      vertex 10 0 -1.81357142857143
      vertex 10 0 -2.539
   endloop
endfacet
facet normal 0.999165309645539 0.0397547475044606 -0.00939383051747068
   outer loop
      vertex 9.96838841148248 0.794501402026312 -2.539
      vertex 9.98620295893014 0.52511947502909 -1.78419956864136
      vertex 10 0 -2.539
   endloop
endfacet
facet normal 0.999655014465744 -0.0262650348085304 0
   outer loop
      vertex 9.98620295893014 -0.525119475029082 1.78419956864136
      vertex 10 0 1.81357142857143
      vertex 10 0 2.539
   endloop
endfacet
facet normal 0.999165309645539 -0.0397547475044601 0.00939383051746988
   outer loop
      vertex 9.96838841148248 -0.794501402026323 2.539
      vertex 9.98620295893014 -0.525119475029082 1.78419956864136
      vertex 10 0 2.539
   endloop
endfacet
facet normal -0.999273665362529 0.0366556632056136 -0.0104165285912901
   outer loop
      vertex -9.99990604032172 -0.0433495644400904 1.73684913356909
      vertex -9.99209397223904 0.397565151823238 2.539
      vertex -9.97030894605477 0.770025662053074 1.75981374100147
   endloop
endfacet
facet normal 0.992828337100346 0.11901052716131 -0.0113308197121102
   outer loop
      vertex 9.87375345395869 1.58398002842173 -2.539
      vertex 9.91464861982787 1.3037418246514 -1.89910073868297
      vertex 9.96838841148248 0.794501402026312 -2.539
   endloop
endfacet
facet normal 0.992828337100346 -0.119010527161312 0.0113308197121113
   outer loop
      vertex 9.87375345395869 -1.58398002842173 2.539
      vertex 9.91464861982787 -1.30374182465141 1.89910073868297
      vertex 9.96838841148248 -0.794501402026323 2.539
   endloop
endfacet
facet normal -0.580994340024592 0.813907166349646 -0.000837510643792082
   outer loop
      vertex -6.01869580405209 7.98594395286404 1.05329821706792
      vertex -5.58271515019269 8.29658312510693 0.491103791703869
      vertex -6.03328624809003 7.9749267738712 0.468236362185679
   endloop
endfacet
facet normal -0.441522540509344 0.897192054914628 0.0102109167189918
   outer loop
      vertex -4.05525343121738 9.14083801456955 2.539
      vertex -4.42859457803199 8.96591044252761 1.76581733540726
      vertex -4.76867600053793 8.78975137315576 2.539
   endloop
endfacet
facet normal -0.441521920041648 -0.897190794098631 0.0103476136091129
   outer loop
      vertex -4.42966320342407 -8.96538252972124 1.77620811143437
      vertex -4.05525343121737 -9.14083801456955 2.539
      vertex -4.76867600053793 -8.78975137315576 2.539
   endloop
endfacet
facet normal -0.581259025432329 0.813683852141174 0.00751891735286381
   outer loop
      vertex -6.03328624809003 7.9749267738712 0.468236362185679
      vertex -5.58271515019269 8.29658312510693 0.491103791703869
      vertex -5.81826936848291 8.13312618590007 -0.0296817447021933
   endloop
endfacet
facet normal -0.441522525812002 -0.897192025049031 -0.0102141758849498
   outer loop
      vertex -4.05525343121737 -9.14083801456955 -2.539
      vertex -4.42837555336121 -8.96601862358052 -1.76602932914729
      vertex -4.76867600053793 -8.78975137315576 -2.539
   endloop
endfacet
facet normal -0.441522379653761 0.897191728049433 -0.0102465303665352
   outer loop
      vertex -4.42897020462187 8.96572489688211 -1.76856570023539
      vertex -4.05525343121738 9.14083801456955 -2.539
      vertex -4.76867600053793 8.78975137315576 -2.539
   endloop
endfacet
facet normal -0.578062605923838 0.815930220588763 0.0100746594242345
   outer loop
      vertex -5.74747826621903 8.1833057855209 1.76260542651136
      vertex -6.10075129623211 7.92343572079197 2.539
      vertex -5.45194674952265 8.38309469351083 2.539
   endloop
endfacet
facet normal -0.605718267224986 -0.795497617706397 0.0169976755295358
   outer loop
      vertex -6.40482217259031 -7.67973000420559 -0.597743711781664
      vertex -5.97617660089253 -8.01781224742415 -1.14518127820579
      vertex -5.68248413523717 -8.22857059596488 -0.542914974197095
   endloop
endfacet
facet normal 0.972228527054648 -0.233769176646222 -0.0111203970835914
   outer loop
      vertex 9.81734345235808 -1.90256866852209 1.40259079762063
      vertex 9.78436383599921 -2.06548404128206 1.94401649244443
      vertex 9.6318335443495 -2.68845356551749 1.70452612122925
   endloop
endfacet
facet normal -0.578062605923836 -0.815930220588764 0.0100746594242257
   outer loop
      vertex -6.1007512962321 -7.92343572079198 2.539
      vertex -5.74747826621901 -8.18330578552091 1.76260542651136
      vertex -5.45194674952264 -8.38309469351084 2.539
   endloop
endfacet
facet normal -0.578062605923836 -0.815930220588764 -0.0100746594242369
   outer loop
      vertex -5.74747826621901 -8.18330578552092 -1.76260542651136
      vertex -6.1007512962321 -7.92343572079198 -2.539
      vertex -5.45194674952264 -8.38309469351084 -2.539
   endloop
endfacet
facet normal -0.603110751236507 0.797547264044462 0.0132583316495639
   outer loop
      vertex -5.93696813599098 8.04688817818588 -1.18504785676099
      vertex -6.34286981438547 7.73097681523866 -0.645720797863084
      vertex -5.69935967149545 8.21689109912814 -0.602858841656795
   endloop
endfacet
facet normal -0.602229732006049 0.798279946142618 -0.00827511174911516
   outer loop
      vertex -5.69935967149545 8.21689109912814 -0.602858841656795
      vertex -6.34286981438547 7.73097681523866 -0.645720797863084
      vertex -5.81826936848291 8.13312618590007 -0.0296817447021933
   endloop
endfacet
facet normal -0.578062521221101 0.815930101031605 -0.0100891917446141
   outer loop
      vertex -6.10075129623211 7.92343572079197 -2.539
      vertex -5.7429344513052 8.18649521394912 -1.76612824648511
      vertex -5.45194674952265 8.38309469351083 -2.539
   endloop
endfacet
facet normal -0.368845249364051 0.929436290150442 0.010067997464952
   outer loop
      vertex -3.3161929649633 9.43413293414545 2.539
      vertex -3.72676217346187 9.27961441561306 1.76214407678422
      vertex -4.05525343121738 9.14083801456955 2.539
   endloop
endfacet
facet normal 0.54576533103367 0.837934949626363 -0.00228552759214567
   outer loop
      vertex 5.78791553391898 8.15475528585741 0.00115122913680121
      vertex 5.10051584686967 8.60143814113846 -0.378516869818852
      vertex 5.13918534439121 8.57838994194101 0.405363179764261
   endloop
endfacet
facet normal -0.368845249364057 -0.92943629015044 0.0100679974649585
   outer loop
      vertex -3.72676217346188 -9.27961441561306 1.76214407678422
      vertex -3.31619296496333 -9.43413293414544 2.539
      vertex -4.05525343121737 -9.14083801456955 2.539
   endloop
endfacet
facet normal -0.368845249364057 -0.92943629015044 -0.010067997464954
   outer loop
      vertex -3.31619296496333 -9.43413293414544 -2.539
      vertex -3.72676217346187 -9.27961441561306 -1.76214407678423
      vertex -4.05525343121737 -9.14083801456955 -2.539
   endloop
endfacet
facet normal -0.368845249364051 0.929436290150442 -0.010067997464952
   outer loop
      vertex -3.72676217346187 9.27961441561306 -1.76214407678422
      vertex -3.3161929649633 9.43413293414545 -2.539
      vertex -4.05525343121738 9.14083801456955 -2.539
   endloop
endfacet
facet normal -0.332846702491865 0.94295819759413 0.00655059007424068
   outer loop
      vertex -3.31949414286723 9.43297188777059 -1.19088257822092
      vertex -3.60051277287304 9.32932515096232 -0.549960807290233
      vertex -3.02192420325493 9.53246946545238 -0.393532021147582
   endloop
endfacet
facet normal -0.369429283322931 0.929184977487638 -0.0117167501810322
   outer loop
      vertex -3.60051277287304 9.32932515096232 -0.549960807290233
      vertex -3.31949414286723 9.43297188777059 -1.19088257822092
      vertex -4.06274865499864 9.13750914452657 -1.18743116780538
   endloop
endfacet
facet normal -0.641061424533523 0.767424132533284 0.0100225136860444
   outer loop
      vertex -6.36029987239496 7.71664341104425 1.77181012241341
      vertex -6.71098418435938 7.41368270681165 2.539
      vertex -6.10075129623211 7.92343572079197 2.539
   endloop
endfacet
facet normal -0.641061510094488 -0.767424234959601 0.0100091893800893
   outer loop
      vertex -6.71098418435935 -7.41368270681169 2.539
      vertex -6.35752465084094 -7.71892999799517 1.77321704752481
      vertex -6.1007512962321 -7.92343572079198 2.539
   endloop
endfacet
facet normal -0.998890730397515 0.0447291354314108 -0.0147177841225375
   outer loop
      vertex -9.99996660090097 0.0258453257867399 0.539316900604851
      vertex -9.99297250068753 0.374834097305374 1.12524913624736
      vertex -9.96006878757171 0.892765224927467 0.466141597046196
   endloop
endfacet
facet normal -0.641061409203872 -0.76742411418195 -0.0100248990815585
   outer loop
      vertex -6.36026488035626 -7.71667225244838 -1.77202246288435
      vertex -6.71098418435935 -7.41368270681169 -2.539
      vertex -6.1007512962321 -7.92343572079198 -2.539
   endloop
endfacet
facet normal -0.641064120393942 0.767427359787747 -0.00959379970338153
   outer loop
      vertex -6.71098418435938 7.41368270681165 -2.539
      vertex -6.38075329572233 7.69973943579447 -1.72299525070084
      vertex -6.10075129623211 7.92343572079197 -2.539
   endloop
endfacet
facet normal -0.293835418163819 0.955803065827989 0.0100621263314897
   outer loop
      vertex -2.55616654190727 9.6677821970726 2.539
      vertex -2.9989639580035 9.53971777248132 1.77323797129873
      vertex -3.3161929649633 9.43413293414545 2.539
   endloop
endfacet
facet normal -0.293836348166715 -0.955806090989588 0.00974253166541078
   outer loop
      vertex -2.97684708617861 -9.54664241634251 1.73581096667122
      vertex -2.55616654190729 -9.66778219707259 2.539
      vertex -3.31619296496333 -9.43413293414544 2.539
   endloop
endfacet
facet normal -0.293835418698111 -0.955803067565975 -0.0100619456358532
   outer loop
      vertex -2.55616654190729 -9.66778219707259 -2.539
      vertex -2.99890905963056 -9.53973503049565 -1.77318802464546
      vertex -3.31619296496333 -9.43413293414544 -2.539
   endloop
endfacet
facet normal -0.293835499930981 0.95580333180445 -0.0100344353016637
   outer loop
      vertex -3.00075221523222 9.5391554208315 -1.77232483973425
      vertex -2.55616654190727 9.6677821970726 -2.539
      vertex -3.3161929649633 9.43413293414545 -2.539
   endloop
endfacet
facet normal -0.700004583541439 0.714063383730339 0.0103473202595874
   outer loop
      vertex -6.97693140141136 7.16396735196358 1.78018714147603
      vertex -7.27878792064853 6.85705814516845 2.539
      vertex -6.71098418435938 7.41368270681165 2.539
   endloop
endfacet
facet normal -0.70000458354144 -0.714063383730339 0.0103473202595786
   outer loop
      vertex -7.2787879206485 -6.85705814516849 2.539
      vertex -6.97693140141132 -7.16396735196362 1.78018714147604
      vertex -6.71098418435935 -7.41368270681169 2.539
   endloop
endfacet
facet normal -0.700004582488089 -0.714063382655833 -0.0103474656696685
   outer loop
      vertex -6.97695070173384 -7.16394855548081 -1.78018925955506
      vertex -7.2787879206485 -6.85705814516849 -2.539
      vertex -6.71098418435935 -7.41368270681169 -2.539
   endloop
endfacet
facet normal -0.700004470862771 0.714063268788647 -0.0103628634558409
   outer loop
      vertex -7.27878792064853 6.85705814516845 -2.539
      vertex -7.00918139249319 7.13241727657091 -1.77684903553236
      vertex -6.71098418435938 7.41368270681165 -2.539
   endloop
endfacet
facet normal 0.961486783447919 0.274782575051345 0.0061401712619193
   outer loop
      vertex 9.67588672641322 2.52531504126127 1.6849246415025
      vertex 9.4982013324489 3.12796602415466 2.539
      vertex 9.71669346596543 2.36344411579047 2.539
   endloop
endfacet
facet normal 0.961463814326228 -0.274776010723583 0.00924541357068917
   outer loop
      vertex 9.49820133244889 -3.12796602415467 2.539
      vertex 9.6318335443495 -2.68845356551749 1.70452612122925
      vertex 9.71669346596542 -2.36344411579053 2.539
   endloop
endfacet
facet normal 0.961486783447914 -0.274782575051364 -0.00614017126191027
   outer loop
      vertex 9.67588672641321 -2.52531504126129 -1.6849246415025
      vertex 9.49820133244889 -3.12796602415467 -2.539
      vertex 9.71669346596542 -2.36344411579053 -2.539
   endloop
endfacet
facet normal 0.961463814326234 0.274776010723565 -0.00924541357068753
   outer loop
      vertex 9.4982013324489 3.12796602415466 -2.539
      vertex 9.6318335443495 2.68845356551748 -1.70452612122925
      vertex 9.71669346596543 2.36344411579047 -2.539
   endloop
endfacet
facet normal -0.216967223252138 0.976124138647053 0.0103387612800306
   outer loop
      vertex -1.77997897504668 9.8403086764792 2.539
      vertex -2.20189595810655 9.75457093826653 1.77957822959934
      vertex -2.55616654190727 9.6677821970726 2.539
   endloop
endfacet
facet normal -0.216967222927118 -0.976124137184782 0.0103389061587039
   outer loop
      vertex -2.20186993362928 -9.75457681272639 1.77958038575357
      vertex -1.77997897504667 -9.8403086764792 2.539
      vertex -2.55616654190729 -9.66778219707259 2.539
   endloop
endfacet
facet normal -0.216967223252143 -0.976124138647052 -0.0103387612800447
   outer loop
      vertex -1.77997897504667 -9.8403086764792 -2.539
      vertex -2.20189595810654 -9.75457093826654 -1.77957822959934
      vertex -2.55616654190729 -9.66778219707259 -2.539
   endloop
endfacet
facet normal -0.216967222927113 0.976124137184784 -0.0103389061586983
   outer loop
      vertex -2.20186993362928 9.75457681272639 -1.77958038575357
      vertex -1.77997897504668 9.8403086764792 -2.539
      vertex -2.55616654190727 9.6677821970726 -2.539
   endloop
endfacet
facet normal -0.754526481504288 0.656192611321645 0.0100521418434038
   outer loop
      vertex -7.51862681004276 6.59319731930619 1.76093010043776
      vertex -7.80057296300617 6.25708090476838 2.539
      vertex -7.27878792064853 6.85705814516845 2.539
   endloop
endfacet
facet normal 0.537848764380687 -0.843041323715325 -0.00018210568838425
   outer loop
      vertex 5.13904724953476 -8.57847267099739 -0.405063174522409
      vertex 5.13435034220398 -8.58128466859769 -1.25948802204201
      vertex 5.61520759537782 -8.27462649675568 -0.694056232706534
   endloop
endfacet
facet normal -0.75452648150429 -0.656192611321643 0.0100521418433934
   outer loop
      vertex -7.80057296300612 -6.25708090476844 2.539
      vertex -7.51862681004271 -6.59319731930624 1.76093010043776
      vertex -7.2787879206485 -6.85705814516849 2.539
   endloop
endfacet
facet normal -0.75452648150429 -0.656192611321643 -0.0100521418433934
   outer loop
      vertex -7.51862681004271 -6.59319731930624 -1.76093010043776
      vertex -7.80057296300612 -6.25708090476844 -2.539
      vertex -7.2787879206485 -6.85705814516849 -2.539
   endloop
endfacet
facet normal -0.754526481504288 0.656192611321645 -0.0100521418433935
   outer loop
      vertex -7.80057296300617 6.25708090476838 -2.539
      vertex -7.51862681004275 6.59319731930619 -1.76093010043776
      vertex -7.27878792064853 6.85705814516845 -2.539
   endloop
endfacet
facet normal 0.936592183807467 0.350295387201143 0.00939270655143025
   outer loop
      vertex 9.37960408881238 3.46742370314533 1.70503295903345
      vertex 9.21965858883562 3.872711647581 2.539
      vertex 9.4982013324489 3.12796602415466 2.539
   endloop
endfacet
facet normal 0.936585266071912 -0.350292799894834 0.010148582110004
   outer loop
      vertex 9.21965858883561 -3.87271164758103 2.539
      vertex 9.3542751930332 -3.53518537180211 1.76579801036568
      vertex 9.49820133244889 -3.12796602415467 2.539
   endloop
endfacet
facet normal 0.936592183807471 -0.350295387201133 -0.00939270655142555
   outer loop
      vertex 9.37960408881237 -3.46742370314534 -1.70503295903346
      vertex 9.21965858883561 -3.87271164758103 -2.539
      vertex 9.49820133244889 -3.12796602415467 -2.539
   endloop
endfacet
facet normal 0.936585266071908 0.350292799894844 -0.0101485821100146
   outer loop
      vertex 9.21965858883562 3.872711647581 -2.539
      vertex 9.35427519303321 3.53518537180211 -1.76579801036568
      vertex 9.4982013324489 3.12796602415466 -2.539
   endloop
endfacet
facet normal 0.485759290068953 -0.874092597782341 0.000206431165240294
   outer loop
      vertex 5.13435034220398 -8.58128466859769 -1.25948802204201
      vertex 5.13904724953476 -8.57847267099739 -0.405063174522409
      vertex 4.57371553569825 -8.89275695150342 -0.88188663704399
   endloop
endfacet
facet normal -0.138728535600244 0.990279462886733 0.0100488205763347
   outer loop
      vertex -0.992538140650722 9.95062149010571 2.539
      vertex -1.42799170563905 9.897516844574 1.76066034517297
      vertex -1.77997897504668 9.8403086764792 2.539
   endloop
endfacet
facet normal -0.138728535600244 -0.990279462886733 0.010048820576333
   outer loop
      vertex -1.42799170563903 -9.897516844574 1.76066034517297
      vertex -0.992538140650712 -9.95062149010571 2.539
      vertex -1.77997897504667 -9.8403086764792 2.539
   endloop
endfacet
facet normal -0.138728535600244 -0.990279462886733 -0.010048820576333
   outer loop
      vertex -0.992538140650712 -9.95062149010571 -2.539
      vertex -1.42799170563903 -9.897516844574 -1.76066034517297
      vertex -1.77997897504667 -9.8403086764792 -2.539
   endloop
endfacet
facet normal -0.138728535600244 0.990279462886733 -0.0100488205763347
   outer loop
      vertex -1.42799170563905 9.897516844574 -1.76066034517297
      vertex -0.992538140650722 9.95062149010571 -2.539
      vertex -1.77997897504668 9.8403086764792 -2.539
   endloop
endfacet
facet normal -0.804275961275932 0.5941710435495 0.0100473439761072
   outer loop
      vertex -8.0187218343744 5.97495607874462 1.76053646279216
      vertex -8.27304032916897 5.61754427770211 2.539
      vertex -7.80057296300617 6.25708090476838 2.539
   endloop
endfacet
facet normal -0.804275961275921 -0.594171043549514 0.0100473439761094
   outer loop
      vertex -8.2730403291689 -5.61754427770222 2.539
      vertex -8.01872183437433 -5.97495607874472 1.76053646279217
      vertex -7.80057296300612 -6.25708090476844 2.539
   endloop
endfacet
facet normal -0.804275961275921 -0.594171043549514 -0.010047343976102
   outer loop
      vertex -8.01872183437433 -5.97495607874471 -1.76053646279217
      vertex -8.2730403291689 -5.61754427770222 -2.539
      vertex -7.80057296300612 -6.25708090476844 -2.539
   endloop
endfacet
facet normal -0.804275961275932 0.5941710435495 -0.0100473439761073
   outer loop
      vertex -8.27304032916897 5.61754427770211 -2.539
      vertex -8.0187218343744 5.97495607874462 -1.76053646279216
      vertex -7.80057296300617 6.25708090476838 -2.539
   endloop
endfacet
facet normal 0.905794685333761 0.423597765069001 0.0100459668355268
   outer loop
      vertex 9.07569537464698 4.19901815507047 1.76041958733982
      vertex 8.88282612557944 4.59297289592736 2.539
      vertex 9.21965858883562 3.872711647581 2.539
   endloop
endfacet
facet normal 0.905792132422142 -0.423596571191778 0.010322679725573
   outer loop
      vertex 8.88282612557943 -4.59297289592737 2.539
      vertex 9.07223086491541 -4.20649820321799 1.7783478962196
      vertex 9.21965858883561 -3.87271164758103 2.539
   endloop
endfacet
facet normal 0.905794685333756 -0.423597765069012 -0.0100459668355219
   outer loop
      vertex 9.07569537464697 -4.19901815507048 -1.76041958733983
      vertex 8.88282612557943 -4.59297289592737 -2.539
      vertex 9.21965858883561 -3.87271164758103 -2.539
   endloop
endfacet
facet normal 0.905792132422148 0.423596571191766 -0.0103226797255729
   outer loop
      vertex 8.88282612557944 4.59297289592736 -2.539
      vertex 9.07223086491541 4.20649820321799 -1.7783478962196
      vertex 9.21965858883562 3.872711647581 -2.539
   endloop
endfacet
facet normal -0.511409235160746 0.85927758877855 0.0101301340179617
   outer loop
      vertex -5.11655710460205 8.59190569055237 1.75863043681322
      vertex -5.45194674952265 8.38309469351083 2.539
      vertex -4.76867600053793 8.78975137315576 2.539
   endloop
endfacet
facet normal -0.511409202725988 -0.859277534281182 0.0101363921994557
   outer loop
      vertex -5.45194674952264 -8.38309469351084 2.539
      vertex -5.11431359828947 -8.59324132201298 1.75907989280158
      vertex -4.76867600053793 -8.78975137315576 2.539
   endloop
endfacet
facet normal -0.511409238352743 -0.859277594141799 -0.0101295179227893
   outer loop
      vertex -5.11653305949773 -8.59192000958266 -1.75858226426679
      vertex -5.45194674952264 -8.38309469351084 -2.539
      vertex -4.76867600053793 -8.78975137315576 -2.539
   endloop
endfacet
facet normal -0.511409257219882 0.859277625842647 -0.010125875568689
   outer loop
      vertex -5.45194674952265 8.38309469351083 -2.539
      vertex -5.11516172651079 8.59273649727717 -1.75827413557417
      vertex -4.76867600053793 8.78975137315576 -2.539
   endloop
endfacet
facet normal -0.059612127635174 0.998171076674016 0.0100446966227481
   outer loop
      vertex -0.198821924745086 9.99802329674424 2.539
      vertex -0.637042723417088 9.97968819996604 1.76030939494068
      vertex -0.992538140650722 9.95062149010571 2.539
   endloop
endfacet
facet normal -0.0596121276351875 -0.998171076674015 0.0100446966227407
   outer loop
      vertex -0.637042723417063 -9.97968819996604 1.76030939494068
      vertex -0.198821924745078 -9.99802329674425 2.539
      vertex -0.992538140650712 -9.95062149010571 2.539
   endloop
endfacet
facet normal -0.0596121276351875 -0.998171076674015 -0.0100446966227415
   outer loop
      vertex -0.198821924745078 -9.99802329674425 -2.539
      vertex -0.637042723417073 -9.97968819996604 -1.76030939494068
      vertex -0.992538140650712 -9.95062149010571 -2.539
   endloop
endfacet
facet normal -0.0596121276351741 0.998171076674016 -0.0100446966227364
   outer loop
      vertex -0.637042723417084 9.97968819996603 -1.76030939494068
      vertex -0.198821924745086 9.99802329674424 -2.539
      vertex -0.992538140650722 9.95062149010571 -2.539
   endloop
endfacet
facet normal -0.84894054047344 0.528392928009743 0.0100435237817328
   outer loop
      vertex -8.4681305144037 5.3189064281133 1.76020565396601
      vertex -8.69320272134858 4.94249192670434 2.539
      vertex -8.27304032916897 5.61754427770211 2.539
   endloop
endfacet
facet normal -0.848940540473431 -0.528392928009757 0.0100435237817161
   outer loop
      vertex -8.69320272134852 -4.94249192670446 2.539
      vertex -8.46813051440361 -5.31890642811343 1.76020565396601
      vertex -8.2730403291689 -5.61754427770222 2.539
   endloop
endfacet
facet normal -0.848940540473431 -0.528392928009757 -0.0100435237817211
   outer loop
      vertex -8.46813051440362 -5.31890642811342 -1.76020565396601
      vertex -8.69320272134852 -4.94249192670446 -2.539
      vertex -8.2730403291689 -5.61754427770222 -2.539
   endloop
endfacet
facet normal -0.84894054047344 0.528392928009743 -0.0100435237817261
   outer loop
      vertex -8.69320272134858 4.94249192670434 -2.539
      vertex -8.4681305144037 5.31890642811329 -1.76020565396601
      vertex -8.27304032916897 5.61754427770211 -2.539
   endloop
endfacet
facet normal 0.869276437314213 0.494224265551329 0.0100424534133081
   outer loop
      vertex 8.71334563535096 4.90689390948188 1.76010809947435
      vertex 8.48983361954522 5.28419578672476 2.539
      vertex 8.88282612557944 4.59297289592736 2.539
   endloop
endfacet
facet normal 0.869276437314212 -0.49422426555133 0.0100424534133135
   outer loop
      vertex 8.48983361954523 -5.28419578672473 2.539
      vertex 8.71334563535097 -4.90689390948186 1.76010809947436
      vertex 8.88282612557943 -4.59297289592737 2.539
   endloop
endfacet
facet normal 0.869276437314212 -0.49422426555133 -0.0100424534133135
   outer loop
      vertex 8.71334563535097 -4.90689390948186 -1.76010809947436
      vertex 8.48983361954523 -5.28419578672473 -2.539
      vertex 8.88282612557943 -4.59297289592737 -2.539
   endloop
endfacet
facet normal 0.869276437314213 0.494224265551329 -0.0100424534133082
   outer loop
      vertex 8.48983361954522 5.28419578672476 -2.539
      vertex 8.71334563535096 4.90689390948188 -1.76010809947436
      vertex 8.88282612557944 4.59297289592736 -2.539
   endloop
endfacet
facet normal 0.985735190567807 -0.168036418260295 0.00948136142653365
   outer loop
      vertex 9.78436383599921 -2.06548404128206 1.94401649244443
      vertex 9.81734345235808 -1.90256866852209 1.40259079762063
      vertex 9.91464861982787 -1.30374182465141 1.89910073868297
   endloop
endfacet
facet normal 0.971923137784496 -0.235187238847289 -0.00723719023707274
   outer loop
      vertex 9.78436383599921 -2.06548404128206 1.94401649244443
      vertex 9.71669346596542 -2.36344411579053 2.539
      vertex 9.6318335443495 -2.68845356551749 1.70452612122925
   endloop
endfacet
facet normal -0.537431145426918 0.843203903863187 0.0132265050180656
   outer loop
      vertex -5.34880692744849 8.44927597211021 -1.1736724708969
      vertex -5.69935967149545 8.21689109912814 -0.602858841656795
      vertex -5.02397367288858 8.64636851713611 -0.539619508964745
   endloop
endfacet
facet normal -0.571289062228109 0.820682622379491 0.0104326747696868
   outer loop
      vertex -5.3953464418774 8.41963400464182 1.07158533600863
      vertex -5.58271515019269 8.29658312510693 0.491103791703869
      vertex -6.01869580405209 7.98594395286404 1.05329821706792
   endloop
endfacet
facet normal 0.0198811824859693 0.999751922893232 0.0100414766964418
   outer loop
      vertex 0.596151244184225 9.98221436826807 2.539
      vertex 0.157965214708835 9.9987522717058 1.76001653131718
      vertex -0.198821924745086 9.99802329674424 2.539
   endloop
endfacet
facet normal 0.0198811824859695 -0.999751922893232 0.010041476696428
   outer loop
      vertex 0.157965214708839 -9.9987522717058 1.76001653131718
      vertex 0.596151244184228 -9.98221436826808 2.539
      vertex -0.198821924745078 -9.99802329674425 2.539
   endloop
endfacet
facet normal 0.0198811824859695 -0.999751922893232 -0.0100414766964281
   outer loop
      vertex 0.596151244184228 -9.98221436826808 -2.539
      vertex 0.15796521470884 -9.9987522717058 -1.76001653131718
      vertex -0.198821924745078 -9.99802329674425 -2.539
   endloop
endfacet
facet normal 0.0198811824859693 0.999751922893232 -0.0100414766964417
   outer loop
      vertex 0.157965214708833 9.9987522717058 -1.76001653131718
      vertex 0.596151244184225 9.98221436826807 -2.539
      vertex -0.198821924745086 9.99802329674424 -2.539
   endloop
endfacet
facet normal -0.888237834379473 0.459274140517293 0.0100405890746376
   outer loop
      vertex -8.86400295686265 4.62919556518519 1.75993075590773
      vertex -9.05840392259372 4.23619149415353 2.539
      vertex -8.69320272134858 4.94249192670434 2.539
   endloop
endfacet
facet normal -0.888237834379473 -0.459274140517293 0.0100405890746326
   outer loop
      vertex -9.05840392259366 -4.23619149415365 2.539
      vertex -8.86400295686257 -4.62919556518534 1.75993075590773
      vertex -8.69320272134852 -4.94249192670446 2.539
   endloop
endfacet
facet normal -0.888237834379473 -0.459274140517293 -0.0100405890746369
   outer loop
      vertex -8.86400295686258 -4.62919556518533 -1.75993075590773
      vertex -9.05840392259366 -4.23619149415365 -2.539
      vertex -8.69320272134852 -4.94249192670446 -2.539
   endloop
endfacet
facet normal -0.888237834379473 0.459274140517293 -0.0100405890746254
   outer loop
      vertex -9.05840392259372 4.23619149415353 -2.539
      vertex -8.86400295686264 4.62919556518519 -1.75993075590773
      vertex -8.69320272134858 4.94249192670434 -2.539
   endloop
endfacet
facet normal 0.827262336355516 0.561726116070659 0.0100397894293731
   outer loop
      vertex 8.29587802694751 5.58376286763769 1.7598505728857
      vertex 8.04316565211542 5.94201029051875 2.539
      vertex 8.48983361954522 5.28419578672476 2.539
   endloop
endfacet
facet normal 0.827262336355521 -0.56172611607065 0.0100397894293788
   outer loop
      vertex 8.04316565211542 -5.94201029051875 2.539
      vertex 8.29587802694751 -5.58376286763769 1.75985057288569
      vertex 8.48983361954523 -5.28419578672473 2.539
   endloop
endfacet
facet normal 0.827262336355521 -0.56172611607065 -0.0100397894293787
   outer loop
      vertex 8.29587802694751 -5.58376286763769 -1.75985057288569
      vertex 8.04316565211542 -5.94201029051875 -2.539
      vertex 8.48983361954523 -5.28419578672473 -2.539
   endloop
endfacet
facet normal 0.827262336355516 0.561726116070659 -0.0100397894293731
   outer loop
      vertex 8.04316565211542 5.94201029051875 -2.539
      vertex 8.29587802694751 5.58376286763769 -1.7598505728857
      vertex 8.48983361954522 5.28419578672476 -2.539
   endloop
endfacet
facet normal 0.0992487962302596 0.995012006670472 0.0100390750791219
   outer loop
      vertex 1.3873553073885 9.90329466647645 2.539
      vertex 0.952001776283642 9.95458148883984 1.75977581080469
      vertex 0.596151244184225 9.98221436826807 2.539
   endloop
endfacet
facet normal 0.0992487962302612 -0.995012006670472 0.0100390750791078
   outer loop
      vertex 0.952001776283635 -9.95458148883984 1.7597758108047
      vertex 1.38735530738849 -9.90329466647646 2.539
      vertex 0.596151244184228 -9.98221436826808 2.539
   endloop
endfacet
facet normal 0.0992487962302612 -0.995012006670472 -0.0100390750791103
   outer loop
      vertex 1.38735530738849 -9.90329466647646 -2.539
      vertex 0.952001776283655 -9.95458148883984 -1.75977581080469
      vertex 0.596151244184228 -9.98221436826808 -2.539
   endloop
endfacet
facet normal 0.0992487962302596 0.995012006670472 -0.0100390750791216
   outer loop
      vertex 0.952001776283639 9.95458148883984 -1.7597758108047
      vertex 1.3873553073885 9.90329466647645 -2.539
      vertex 0.596151244184225 9.98221436826807 -2.539
   endloop
endfacet
facet normal -0.921919398812423 0.387251664615586 0.0100384433952133
   outer loop
      vertex -9.20382859052643 3.91018404633444 1.75970631072866
      vertex -9.36633497013625 3.5031085091962 2.539
      vertex -9.05840392259372 4.23619149415353 2.539
   endloop
endfacet
facet normal -0.921919398812416 -0.387251664615602 0.0100384433952225
   outer loop
      vertex -9.3663349701362 -3.50310850919633 2.539
      vertex -9.20382859052637 -3.91018404633459 1.75970631072866
      vertex -9.05840392259366 -4.23619149415365 2.539
   endloop
endfacet
facet normal -0.921919398812416 -0.387251664615602 -0.0100384433952174
   outer loop
      vertex -9.20382859052637 -3.91018404633458 -1.75970631072866
      vertex -9.3663349701362 -3.50310850919633 -2.539
      vertex -9.05840392259366 -4.23619149415365 -2.539
   endloop
endfacet
facet normal -0.921919398812423 0.387251664615586 -0.0100384433952133
   outer loop
      vertex -9.36633497013625 3.5031085091962 -2.539
      vertex -9.20382859052643 3.91018404633444 -1.75970631072866
      vertex -9.05840392259372 4.23619149415353 -2.539
   endloop
endfacet
facet normal 0.968737349594287 0.247733918325205 0.0132609657369415
   outer loop
      vertex 9.71583702166104 2.36696239271366 -0.809221329666115
      vertex 9.55854931153089 2.93838987526032 0.00584073743017943
      vertex 9.79955371969403 1.99217140197097 0.0767585268143467
   endloop
endfacet
facet normal 0.969217330042042 -0.24579323401268 0.01426370427915
   outer loop
      vertex 9.55854931153089 -2.93838987526032 -0.00584073743018143
      vertex 9.72285557702147 -2.33796480477841 -0.823865274644919
      vertex 9.79955371969402 -1.99217140197099 -0.0767585268143462
   endloop
endfacet
facet normal 0.968737349594289 -0.2477339183252 -0.0132609657369453
   outer loop
      vertex 9.71583702166104 -2.36696239271366 0.809221329666111
      vertex 9.55854931153089 -2.93838987526032 -0.00584073743018143
      vertex 9.79955371969402 -1.99217140197099 -0.0767585268143462
   endloop
endfacet
facet normal 0.969217330042041 0.245793234012685 -0.0142637042791493
   outer loop
      vertex 9.55854931153089 2.93838987526032 0.00584073743017943
      vertex 9.72285557702148 2.33796480477838 0.823865274644915
      vertex 9.79955371969403 1.99217140197097 0.0767585268143467
   endloop
endfacet
facet normal 0.780018008982944 0.625676550944124 0.0100378912601202
   outer loop
      vertex 7.8259283519911 6.22533898109186 1.75964192779448
      vertex 7.54564621873752 6.56225747297774 2.539
      vertex 8.04316565211542 5.94201029051875 2.539
   endloop
endfacet
facet normal 0.780018008982941 -0.625676550944127 0.0100378912601204
   outer loop
      vertex 7.5456462187375 -6.56225747297776 2.539
      vertex 7.82592835199109 -6.22533898109187 1.75964192779448
      vertex 8.04316565211542 -5.94201029051875 2.539
   endloop
endfacet
facet normal 0.780018008982941 -0.625676550944127 -0.0100378912601192
   outer loop
      vertex 7.82592835199108 -6.22533898109188 -1.75964192779448
      vertex 7.5456462187375 -6.56225747297776 -2.539
      vertex 8.04316565211542 -5.94201029051875 -2.539
   endloop
endfacet
facet normal 0.780018008982944 0.625676550944123 -0.0100378912601203
   outer loop
      vertex 7.54564621873752 6.56225747297774 -2.539
      vertex 7.8259283519911 6.22533898109186 -1.75964192779449
      vertex 8.04316565211542 5.94201029051875 -2.539
   endloop
endfacet
facet normal 0.177988926934381 0.983981296634363 0.0100374181194951
   outer loop
      vertex 2.16978805579826 9.76176314980625 2.539
      vertex 1.74004273760262 9.84744897277038 1.75958251937154
      vertex 1.3873553073885 9.90329466647645 2.539
   endloop
endfacet
facet normal 0.177988926934399 -0.98398129663436 0.0100374181194852
   outer loop
      vertex 1.74004273760259 -9.84744897277038 1.75958251937154
      vertex 2.16978805579823 -9.76176314980625 2.539
      vertex 1.38735530738849 -9.90329466647646 2.539
   endloop
endfacet
facet normal 0.177988926934399 -0.98398129663436 -0.0100374181194875
   outer loop
      vertex 2.16978805579823 -9.76176314980625 -2.539
      vertex 1.7400427376026 -9.84744897277038 -1.75958251937154
      vertex 1.38735530738849 -9.90329466647646 -2.539
   endloop
endfacet
facet normal 0.177988926934381 0.983981296634363 -0.0100374181194951
   outer loop
      vertex 1.74004273760262 9.84744897277038 -1.75958251937154
      vertex 2.16978805579826 9.76176314980625 -2.539
      vertex 1.3873553073885 9.90329466647645 -2.539
   endloop
endfacet
facet normal -0.949772286226835 0.312780853824105 0.0100370212969088
   outer loop
      vertex -9.48545174554848 3.16641835247196 1.75952796487829
      vertex -9.61504903550105 2.74787773470916 2.539
      vertex -9.36633497013625 3.5031085091962 2.539
   endloop
endfacet
facet normal -0.949769860017694 -0.312780054820205 0.0102883579175606
   outer loop
      vertex -9.61504903550101 -2.74787773470928 2.539
      vertex -9.48627451451651 -3.16395256526304 1.77758116101816
      vertex -9.3663349701362 -3.50310850919633 2.539
   endloop
endfacet
facet normal -0.949772286226833 -0.312780853824111 -0.0100370212969229
   outer loop
      vertex -9.48545174554844 -3.1664183524721 -1.75952796487829
      vertex -9.61504903550101 -2.74787773470928 -2.539
      vertex -9.3663349701362 -3.50310850919633 -2.539
   endloop
endfacet
facet normal -0.949769363847599 0.312779891420499 -0.010339004763901
   outer loop
      vertex -9.61504903550105 2.74787773470916 -2.539
      vertex -9.48352968586432 3.17217034494213 -1.78485124979475
      vertex -9.36633497013625 3.5031085091962 -2.539
   endloop
endfacet
facet normal 0.727840248445104 0.685669465006394 0.0102935660106032
   outer loop
      vertex 7.30124937602058 6.83313672841097 1.77621522513689
      vertex 7.00042075216948 7.14101598461976 2.539
      vertex 7.54564621873752 6.56225747297774 2.539
   endloop
endfacet
facet normal 0.727842149101143 -0.68567125553915 0.0100366986203201
   outer loop
      vertex 7.0004207521695 -7.14101598461974 2.539
      vertex 7.30646497387075 -6.82755956294779 1.75947815378562
      vertex 7.5456462187375 -6.56225747297776 2.539
   endloop
endfacet
facet normal 0.727842149101143 -0.68567125553915 -0.0100366986203201
   outer loop
      vertex 7.30646497387075 -6.82755956294779 -1.75947815378562
      vertex 7.0004207521695 -7.14101598461974 -2.539
      vertex 7.5456462187375 -6.56225747297776 -2.539
   endloop
endfacet
facet normal 0.727840248445104 0.685669465006394 -0.0102935660106032
   outer loop
      vertex 7.00042075216948 7.14101598461976 -2.539
      vertex 7.30124937602058 6.83313672841097 -1.77621522513689
      vertex 7.54564621873752 6.56225747297774 -2.539
   endloop
endfacet
facet normal 0.255603090512333 0.96672701552343 0.0102925982000041
   outer loop
      vertex 2.93850273121602 9.55851461779685 2.539
      vertex 2.52449558079919 9.67610056079025 1.77612162427873
      vertex 2.16978805579826 9.76176314980625 2.539
   endloop
endfacet
facet normal 0.255603090512323 -0.966727015523432 0.0102925982000028
   outer loop
      vertex 2.52449558079917 -9.67610056079025 1.77612162427873
      vertex 2.93850273121602 -9.55851461779685 2.539
      vertex 2.16978805579823 -9.76176314980625 2.539
   endloop
endfacet
facet normal 0.255603090512323 -0.966727015523432 -0.0102925982000061
   outer loop
      vertex 2.93850273121602 -9.55851461779685 -2.539
      vertex 2.52449558079918 -9.67610056079025 -1.77612162427873
      vertex 2.16978805579823 -9.76176314980625 -2.539
   endloop
endfacet
facet normal 0.255603090512333 0.96672701552343 -0.0102925982000041
   outer loop
      vertex 2.52449558079919 9.67610056079025 -1.77612162427873
      vertex 2.93850273121602 9.55851461779685 -2.539
      vertex 2.16978805579826 9.76176314980625 -2.539
   endloop
endfacet
facet normal -0.971620401766565 0.236332537243892 0.0100362697673966
   outer loop
      vertex -9.70708525193596 2.40260190452922 1.75939235936419
      vertex -9.80297366505604 1.97527398662 2.539
      vertex -9.61504903550105 2.74787773470916 2.539
   endloop
endfacet
facet normal -0.971620401766556 -0.236332537243926 0.0100362697673918
   outer loop
      vertex -9.80297366505602 -1.97527398662015 2.539
      vertex -9.70708525193592 -2.40260190452937 1.75939235936419
      vertex -9.61504903550101 -2.74787773470928 2.539
   endloop
endfacet
facet normal -0.971620401766556 -0.236332537243926 -0.0100362697673918
   outer loop
      vertex -9.70708525193592 -2.40260190452937 -1.75939235936419
      vertex -9.80297366505602 -1.97527398662015 -2.539
      vertex -9.61504903550101 -2.74787773470928 -2.539
   endloop
endfacet
facet normal -0.971617937204179 0.236331937774922 -0.0102858782146613
   outer loop
      vertex -9.80297366505604 1.97527398662 -2.539
      vertex -9.70770290822369 2.40010504888125 -1.77733708912835
      vertex -9.61504903550105 2.74787773470916 -2.539
   endloop
endfacet
facet normal -0.498344806629297 0.866897268902824 0.0118986921312103
   outer loop
      vertex -5.02397367288858 8.64636851713611 -0.539619508964745
      vertex -5.2876112420257 8.48770683713825 -0.0218345633686408
      vertex -4.68753671197766 8.83328928394523 -0.067255830833187
   endloop
endfacet
facet normal -0.534916788524776 0.844880224516913 -0.00643704703974181
   outer loop
      vertex -5.58271515019269 8.29658312510693 0.491103791703869
      vertex -5.3953464418774 8.41963400464182 1.07158533600863
      vertex -5.11081123234103 8.59532480755537 0.486693618887743
   endloop
endfacet
facet normal -0.564475209969178 0.825381472950431 -0.0106377366215381
   outer loop
      vertex -5.69935967149545 8.21689109912814 -0.602858841656795
      vertex -5.34880692744849 8.44927597211021 -1.1736724708969
      vertex -5.93696813599098 8.04688817818588 -1.18504785676099
   endloop
endfacet
facet normal -0.499580474064791 0.866214013811135 -0.00962456286803616
   outer loop
      vertex -5.2876112420257 8.48770683713825 -0.0218345633686408
      vertex -5.11081123234103 8.59532480755537 0.486693618887743
      vertex -4.68753671197766 8.83328928394523 -0.067255830833187
   endloop
endfacet
facet normal 0.67106193209026 0.741327942632964 0.0104290349919966
   outer loop
      vertex 6.72603542168231 7.40003023684869 1.78294225260588
      vertex 6.41093638256726 7.67462668138818 2.539
      vertex 7.00042075216948 7.14101598461976 2.539
   endloop
endfacet
facet normal 0.671045233637982 -0.741309495707747 0.0125907102767349
   outer loop
      vertex 6.41093638256734 -7.67462668138811 2.539
      vertex 6.73494696601941 -7.39192054644162 1.91528496165026
      vertex 7.0004207521695 -7.14101598461974 2.539
   endloop
endfacet
facet normal 0.671064630129182 -0.741330923179978 -0.0100361609545497
   outer loop
      vertex 6.74076991748278 -7.38661092244333 -1.75935620206282
      vertex 6.41093638256734 -7.67462668138811 -2.539
      vertex 7.0004207521695 -7.14101598461974 -2.539
   endloop
endfacet
facet normal 0.671041323629145 0.741305176287044 -0.0130452133780515
   outer loop
      vertex 6.41093638256726 7.67462668138818 -2.539
      vertex 6.72295890006365 7.40282538143748 -1.93400471635422
      vertex 7.00042075216948 7.14101598461976 -2.539
   endloop
endfacet
facet normal 0.331591064307755 0.943333036656473 0.0130440800261382
   outer loop
      vertex 3.68863924008639 9.2948340790191 2.539
      vertex 3.30102230637012 9.43945187671651 1.93394125718592
      vertex 2.93850273121602 9.55851461779685 2.539
   endloop
endfacet
facet normal 0.331601245980627 -0.943362002178835 0.0104281594365692
   outer loop
      vertex 3.29709484719253 -9.44082441149164 1.78286236634769
      vertex 3.68863924008639 -9.2948340790191 2.539
      vertex 2.93850273121602 -9.55851461779685 2.539
   endloop
endfacet
facet normal 0.331591064307755 -0.943333036656473 -0.0130440800261433
   outer loop
      vertex 3.68863924008639 -9.2948340790191 -2.539
      vertex 3.30102230637013 -9.43945187671651 -1.93394125718591
      vertex 2.93850273121602 -9.55851461779685 -2.539
   endloop
endfacet
facet normal 0.331601245980627 0.943362002178835 -0.0104281594365692
   outer loop
      vertex 3.29709484719253 9.44082441149164 -1.78286236634769
      vertex 3.68863924008639 9.2948340790191 -2.539
      vertex 2.93850273121602 9.55851461779685 -2.539
   endloop
endfacet
facet normal -0.987325614111234 0.158390048326569 0.0100361502072351
   outer loop
      vertex -9.8673216075867 1.62356530279894 1.75929699765305
      vertex -9.92892073547959 1.19018193086751 2.539
      vertex -9.80297366505604 1.97527398662 2.539
   endloop
endfacet
facet normal -0.987325614111235 -0.158390048326565 0.0100361502072234
   outer loop
      vertex -9.92892073547957 -1.19018193086764 2.539
      vertex -9.86732160758667 -1.62356530279909 1.75929699765305
      vertex -9.80297366505602 -1.97527398662015 2.539
   endloop
endfacet
facet normal -0.987325614111235 -0.158390048326565 -0.0100361502072234
   outer loop
      vertex -9.86732160758667 -1.62356530279909 -1.75929699765305
      vertex -9.92892073547957 -1.19018193086764 -2.539
      vertex -9.80297366505602 -1.97527398662015 -2.539
   endloop
endfacet
facet normal -0.987325614111234 0.158390048326569 -0.0100361502072351
   outer loop
      vertex -9.92892073547959 1.19018193086751 -2.539
      vertex -9.8673216075867 1.62356530279894 -1.75929699765305
      vertex -9.80297366505604 1.97527398662 -2.539
   endloop
endfacet
facet normal 0.610026788773805 0.792280753896 0.0125906308144512
   outer loop
      vertex 6.12617621319264 7.90379434227085 1.91521906684721
      vertex 5.78092000447838 8.15971592041179 2.539
      vertex 6.41093638256726 7.67462668138818 2.539
   endloop
endfacet
facet normal 0.61003294469233 -0.792288748980557 0.0117619993550406
   outer loop
      vertex 5.78092000447845 -8.15971592041174 2.539
      vertex 6.16278353456023 -7.87528406510859 1.89309153761011
      vertex 6.41093638256734 -7.67462668138811 2.539
   endloop
endfacet
facet normal 0.610029862607037 -0.792284746079529 -0.0121839179796813
   outer loop
      vertex 6.13055832033442 -7.90039585596686 -1.89598168809086
      vertex 5.78092000447845 -8.15971592041174 -2.539
      vertex 6.41093638256734 -7.67462668138811 -2.539
   endloop
endfacet
facet normal 0.610033351384589 0.792289277177788 -0.0117051897714131
   outer loop
      vertex 5.78092000447838 8.15971592041179 -2.539
      vertex 6.17371018808053 7.86672120477081 -1.90009189447333
      vertex 6.41093638256726 7.67462668138818 -2.539
   endloop
endfacet
facet normal 0.405497505940875 0.914021116175567 0.0117120391435968
   outer loop
      vertex 4.41545497561351 8.97238860941332 2.539
      vertex 3.97108816155389 9.17771533733568 1.90005659138826
      vertex 3.68863924008639 9.2948340790191 2.539
   endloop
endfacet
facet normal 0.405493175548317 -0.914011355153166 0.0125907598982104
   outer loop
      vertex 4.0259422334267 -9.15378550836271 1.91520391883047
      vertex 4.41545497561351 -8.97238860941332 2.539
      vertex 3.68863924008639 -9.2948340790191 2.539
   endloop
endfacet
facet normal 0.405497505940875 -0.914021116175567 -0.0117120391435878
   outer loop
      vertex 4.41545497561351 -8.97238860941332 -2.539
      vertex 3.97108816155392 -9.17771533733566 -1.90005659138826
      vertex 3.68863924008639 -9.2948340790191 -2.539
   endloop
endfacet
facet normal 0.405493175548317 0.914011355153166 -0.0125907598982196
   outer loop
      vertex 4.02594223342669 9.15378550836272 -1.91520391883047
      vertex 4.41545497561351 8.97238860941332 -2.539
      vertex 3.68863924008639 9.2948340790191 -2.539
   endloop
endfacet
facet normal -0.996787920135645 0.0794461093210995 0.010107323354643
   outer loop
      vertex -9.97030894605477 0.770025662053074 1.75981374100147
      vertex -9.99209397223904 0.397565151823238 2.539
      vertex -9.92892073547959 1.19018193086751 2.539
   endloop
endfacet
facet normal -0.996788629866129 -0.0794461658881349 0.0100366376481043
   outer loop
      vertex -9.99209397223903 -0.397565151823375 2.539
      vertex -9.96514178385933 -0.834235714640003 1.75924015218092
      vertex -9.92892073547957 -1.19018193086764 2.539
   endloop
endfacet
facet normal -0.996787967130875 -0.0794461130667308 -0.0101026581494726
   outer loop
      vertex -9.96961315011402 -0.778982436948116 -1.75767020962017
      vertex -9.99209397223903 -0.397565151823375 -2.539
      vertex -9.92892073547957 -1.19018193086764 -2.539
   endloop
endfacet
facet normal -0.996788629866131 0.0794461658881231 -0.010036637648092
   outer loop
      vertex -9.99209397223904 0.397565151823238 -2.539
      vertex -9.96514178385934 0.834235714639833 -1.75924015218092
      vertex -9.92892073547959 1.19018193086751 -2.539
   endloop
endfacet
facet normal 0.484964391100152 -0.874533878650722 -0.000185625921178967
   outer loop
      vertex 5.10106798244689 -8.6011107095802 0.38329678535501
      vertex 5.09619366409604 -8.60399965934607 1.25932536957643
      vertex 4.59591617802904 -8.88130364780593 0.693489424828987
   endloop
endfacet
facet normal 0.537691479456063 -0.843141641885836 0.000211278033411928
   outer loop
      vertex 5.09619366409604 -8.60399965934607 1.25932536957643
      vertex 5.10106798244689 -8.6011107095802 0.38329678535501
      vertex 5.64990254214027 -8.25097577649558 0.902404156014219
   endloop
endfacet
facet normal 0.930994444037128 0.364923265695609 -0.00896411323284688
   outer loop
      vertex 9.36309121431903 3.51176919975415 -0.626286543523217
      vertex 9.43238568041321 3.32115949269767 -1.18910337828241
      vertex 9.17672570497782 3.97337455264406 -1.19017064297157
   endloop
endfacet
facet normal 0.947875759558277 0.318517764510461 0.00883052280891393
   outer loop
      vertex 9.43238568041321 3.32115949269767 -1.18910337828241
      vertex 9.36309121431903 3.51176919975415 -0.626286543523217
      vertex 9.56354630345022 2.92208523177604 -0.873350128173056
   endloop
endfacet
facet normal 0.930981022164948 0.364947964158105 0.0093445077753061
   outer loop
      vertex 9.43238568041321 3.32115949269767 -1.18910337828241
      vertex 9.35427519303321 3.53518537180211 -1.76579801036568
      vertex 9.17672570497782 3.97337455264406 -1.19017064297157
   endloop
endfacet
facet normal 0.930994444037129 -0.364923265695607 0.00896411323283941
   outer loop
      vertex 9.36309121431902 -3.51176919975415 0.626286543523215
      vertex 9.4323856804132 -3.32115949269768 1.18910337828241
      vertex 9.17672570497781 -3.97337455264407 1.19017064297158
   endloop
endfacet
facet normal 0.947875759558273 -0.318517764510471 -0.008830522808916
   outer loop
      vertex 9.4323856804132 -3.32115949269768 1.18910337828241
      vertex 9.36309121431902 -3.51176919975415 0.626286543523215
      vertex 9.56354630345022 -2.92208523177603 0.873350128173052
   endloop
endfacet
facet normal 0.930981022164949 -0.364947964158104 -0.00934450777529884
   outer loop
      vertex 9.4323856804132 -3.32115949269768 1.18910337828241
      vertex 9.3542751930332 -3.53518537180211 1.76579801036568
      vertex 9.17672570497781 -3.97337455264407 1.19017064297158
   endloop
endfacet
facet normal -0.993298311517289 0.115577380899945 -0.000577374412289022
   outer loop
      vertex -9.96172817278505 0.874054810375569 -0.424504347681169
      vertex -9.96006878757171 0.892765224927467 0.466141597046196
      vertex -9.89751932225546 1.42797453253892 -0.00528261598193547
   endloop
endfacet
facet normal -0.993365996892225 -0.114995632280001 0.0000278359278667738
   outer loop
      vertex -9.96202893086309 -0.870620227565791 0.42413126271429
      vertex -9.96194578277443 -0.871571122205557 -0.536937701056147
      vertex -9.89751932225544 -1.42797453253908 0.00528261598193547
   endloop
endfacet
facet normal -0.623271253022511 0.7819817721907 0.00611989519856872
   outer loop
      vertex -6.47188522492136 7.62329991771573 0.729622907271942
      vertex -6.03328624809003 7.9749267738712 0.468236362185679
      vertex -6.30150954299341 7.76472649096947 0.0102090145228768
   endloop
endfacet
facet normal 0.487176049565878 -0.873303532760554 0.000660603754890643
   outer loop
      vertex 5.09619366409604 -8.60399965934607 1.25932536957643
      vertex 5.11327256422056 -8.59386081362674 2.06746290627326
      vertex 4.63199079761296 -8.86254259514891 1.80739897769352
   endloop
endfacet
facet normal 0.53851498435371 -0.842615544908827 -0.00080938527551817
   outer loop
      vertex 5.11327256422056 -8.59386081362674 2.06746290627326
      vertex 5.09619366409604 -8.60399965934607 1.25932536957643
      vertex 5.66002350834748 -8.24403626174423 1.65476787068586
   endloop
endfacet
facet normal -0.625181105470187 0.780479202985867 0.000893906941790009
   outer loop
      vertex -6.03328624809003 7.9749267738712 0.468236362185679
      vertex -6.47188522492136 7.62329991771573 0.729622907271942
      vertex -6.01869580405209 7.98594395286404 1.05329821706792
   endloop
endfacet
facet normal -0.606735817042272 0.794847163242526 -0.00946759754929894
   outer loop
      vertex -6.03328624809003 7.9749267738712 0.468236362185679
      vertex -5.81826936848291 8.13312618590007 -0.0296817447021933
      vertex -6.30150954299341 7.76472649096947 0.0102090145228768
   endloop
endfacet
facet normal 0.483937260274364 -0.875102328722518 0.000801487721631698
   outer loop
      vertex 5.11758673082865 -8.59129245529719 -2.06461736762409
      vertex 5.13435034220398 -8.58128466859769 -1.25948802204201
      vertex 4.54728834148607 -8.90629938523205 -1.65869458325302
   endloop
endfacet
facet normal 0.536304347653825 -0.844024401817128 -0.000675148016144701
   outer loop
      vertex 5.13435034220398 -8.58128466859769 -1.25948802204201
      vertex 5.11758673082865 -8.59129245529719 -2.06461736762409
      vertex 5.59895288199604 -8.28563374915813 -1.8048919873379
   endloop
endfacet
facet normal 0.536942375776504 0.843618891367015 -0.000226327575780433
   outer loop
      vertex 5.09513228548521 8.60462823098164 -1.25972713488765
      vertex 5.10051584686967 8.60143814113846 -0.378516869818852
      vertex 5.63594844184853 8.26051361362144 -0.881868382388309
   endloop
endfacet
facet normal 0.484925985441968 0.874555171073794 0.000203448332484558
   outer loop
      vertex 5.10051584686967 8.60143814113846 -0.378516869818852
      vertex 5.09513228548521 8.60462823098164 -1.25972713488765
      vertex 4.59590817386121 8.8813077898154 -0.693463574150502
   endloop
endfacet
facet normal 0.487213548884118 0.873282546206293 -0.000743152203422279
   outer loop
      vertex 5.09513228548521 8.60462823098164 -1.25972713488765
      vertex 5.11437405631438 8.59320533980763 -2.06785235367488
      vertex 4.63229284866371 8.86238472219633 -1.807931965998
   endloop
endfacet
facet normal 0.538541944454995 0.842598208520884 0.000912721222652689
   outer loop
      vertex 5.11437405631438 8.59320533980763 -2.06785235367488
      vertex 5.09513228548521 8.60462823098164 -1.25972713488765
      vertex 5.66050607709947 8.2437049286786 -1.65872426217554
   endloop
endfacet
facet normal -0.999264075820217 0.0359863462137964 0.0132774116961483
   outer loop
      vertex -9.97030894605477 0.770025662053074 1.75981374100147
      vertex -9.99297250068753 0.374834097305374 1.12524913624736
      vertex -9.99990604032172 -0.0433495644400904 1.73684913356909
   endloop
endfacet
facet normal -0.999255424233783 -0.0359803559469601 -0.0139287876461971
   outer loop
      vertex -9.96961315011402 -0.778982436948116 -1.75767020962017
      vertex -9.99306610467938 -0.372330266709527 -1.1255978099551
      vertex -9.99985500828431 0.0538499144964495 -1.73945352250443
   endloop
endfacet
facet normal 0.483847176750206 0.875152028635504 -0.00091450862042475
   outer loop
      vertex 5.11465341913612 8.59303906671669 2.06789048003602
      vertex 5.13390938914289 8.58154848404823 1.25974062487054
      vertex 4.54711090189792 8.90638997831563 1.65875416086442
   endloop
endfacet
facet normal 0.535289763136975 0.844668168553283 0.000744656701813995
   outer loop
      vertex 5.13390938914289 8.58154848404823 1.25974062487054
      vertex 5.11465341913612 8.59303906671669 2.06789048003602
      vertex 5.58114305106774 8.29764076370616 1.80793044152623
   endloop
endfacet
facet normal -0.375895480515426 -0.926589482928872 0.0115981832061489
   outer loop
      vertex -4.12252207808832 -9.11069765252225 1.11572929676574
      vertex -3.70345789104304 -9.28893964073785 0.457624694945988
      vertex -3.37310617774983 -9.41393407208835 1.17835744634488
   endloop
endfacet
facet normal -0.408217221387664 -0.912796209711057 -0.0127192649025643
   outer loop
      vertex -3.70345789104304 -9.28893964073785 0.457624694945988
      vertex -4.12252207808832 -9.11069765252225 1.11572929676574
      vertex -4.45774729728916 -8.95145178356624 0.44632598303845
   endloop
endfacet
facet normal 0.48574584085839 0.874100065394622 -0.000231874735436309
   outer loop
      vertex 5.13390938914289 8.58154848404823 1.25974062487054
      vertex 5.13918534439121 8.57838994194101 0.405363179764261
      vertex 4.57362903692067 8.89280143895252 0.881853097173123
   endloop
endfacet
facet normal 0.537840064807938 0.843046868696415 0.000204618088344233
   outer loop
      vertex 5.13918534439121 8.57838994194101 0.405363179764261
      vertex 5.13390938914289 8.58154848404823 1.25974062487054
      vertex 5.61508977901484 8.27470644637035 0.6934513724788
   endloop
endfacet
facet normal -0.99894566971863 -0.042853051532128 0.0164670861047743
   outer loop
      vertex -9.99994698913194 0.03256093596767 -0.489347183775727
      vertex -9.99306610467938 -0.372330266709527 -1.1255978099551
      vertex -9.96194578277443 -0.871571122205557 -0.536937701056147
   endloop
endfacet
facet normal -0.410496988420717 -0.91162340190416 -0.0208565480894574
   outer loop
      vertex -4.10163319797607 -9.12012089334679 0.0379289285765569
      vertex -4.48376575568975 -8.93844755246144 -0.381766837792875
      vertex -3.70695086200295 -9.28754624789 -0.412147420868463
   endloop
endfacet
facet normal -0.408579384719909 -0.912490558539238 0.0205880294989448
   outer loop
      vertex -4.10163319797607 -9.12012089334679 0.0379289285765569
      vertex -3.70345789104304 -9.28893964073785 0.457624694945988
      vertex -4.45774729728916 -8.95145178356624 0.44632598303845
   endloop
endfacet
facet normal 0 0 1
   outer loop
      vertex -3.4863335024001 -0.368938231768443 2.539
      vertex -3.48982964459977 0.415009847510809 2.539
      vertex -4.05838367827787 0.0771404892035381 2.539
   endloop
endfacet
facet normal 0 0 1
   outer loop
      vertex 8.10848870575371 -3.73889876614935 2.539
      vertex 8.62342791724977 -3.988553963311 2.539
      vertex 8.71701806909115 -3.19870525860655 2.539
   endloop
endfacet
facet normal 0 0 1
   outer loop
      vertex -3.4863335024001 -0.368938231768443 2.539
      vertex -4.05838367827787 0.0771404892035381 2.539
      vertex -4.12985853328694 -0.766692838646502 2.539
   endloop
endfacet
facet normal 0 0 1
   outer loop
      vertex -4.74392936270966 6.35522715265385 2.539
      vertex -5.48547630617373 6.46501720713219 2.539
      vertex -5.25558250510115 5.69307480872616 2.539
   endloop
endfacet
facet normal 0 0 1
   outer loop
      vertex 1.25360826163265 -3.27643864338035 2.539
      vertex 0.494060232593226 -3.48886306479061 2.539
      vertex 0.971117675105958 -3.94809704608601 2.539
   endloop
endfacet
facet normal 0 0 1
   outer loop
      vertex 8.71701806909115 -3.19870525860655 2.539
      vertex 8.62342791724977 -3.988553963311 2.539
      vertex 9.21965858883561 -3.87271164758103 2.539
   endloop
endfacet
facet normal 0 0 1
   outer loop
      vertex 1.25360826163265 -3.27643864338035 2.539
      vertex 0.971117675105958 -3.94809704608601 2.539
      vertex 1.82599730267466 -3.80838871903171 2.539
   endloop
endfacet
facet normal 0 0 1
   outer loop
      vertex 7.35804270095645 2.96420720723266 2.539
      vertex 7.64910270297519 3.64574639481689 2.539
      vertex 6.84824308025387 3.62350239822712 2.539
   endloop
endfacet
facet normal 0 0 1
   outer loop
      vertex -5.68844500322951 -6.88249051178226 2.539
      vertex -6.06084710414137 -7.31699100337926 2.539
      vertex -5.32156565489551 -7.60920441802699 2.539
   endloop
endfacet
facet normal 0 0 1
   outer loop
      vertex 1.12268102912773 -7.81711109057758 2.539
      vertex 1.49818975488581 -8.16992701058311 2.539
      vertex 1.73668469250927 -7.47029393283644 2.539
   endloop
endfacet
facet normal 0 0 1
   outer loop
      vertex 2.95744291113955 1.99515794824792 2.539
      vertex 3.63353441117925 1.97518250630878 2.539
      vertex 3.45416132308554 2.53366462475837 2.539
   endloop
endfacet
facet normal 0 0 1
   outer loop
      vertex 1.42312406914063 8.27544609509328 2.539
      vertex 0.904569620109124 7.83883054113498 2.539
      vertex 1.67705847247995 7.48131167644074 2.539
   endloop
endfacet
facet normal 0 0 1
   outer loop
      vertex -5.32156565489551 -7.60920441802699 2.539
      vertex -6.06084710414137 -7.31699100337926 2.539
      vertex -6.1007512962321 -7.92343572079198 2.539
   endloop
endfacet
facet normal 0 0 1
   outer loop
      vertex -7.85707819005315 0.91731401552736 2.539
      vertex -8.30367695148402 0.632313492099744 2.539
      vertex -7.67926331990088 0.236099103816283 2.539
   endloop
endfacet
facet normal 0 0 1
   outer loop
      vertex 9.27640065393696 0.476167052893754 2.539
      vertex 8.52776137986 0.252855143787743 2.539
      vertex 9.19572971583007 -0.428838948682111 2.539
   endloop
endfacet
facet normal 0 0 1
   outer loop
      vertex 9.19572971583007 -0.428838948682111 2.539
      vertex 8.52776137986 0.252855143787743 2.539
      vertex 8.40179228068699 -0.349211242514741 2.539
   endloop
endfacet
facet normal 0 0 1
   outer loop
      vertex -2.79767727269987 8.86158101588207 2.539
      vertex -2.38255268612968 8.24493425957847 2.539
      vertex -1.99630113536404 8.95150457608204 2.539
   endloop
endfacet
facet normal 0 0 1
   outer loop
      vertex -1.99630113536404 8.95150457608204 2.539
      vertex -2.38255268612968 8.24493425957847 2.539
      vertex -1.77585802854168 8.24872910546198 2.539
   endloop
endfacet
facet normal 0 0 1
   outer loop
      vertex -7.91223648084601 -4.92100415041856 2.539
      vertex -7.3796025783641 -4.42197105799433 2.539
      vertex -8.21320717348097 -4.18770357532511 2.539
   endloop
endfacet
facet normal 0 0 1
   outer loop
      vertex -8.21320717348097 -4.18770357532511 2.539
      vertex -7.3796025783641 -4.42197105799433 2.539
      vertex -7.46487567192874 -3.68971151321683 2.539
   endloop
endfacet
facet normal 0 0 1
   outer loop
      vertex 6.78104206836674 -6.39122909358746 2.539
      vertex 6.16374996481778 -6.00376044444197 2.539
      vertex 6.14948478529686 -6.86986400277738 2.539
   endloop
endfacet
facet normal 0 0 1
   outer loop
      vertex 6.14948478529686 -6.86986400277738 2.539
      vertex 6.16374996481778 -6.00376044444197 2.539
      vertex 5.47894939949988 -6.27397034990073 2.539
   endloop
endfacet
facet normal 0 0 1
   outer loop
      vertex 2.0995323436821 4.59919047154067 2.539
      vertex 2.56164978078238 4.05686203701387 2.539
      vertex 2.79666276529571 4.63911374602175 2.539
   endloop
endfacet
facet normal 0 0 1
   outer loop
      vertex 2.0995323436821 4.59919047154067 2.539
      vertex 2.79666276529571 4.63911374602175 2.539
      vertex 2.65646725973997 5.22400809404886 2.539
   endloop
endfacet
facet normal 0 0 1
   outer loop
      vertex 2.6595400652436 -4.01204929632662 2.539
      vertex 2.63031659345168 -3.24386622800627 2.539
      vertex 1.82599730267466 -3.80838871903171 2.539
   endloop
endfacet
facet normal 0 0 1
   outer loop
      vertex 3.28084055448545 1.37171273236816 2.539
      vertex 2.59807624304469 1.49999994510894 2.539
      vertex 2.89777749401031 0.776457078792702 2.539
   endloop
endfacet
facet normal 0 0 1
   outer loop
      vertex 2.52211425862883 3.39223672166984 2.539
      vertex 2.56164978078238 4.05686203701387 2.539
      vertex 1.76068623024912 3.81692553623086 2.539
   endloop
endfacet
facet normal 0 0 1
   outer loop
      vertex 0.483032950401874 3.49850345163301 2.539
      vertex 1.23891156057195 3.29446892856549 2.539
      vertex 0.951368095531882 3.97712238443525 2.539
   endloop
endfacet
facet normal 0 0 1
   outer loop
      vertex 3.32645684513134 -4.96144273606913 2.539
      vertex 3.16080391081473 -4.2234107544496 2.539
      vertex 2.78657138529397 -4.63868140071469 2.539
   endloop
endfacet
facet normal 0 0 1
   outer loop
      vertex -4.55657409271756 -1.54156265009598 2.539
      vertex -4.97157827248772 -0.877031689760297 2.539
      vertex -5.19915651901311 -1.5041232123429 2.539
   endloop
endfacet
facet normal 0 0 1
   outer loop
      vertex 3.22689355040001 4.20578836214106 2.539
      vertex 3.52138743914447 4.94244175513238 2.539
      vertex 2.79666276529571 4.63911374602175 2.539
   endloop
endfacet
facet normal 0 0 1
   outer loop
      vertex -5.19915651901311 -1.5041232123429 2.539
      vertex -4.97157827248772 -0.877031689760297 2.539
      vertex -5.7243730062484 -1.20389416588823 2.539
   endloop
endfacet
facet normal 0 0 1
   outer loop
      vertex -5.64824023121632 -1.94385965992122 2.539
      vertex -4.89230087626355 -1.96989610579079 2.539
      vertex -5.19915651901311 -1.5041232123429 2.539
   endloop
endfacet
facet normal 0 0 1
   outer loop
      vertex -4.55657409271756 -1.54156265009598 2.539
      vertex -3.81091530139446 -1.70909184276255 2.539
      vertex -4.12985853328694 -0.766692838646502 2.539
   endloop
endfacet
facet normal 0 0 1
   outer loop
      vertex 0.951368095531882 3.97712238443525 2.539
      vertex 1.23891156057195 3.29446892856549 2.539
      vertex 1.76068623024912 3.81692553623086 2.539
   endloop
endfacet
facet normal 0 0 1
   outer loop
      vertex 3.26618681916719 -1.34927322437153 2.539
      vertex 2.95438495111911 -2.01537868855712 2.539
      vertex 3.74104988222137 -1.93914941228653 2.539
   endloop
endfacet
facet normal 0 0 1
   outer loop
      vertex 4.64174898443336 -4.518170404087 2.539
      vertex 3.85383330009583 -4.41759003446136 2.539
      vertex 4.23454780854938 -5.42050416787633 2.539
   endloop
endfacet
facet normal 0 0 1
   outer loop
      vertex 4.23454780854938 -5.42050416787633 2.539
      vertex 3.85383330009583 -4.41759003446136 2.539
      vertex 3.32645684513134 -4.96144273606913 2.539
   endloop
endfacet
facet normal 0 0 1
   outer loop
      vertex 2.6595400652436 -4.01204929632662 2.539
      vertex 2.09793553779798 -4.5892453537643 2.539
      vertex 2.78657138529397 -4.63868140071469 2.539
   endloop
endfacet
facet normal 0 0 1
   outer loop
      vertex 2.78657138529397 -4.63868140071469 2.539
      vertex 2.09793553779798 -4.5892453537643 2.539
      vertex 2.62235863150049 -5.22328905008441 2.539
   endloop
endfacet
facet normal 0 0 1
   outer loop
      vertex -3.82159793002792 1.71016172406856 2.539
      vertex -4.58134400129855 1.45275205687641 2.539
      vertex -4.14991046090288 0.785095107221865 2.539
   endloop
endfacet
facet normal 0 0 1
   outer loop
      vertex 3.74104988222137 -1.93914941228653 2.539
      vertex 2.95438495111911 -2.01537868855712 2.539
      vertex 3.38911443910107 -2.69793582158752 2.539
   endloop
endfacet
facet normal 0 0 1
   outer loop
      vertex 7.18138833533147 -1.32876793023673 2.539
      vertex 7.95645449207089 -1.387453178362 2.539
      vertex 7.74463090204967 -0.696048555269025 2.539
   endloop
endfacet
facet normal 0 0 1
   outer loop
      vertex 6.67561838862822 5.54712203281928 2.539
      vertex 6.83231042218755 6.32275372033948 2.539
      vertex 6.25445019971095 6.07333046155623 2.539
   endloop
endfacet
facet normal 0 0 1
   outer loop
      vertex -5.55516272962958 -3.32757188989502 2.539
      vertex -5.25682626225603 -2.5910196889654 2.539
      vertex -6.32089840796743 -2.70177898024213 2.539
   endloop
endfacet
facet normal 0 0 1
   outer loop
      vertex -6.32089840796743 -2.70177898024213 2.539
      vertex -5.25682626225603 -2.5910196889654 2.539
      vertex -5.64824023121632 -1.94385965992122 2.539
   endloop
endfacet
facet normal 0 0 1
   outer loop
      vertex 7.97108235261295 1.49851371047136 2.539
      vertex 7.20722540647369 1.41684914184051 2.539
      vertex 7.7813397476216 0.719397788656586 2.539
   endloop
endfacet
facet normal 0 0 1
   outer loop
      vertex 6.67561838862822 5.54712203281928 2.539
      vertex 6.25445019971095 6.07333046155623 2.539
      vertex 5.97610252116474 5.47737345042513 2.539
   endloop
endfacet
facet normal 0 0 1
   outer loop
      vertex 0.336405171922887 -5.11860034728193 2.539
      vertex -0.1476529122735 -4.73673886665066 2.539
      vertex -0.366570266503988 -5.45535763300514 2.539
   endloop
endfacet
facet normal 0 0 1
   outer loop
      vertex 0.336405171922887 -5.11860034728193 2.539
      vertex -0.366570266503988 -5.45535763300514 2.539
      vertex 0.110688400644843 -5.9666994058377 2.539
   endloop
endfacet
facet normal 0 0 1
   outer loop
      vertex -0.593036665006554 -4.2245203603469 2.539
      vertex -0.1476529122735 -4.73673886665066 2.539
      vertex 0.286516181120597 -4.251624164975 2.539
   endloop
endfacet
facet normal 0 0 1
   outer loop
      vertex -1.89997002837772 -6.96116284237124 2.539
      vertex -1.06718978064825 -6.98850398646034 2.539
      vertex -1.46826812296596 -6.2429737497275 2.539
   endloop
endfacet
facet normal 0 0 1
   outer loop
      vertex -0.152835756005327 4.73832077775901 2.539
      vertex 0.34500136801157 5.11722742511978 2.539
      vertex -0.3269848530287 5.43729249680753 2.539
   endloop
endfacet
facet normal 0 0 1
   outer loop
      vertex -0.3269848530287 5.43729249680753 2.539
      vertex 0.34500136801157 5.11722742511978 2.539
      vertex 0.147262867102596 5.94867383680045 2.539
   endloop
endfacet
facet normal 0 0 1
   outer loop
      vertex 2.63031659345168 -3.24386622800627 2.539
      vertex 3.45561566142861 -3.56870332199314 2.539
      vertex 3.38911443910107 -2.69793582158752 2.539
   endloop
endfacet
facet normal 0 0 1
   outer loop
      vertex -2.6913532361451 2.3085311646667 2.539
      vertex -2.84064175862619 2.91357343069931 2.539
      vertex -3.45947459212059 2.56251518570546 2.539
   endloop
endfacet
facet normal 0 0 1
   outer loop
      vertex -0.152835756005327 4.73832077775901 2.539
      vertex -0.600707023360595 4.22401885978466 2.539
      vertex 0.279132579757295 4.25856466486234 2.539
   endloop
endfacet
facet normal 0 0 1
   outer loop
      vertex -1.46826812296596 -6.2429737497275 2.539
      vertex -1.06718978064825 -6.98850398646034 2.539
      vertex -0.750577284606088 -6.35092454548881 2.539
   endloop
endfacet
facet normal 0 0 1
   outer loop
      vertex 4.67245678149908 -0.990328319806135 2.539
      vertex 4.71360899900423 -1.70828857009683 2.539
      vertex 5.50512220733792 -1.10157250663266 2.539
   endloop
endfacet
facet normal 0 0 1
   outer loop
      vertex 5.50512220733792 -1.10157250663266 2.539
      vertex 4.71360899900423 -1.70828857009683 2.539
      vertex 5.59750082292569 -1.77121541658871 2.539
   endloop
endfacet
facet normal 0 0 1
   outer loop
      vertex 4.67245678149908 -0.990328319806135 2.539
      vertex 4.20372830089949 -0.380704940090917 2.539
      vertex 3.92059908214935 -1.19627418694243 2.539
   endloop
endfacet
facet normal 0 0 1
   outer loop
      vertex -2.15957896864535 2.79320539883027 2.539
      vertex -2.12132028332661 2.12132040379267 2.539
      vertex -1.50000000002581 2.59807621133841 2.539
   endloop
endfacet
facet normal 0 0 1
   outer loop
      vertex 4.88828136232246 1.68567921588894 2.539
      vertex 4.7596387693453 1.04951887646801 2.539
      vertex 5.55848672119265 1.12621234251078 2.539
   endloop
endfacet
facet normal 0 0 1
   outer loop
      vertex -5.8023271379659 0.494614113439152 2.539
      vertex -6.35843067250147 1.01904728231458 2.539
      vertex -6.7493970433281 0.511577936548999 2.539
   endloop
endfacet
facet normal 0 0 1
   outer loop
      vertex 4.88828136232246 1.68567921588894 2.539
      vertex 5.55848672119265 1.12621234251078 2.539
      vertex 5.60633894025082 1.77559168363614 2.539
   endloop
endfacet
facet normal 0 0 1
   outer loop
      vertex 0.951430372663683 -5.63524040730122 2.539
      vertex 0.566611267714945 -6.40676690098801 2.539
      vertex 1.20622623264606 -6.63334904191772 2.539
   endloop
endfacet
facet normal 0 0 1
   outer loop
      vertex 4.22712006340355 0.491211653586197 2.539
      vertex 4.7596387693453 1.04951887646801 2.539
      vertex 4.07336807553777 1.33583249889909 2.539
   endloop
endfacet
facet normal 0 0 1
   outer loop
      vertex 0.583262257504924 6.3799399330809 2.539
      vertex 0.951017189206498 5.644885661417 2.539
      vertex 1.20243917258577 6.63037606465123 2.539
   endloop
endfacet
facet normal 0 0 1
   outer loop
      vertex -2.14539054030943 -2.80707316350887 2.539
      vertex -2.71907514384334 -2.34090676758737 2.539
      vertex -2.83629910015323 -3.11568928116877 2.539
   endloop
endfacet
facet normal 0 0 1
   outer loop
      vertex 6.21157619325002 -2.31165836287314 2.539
      vertex 5.28036643167759 -2.51194183749356 2.539
      vertex 6.06118767095777 -2.98655181318244 2.539
   endloop
endfacet
facet normal 0 0 1
   outer loop
      vertex -2.12473412570048 -4.21701626631232 2.539
      vertex -2.85880138417228 -4.1200073707448 2.539
      vertex -2.35666955310609 -4.800980650044 2.539
   endloop
endfacet
facet normal 0 0 1
   outer loop
      vertex 5.30669079477938 2.4876519877801 2.539
      vertex 6.21411339610054 2.35939992486721 2.539
      vertex 6.06697440190827 2.99970149794359 2.539
   endloop
endfacet
facet normal 0 0 1
   outer loop
      vertex -2.35666955310609 -4.800980650044 2.539
      vertex -2.85880138417228 -4.1200073707448 2.539
      vertex -3.14846086036575 -4.95600221302782 2.539
   endloop
endfacet
facet normal 0 0 1
   outer loop
      vertex -3.82684349684582 -5.41177407933601 2.539
      vertex -3.78186722002979 -4.45984588260549 2.539
      vertex -4.4398198625073 -5.09376664268888 2.539
   endloop
endfacet
facet normal 0 0 1
   outer loop
      vertex -4.32587229693672 2.53090720910166 2.539
      vertex -3.82159793002792 1.71016172406856 2.539
      vertex -3.45947459212059 2.56251518570546 2.539
   endloop
endfacet
facet normal 0 0 1
   outer loop
      vertex -3.76148858099017 4.48495142368883 2.539
      vertex -3.86666611644085 5.3967772452983 2.539
      vertex -4.45266306047999 5.09489496039996 2.539
   endloop
endfacet
facet normal 0 0 1
   outer loop
      vertex 5.19689154699235 -7.4965453357734 2.539
      vertex 4.79751941121548 -6.70722583788803 2.539
      vertex 4.47924602077454 -7.50879761928674 2.539
   endloop
endfacet
facet normal 0 0 1
   outer loop
      vertex -2.83629910015323 -3.11568928116877 2.539
      vertex -2.71907514384334 -2.34090676758737 2.539
      vertex -3.47837245068302 -2.58123441747795 2.539
   endloop
endfacet
facet normal 0 0 1
   outer loop
      vertex 4.77468066520684 6.65322990481766 2.539
      vertex 5.18954149412951 7.5144588543373 2.539
      vertex 4.43590065400677 7.4735384452107 2.539
   endloop
endfacet
facet normal 0 0 1
   outer loop
      vertex -2.12473412570048 -4.21701626631232 2.539
      vertex -1.4442486307923 -3.96418206197707 2.539
      vertex -2.16709160115581 -3.47888124940655 2.539
   endloop
endfacet
facet normal 0 0 1
   outer loop
      vertex -8.57574145833454 -3.10654961017555 2.539
      vertex -7.71008881357477 -2.92050892856237 2.539
      vertex -8.40466617073196 -2.40935382178019 2.539
   endloop
endfacet
facet normal 0 0 1
   outer loop
      vertex 5.51860084669141 4.71356703655131 2.539
      vertex 4.55291653402038 5.00299247603868 2.539
      vertex 4.71337418739036 4.30666693515644 2.539
   endloop
endfacet
facet normal 0 0 1
   outer loop
      vertex -7.76119920455021 2.9518225174502 2.539
      vertex -8.74751470368587 2.96920818848369 2.539
      vertex -8.26686164020674 2.43334921577118 2.539
   endloop
endfacet
facet normal 0 0 1
   outer loop
      vertex -2.86931706596937 4.28698115147626 2.539
      vertex -2.20187612385814 4.32345369318396 2.539
      vertex -2.5138042248078 5.07014988163851 2.539
   endloop
endfacet
facet normal 0 0 1
   outer loop
      vertex -0.748966638092746 -8.25590774469807 2.539
      vertex -0.812614214942656 -9.06784308318445 2.539
      vertex -0.228122495741804 -8.7177647978734 2.539
   endloop
endfacet
facet normal 0 0 1
   outer loop
      vertex -2.86931706596937 4.28698115147626 2.539
      vertex -2.5138042248078 5.07014988163851 2.539
      vertex -3.15260966495924 4.96712182446151 2.539
   endloop
endfacet
facet normal 0 0 1
   outer loop
      vertex 5.51860084669141 4.71356703655131 2.539
      vertex 4.71337418739036 4.30666693515644 2.539
      vertex 5.24418536509105 3.82892109617534 2.539
   endloop
endfacet
facet normal 0 0 1
   outer loop
      vertex -1.46916854790442 3.96017989663387 2.539
      vertex -2.20187612385814 4.32345369318396 2.539
      vertex -2.32093818635742 3.57338463409962 2.539
   endloop
endfacet
facet normal 0 0 1
   outer loop
      vertex -0.497565848679432 -7.59981523171215 2.539
      vertex -0.0731688902374206 -6.83330664502566 2.539
      vertex -1.06718978064825 -6.98850398646034 2.539
   endloop
endfacet
facet normal 0 0 1
   outer loop
      vertex -1.06718978064825 -6.98850398646034 2.539
      vertex -0.0731688902374206 -6.83330664502566 2.539
      vertex -0.750577284606088 -6.35092454548881 2.539
   endloop
endfacet
facet normal 0 0 1
   outer loop
      vertex -5.42459578496359 7.61142448022923 2.539
      vertex -5.62362520923505 7.04516060854891 2.539
      vertex -5.02399964173576 6.97233893008264 2.539
   endloop
endfacet
facet normal 0 0 1
   outer loop
      vertex -3.53408787840942 -3.51078678079949 2.539
      vertex -4.25086993065822 -3.72547293143051 2.539
      vertex -3.78186722002979 -4.45984588260549 2.539
   endloop
endfacet
facet normal 0 0 1
   outer loop
      vertex 6.73396912280914 -2.79776195562798 2.539
      vertex 6.94319676071524 -2.15496799637219 2.539
      vertex 6.21157619325002 -2.31165836287314 2.539
   endloop
endfacet
facet normal 0 0 1
   outer loop
      vertex -3.78186722002979 -4.45984588260549 2.539
      vertex -4.25086993065822 -3.72547293143051 2.539
      vertex -4.41418713938311 -4.40111116742667 2.539
   endloop
endfacet
facet normal 0 0 1
   outer loop
      vertex -3.52427758024682 7.54830692497542 2.539
      vertex -3.77574054230973 8.30889484542226 2.539
      vertex -4.22193033734895 7.78595252044589 2.539
   endloop
endfacet
facet normal 0 0 1
   outer loop
      vertex 8.7183691743821 3.24562251649416 2.539
      vertex 8.24890910713708 3.63239965617601 2.539
      vertex 8.01294581322777 3.04992438558496 2.539
   endloop
endfacet
facet normal 0 0 1
   outer loop
      vertex -6.5076540089288 -5.1698743208468 2.539
      vertex -7.12128673888888 -5.73101842308674 2.539
      vertex -6.51218298271058 -5.97789309053752 2.539
   endloop
endfacet
facet normal 0 0 1
   outer loop
      vertex 6.06118767095777 -2.98655181318244 2.539
      vertex 6.73396912280914 -2.79776195562798 2.539
      vertex 6.21157619325002 -2.31165836287314 2.539
   endloop
endfacet
facet normal 0 0 1
   outer loop
      vertex -4.42931053858602 -5.79292007552711 2.539
      vertex -3.86244955245284 -6.15990863089161 2.539
      vertex -3.82684349684582 -5.41177407933601 2.539
   endloop
endfacet
facet normal 0 0 1
   outer loop
      vertex -4.23729398573908 3.72221285785128 2.539
      vertex -3.34273441581789 3.50950410249415 2.539
      vertex -3.76148858099017 4.48495142368883 2.539
   endloop
endfacet
facet normal 0 0 1
   outer loop
      vertex 6.662698859819 -4.96881891247532 2.539
      vertex 7.36171264879945 -5.41912465959379 2.539
      vertex 7.44489652298662 -4.76669786380165 2.539
   endloop
endfacet
facet normal 0 0 1
   outer loop
      vertex -4.23729398573908 3.72221285785128 2.539
      vertex -3.76148858099017 4.48495142368883 2.539
      vertex -4.40913575752478 4.41716782384035 2.539
   endloop
endfacet
facet normal 0 0 1
   outer loop
      vertex -4.4398198625073 -5.09376664268888 2.539
      vertex -4.42931053858602 -5.79292007552711 2.539
      vertex -3.82684349684582 -5.41177407933601 2.539
   endloop
endfacet
facet normal 0 0 1
   outer loop
      vertex -3.81091530139446 -1.70909184276255 2.539
      vertex -4.33563505385956 -2.42254021127286 2.539
      vertex -3.47837245068302 -2.58123441747795 2.539
   endloop
endfacet
facet normal 0 0 1
   outer loop
      vertex -5.02399964173576 6.97233893008264 2.539
      vertex -4.14076056909426 6.8897522852994 2.539
      vertex -4.72561063062043 7.46745184207909 2.539
   endloop
endfacet
facet normal 0 0 1
   outer loop
      vertex -4.14076056909426 6.8897522852994 2.539
      vertex -5.02399964173576 6.97233893008264 2.539
      vertex -4.74392936270966 6.35522715265385 2.539
   endloop
endfacet
facet normal 0 0 1
   outer loop
      vertex -5.68844500322951 -6.88249051178226 2.539
      vertex -5.32156565489551 -7.60920441802699 2.539
      vertex -5.10340797684686 -6.94965047286094 2.539
   endloop
endfacet
facet normal 0 0 1
   outer loop
      vertex -3.9614951039485 6.14011815953655 2.539
      vertex -4.14076056909426 6.8897522852994 2.539
      vertex -4.74392936270966 6.35522715265385 2.539
   endloop
endfacet
facet normal 0 0 1
   outer loop
      vertex 8.10848870575371 -3.73889876614935 2.539
      vertex 8.71701806909115 -3.19870525860655 2.539
      vertex 8.02389601782789 -3.15560037413048 2.539
   endloop
endfacet
facet normal 0 0 1
   outer loop
      vertex -5.05606841255723 0.980308675579993 2.539
      vertex -5.20699637823723 1.75060674191897 2.539
      vertex -5.76948143696285 1.35855695500421 2.539
   endloop
endfacet
facet normal 0 0 1
   outer loop
      vertex -6.06084710414137 -7.31699100337926 2.539
      vertex -6.4678764070292 -6.74154557762859 2.539
      vertex -6.71098418435935 -7.41368270681169 2.539
   endloop
endfacet
facet normal 0 0 1
   outer loop
      vertex -5.05606841255723 0.980308675579993 2.539
      vertex -4.58134400129855 1.45275205687641 2.539
      vertex -5.20699637823723 1.75060674191897 2.539
   endloop
endfacet
facet normal 0 0 1
   outer loop
      vertex 8.62342791724977 -3.988553963311 2.539
      vertex 8.17131510649964 -4.52906404373566 2.539
      vertex 8.88282612557943 -4.59297289592737 2.539
   endloop
endfacet
facet normal 0 0 1
   outer loop
      vertex -4.65213107971204 2.01888468342356 2.539
      vertex -5.20699637823723 1.75060674191897 2.539
      vertex -4.58134400129855 1.45275205687641 2.539
   endloop
endfacet
facet normal 0 0 1
   outer loop
      vertex 0.904569620109124 7.83883054113498 2.539
      vertex 0.766401013242066 8.53565785245832 2.539
      vertex 0.145715254350245 8.04854099226436 2.539
   endloop
endfacet
facet normal 0 0 1
   outer loop
      vertex -5.68844500322951 -6.88249051178226 2.539
      vertex -6.4678764070292 -6.74154557762859 2.539
      vertex -6.06084710414137 -7.31699100337926 2.539
   endloop
endfacet
facet normal 0 0 1
   outer loop
      vertex -5.86831523162495 -6.22764136473246 2.539
      vertex -6.4678764070292 -6.74154557762859 2.539
      vertex -5.68844500322951 -6.88249051178226 2.539
   endloop
endfacet
facet normal 0 0 1
   outer loop
      vertex -5.68844500322951 -6.88249051178226 2.539
      vertex -5.30865764483915 -6.44991023406532 2.539
      vertex -5.86831523162495 -6.22764136473246 2.539
   endloop
endfacet
facet normal 0 0 1
   outer loop
      vertex 8.10848870575371 -3.73889876614935 2.539
      vertex 8.17131510649964 -4.52906404373566 2.539
      vertex 8.62342791724977 -3.988553963311 2.539
   endloop
endfacet
facet normal 0 0 1
   outer loop
      vertex 7.52176608491 -4.07990856437026 2.539
      vertex 8.17131510649964 -4.52906404373566 2.539
      vertex 8.10848870575371 -3.73889876614935 2.539
   endloop
endfacet
facet normal 0 0 1
   outer loop
      vertex 8.10848870575371 -3.73889876614935 2.539
      vertex 7.59350903894384 -3.48156039274213 2.539
      vertex 7.52176608491 -4.07990856437026 2.539
   endloop
endfacet
facet normal 0 0 1
   outer loop
      vertex -0.367785150974253 9.4572416557767 2.539
      vertex -0.00255873048129906 8.79590235187326 2.539
      vertex 0.139583053355685 9.49240690345141 2.539
   endloop
endfacet
facet normal 0 0 1
   outer loop
      vertex 1.70204052322695 -9.39757808119118 2.539
      vertex 1.10839723418423 -9.27942498217909 2.539
      vertex 1.38735530738849 -9.90329466647646 2.539
   endloop
endfacet
facet normal 0 0 1
   outer loop
      vertex 7.11023147394729 0.0148151973932862 2.539
      vertex 7.74463090204967 -0.696048555269025 2.539
      vertex 7.87757346295475 -0.00799693373817689 2.539
   endloop
endfacet
facet normal 0 0 1
   outer loop
      vertex 7.11023147394729 0.0148151973932862 2.539
      vertex 7.87757346295475 -0.00799693373817689 2.539
      vertex 7.7813397476216 0.719397788656586 2.539
   endloop
endfacet
facet normal 0 0 1
   outer loop
      vertex -1.89997002837772 -6.96116284237124 2.539
      vertex -2.66729077248565 -7.32426516065148 2.539
      vertex -2.03113476516585 -7.61997166748665 2.539
   endloop
endfacet
facet normal 0 0 1
   outer loop
      vertex -1.89997002837772 -6.96116284237124 2.539
      vertex -2.03113476516585 -7.61997166748665 2.539
      vertex -1.35283675333677 -7.73222028758043 2.539
   endloop
endfacet
facet normal 0 0 1
   outer loop
      vertex -2.64001299650688 7.44748700309593 2.539
      vertex -1.81697174421365 6.96738555716837 2.539
      vertex -1.97830264375457 7.70878543994449 2.539
   endloop
endfacet
facet normal 0 0 1
   outer loop
      vertex -1.97830264375457 7.70878543994449 2.539
      vertex -1.81697174421365 6.96738555716837 2.539
      vertex -1.30251093809098 7.68995302712026 2.539
   endloop
endfacet
facet normal 0 0 1
   outer loop
      vertex 3.97525908239095 3.0962125906106 2.539
      vertex 3.57887348553714 3.70166141897585 2.539
      vertex 3.17092785916853 3.15621287843485 2.539
   endloop
endfacet
facet normal 0 0 1
   outer loop
      vertex 3.97525908239095 3.0962125906106 2.539
      vertex 3.17092785916853 3.15621287843485 2.539
      vertex 3.45416132308554 2.53366462475837 2.539
   endloop
endfacet
facet normal 0 0 1
   outer loop
      vertex -8.21320717348097 -4.18770357532511 2.539
      vertex -8.17174629244628 -3.50215582795772 2.539
      vertex -8.6791622395408 -3.70263160948708 2.539
   endloop
endfacet
facet normal 0 0 1
   outer loop
      vertex -8.21320717348097 -4.18770357532511 2.539
      vertex -8.6791622395408 -3.70263160948708 2.539
      vertex -9.05840392259366 -4.23619149415365 2.539
   endloop
endfacet
facet normal 0 0 1
   outer loop
      vertex 6.14948478529686 -6.86986400277738 2.539
      vertex 5.47685465320038 -7.0050873980591 2.539
      vertex 5.79918971532579 -7.44432705344379 2.539
   endloop
endfacet
facet normal 0 0 1
   outer loop
      vertex 6.14948478529686 -6.86986400277738 2.539
      vertex 5.79918971532579 -7.44432705344379 2.539
      vertex 6.41093638256734 -7.67462668138811 2.539
   endloop
endfacet
facet normal 0 0 1
   outer loop
      vertex -0.00255873048129906 8.79590235187326 2.539
      vertex 0.145715254350245 8.04854099226436 2.539
      vertex 0.766401013242066 8.53565785245832 2.539
   endloop
endfacet
facet normal 0 0 1
   outer loop
      vertex 0.904569620109124 7.83883054113498 2.539
      vertex 0.145715254350245 8.04854099226436 2.539
      vertex 0.376363461475924 7.37123771752133 2.539
   endloop
endfacet
facet normal 0 0 1
   outer loop
      vertex 6.662698859819 -4.96881891247532 2.539
      vertex 6.79219519261231 -5.66568445947945 2.539
      vertex 7.36171264879945 -5.41912465959379 2.539
   endloop
endfacet
facet normal 0 0 1
   outer loop
      vertex 0.145715254350245 8.04854099226436 2.539
      vertex -0.00255873048129906 8.79590235187326 2.539
      vertex -0.658314331787926 8.24639826115866 2.539
   endloop
endfacet
facet normal 0 0 1
   outer loop
      vertex -0.00255873048129906 8.79590235187326 2.539
      vertex -0.367785150974253 9.4572416557767 2.539
      vertex -0.784589995887961 9.04925421138537 2.539
   endloop
endfacet
facet normal 0 0 1
   outer loop
      vertex -5.02399964173576 6.97233893008264 2.539
      vertex -5.62362520923505 7.04516060854891 2.539
      vertex -5.48547630617373 6.46501720713219 2.539
   endloop
endfacet
facet normal 0 0 1
   outer loop
      vertex -6.5076540089288 -5.1698743208468 2.539
      vertex -7.21403764580522 -5.11673606044327 2.539
      vertex -7.12128673888888 -5.73101842308674 2.539
   endloop
endfacet
facet normal 0 0 1
   outer loop
      vertex -5.02399964173576 6.97233893008264 2.539
      vertex -5.48547630617373 6.46501720713219 2.539
      vertex -4.74392936270966 6.35522715265385 2.539
   endloop
endfacet
facet normal 0 0 1
   outer loop
      vertex -0.784589995887961 9.04925421138537 2.539
      vertex -0.658314331787926 8.24639826115866 2.539
      vertex -0.00255873048129906 8.79590235187326 2.539
   endloop
endfacet
facet normal 0 0 1
   outer loop
      vertex -8.26686164020674 2.43334921577118 2.539
      vertex -8.74751470368587 2.96920818848369 2.539
      vertex -8.91066445507129 2.08981649795672 2.539
   endloop
endfacet
facet normal 0 0 1
   outer loop
      vertex -5.68844500322951 -6.88249051178226 2.539
      vertex -5.10340797684686 -6.94965047286094 2.539
      vertex -5.30865764483915 -6.44991023406532 2.539
   endloop
endfacet
facet normal 0 0 1
   outer loop
      vertex -8.74751470368587 2.96920818848369 2.539
      vertex -9.61504903550105 2.74787773470916 2.539
      vertex -8.91066445507129 2.08981649795672 2.539
   endloop
endfacet
facet normal 0 0 1
   outer loop
      vertex -3.52427758024682 7.54830692497542 2.539
      vertex -3.09842815692258 8.17425035737416 2.539
      vertex -3.77574054230973 8.30889484542226 2.539
   endloop
endfacet
facet normal 0 0 1
   outer loop
      vertex 9.49820133244889 -3.12796602415467 2.539
      vertex 8.71701806909115 -3.19870525860655 2.539
      vertex 9.21965858883561 -3.87271164758103 2.539
   endloop
endfacet
facet normal 0 0 1
   outer loop
      vertex 4.99065912333204 0.0224141575945325 2.539
      vertex 5.72416005159912 -0.373815368821495 2.539
      vertex 5.71878339866005 0.353936324835753 2.539
   endloop
endfacet
facet normal 0 0 1
   outer loop
      vertex -5.45194674952264 -8.38309469351084 2.539
      vertex -5.32156565489551 -7.60920441802699 2.539
      vertex -6.1007512962321 -7.92343572079198 2.539
   endloop
endfacet
facet normal 0 0 1
   outer loop
      vertex -1.21642963823809 -4.80085315773721 2.539
      vertex -1.73738979241518 -5.40987195525678 2.539
      vertex -1.06464890544095 -5.58450011809757 2.539
   endloop
endfacet
facet normal 0 0 1
   outer loop
      vertex 8.01294581322777 3.04992438558496 2.539
      vertex 8.24890910713708 3.63239965617601 2.539
      vertex 7.64910270297519 3.64574639481689 2.539
   endloop
endfacet
facet normal 0 0 1
   outer loop
      vertex -1.76494589834311 5.46578004962173 2.539
      vertex -1.2309681791965 4.8133010052721 2.539
      vertex -1.02350848902498 5.52929506969835 2.539
   endloop
endfacet
facet normal 0 0 1
   outer loop
      vertex 8.01294581322777 3.04992438558496 2.539
      vertex 7.64910270297519 3.64574639481689 2.539
      vertex 7.35804270095645 2.96420720723266 2.539
   endloop
endfacet
facet normal 0 0 1
   outer loop
      vertex -4.7887202799573 -3.18047128791025 2.539
      vertex -4.33563505385956 -2.42254021127286 2.539
      vertex -5.25682626225603 -2.5910196889654 2.539
   endloop
endfacet
facet normal 0 0 1
   outer loop
      vertex -4.7887202799573 -3.18047128791025 2.539
      vertex -5.25682626225603 -2.5910196889654 2.539
      vertex -5.55516272962958 -3.32757188989502 2.539
   endloop
endfacet
facet normal 0 0 1
   outer loop
      vertex -4.32587229693672 2.53090720910166 2.539
      vertex -4.70736638446497 3.19127967769691 2.539
      vertex -5.3248447920598 2.64999568515217 2.539
   endloop
endfacet
facet normal 0 0 1
   outer loop
      vertex 8.01294581322777 3.04992438558496 2.539
      vertex 7.72733694736776 2.25549834381122 2.539
      vertex 8.36295396635988 2.56248458353132 2.539
   endloop
endfacet
facet normal 0 0 1
   outer loop
      vertex 4.30382659245201 -3.81330883080307 2.539
      vertex 3.45561566142861 -3.56870332199314 2.539
      vertex 3.85383330009583 -4.41759003446136 2.539
   endloop
endfacet
facet normal 0 0 1
   outer loop
      vertex 4.30382659245201 -3.81330883080307 2.539
      vertex 3.85383330009583 -4.41759003446136 2.539
      vertex 4.64174898443336 -4.518170404087 2.539
   endloop
endfacet
facet normal 0 0 1
   outer loop
      vertex 3.57887348553714 3.70166141897585 2.539
      vertex 4.32621094846928 3.71106314028545 2.539
      vertex 3.94953088820203 4.29454693604647 2.539
   endloop
endfacet
facet normal 0 0 1
   outer loop
      vertex 7.72733694736776 2.25549834381122 2.539
      vertex 8.01294581322777 3.04992438558496 2.539
      vertex 7.35804270095645 2.96420720723266 2.539
   endloop
endfacet
facet normal 0 0 1
   outer loop
      vertex 4.30058459670778 -2.51466782964828 2.539
      vertex 4.69204339261743 -3.15285509715208 2.539
      vertex 5.28036643167759 -2.51194183749356 2.539
   endloop
endfacet
facet normal 0 0 1
   outer loop
      vertex 5.28036643167759 -2.51194183749356 2.539
      vertex 4.69204339261743 -3.15285509715208 2.539
      vertex 5.38606335328775 -3.13835578340733 2.539
   endloop
endfacet
facet normal 0 0 1
   outer loop
      vertex 8.10848870575371 -3.73889876614935 2.539
      vertex 8.02389601782789 -3.15560037413048 2.539
      vertex 7.59350903894384 -3.48156039274213 2.539
   endloop
endfacet
facet normal 0 0 1
   outer loop
      vertex 6.93135403248638 2.25148121757787 2.539
      vertex 7.72733694736776 2.25549834381122 2.539
      vertex 7.35804270095645 2.96420720723266 2.539
   endloop
endfacet
facet normal 0 0 1
   outer loop
      vertex 4.68480895842738 3.14027880245342 2.539
      vertex 4.28645502978254 2.3235093621506 2.539
      vertex 5.30669079477938 2.4876519877801 2.539
   endloop
endfacet
facet normal 0 0 1
   outer loop
      vertex 4.68480895842738 3.14027880245342 2.539
      vertex 5.30669079477938 2.4876519877801 2.539
      vertex 5.39986346092046 3.12940342610237 2.539
   endloop
endfacet
facet normal 0 0 1
   outer loop
      vertex 2.6595400652436 -4.01204929632662 2.539
      vertex 3.16080391081473 -4.2234107544496 2.539
      vertex 3.45561566142861 -3.56870332199314 2.539
   endloop
endfacet
facet normal 0 0 1
   outer loop
      vertex 2.63031659345168 -3.24386622800627 2.539
      vertex 2.6595400652436 -4.01204929632662 2.539
      vertex 3.45561566142861 -3.56870332199314 2.539
   endloop
endfacet
facet normal 0 0 1
   outer loop
      vertex 8.24890910713708 3.63239965617601 2.539
      vertex 8.7183691743821 3.24562251649416 2.539
      vertex 8.64619564316463 4.05677773273777 2.539
   endloop
endfacet
facet normal 0 0 1
   outer loop
      vertex 8.64619564316463 4.05677773273777 2.539
      vertex 8.7183691743821 3.24562251649416 2.539
      vertex 9.21965858883562 3.872711647581 2.539
   endloop
endfacet
facet normal 0 0 1
   outer loop
      vertex -9.5259652629095 0.762795250438069 2.539
      vertex -9.21681498155043 1.32282999757118 2.539
      vertex -9.92892073547959 1.19018193086751 2.539
   endloop
endfacet
facet normal 0 0 1
   outer loop
      vertex 9.21965858883562 3.872711647581 2.539
      vertex 8.7183691743821 3.24562251649416 2.539
      vertex 9.4982013324489 3.12796602415466 2.539
   endloop
endfacet
facet normal 0 0 1
   outer loop
      vertex -0.748966638092746 -8.25590774469807 2.539
      vertex -0.497565848679432 -7.59981523171215 2.539
      vertex -1.35283675333677 -7.73222028758043 2.539
   endloop
endfacet
facet normal 0 0 1
   outer loop
      vertex -8.79665140680293 -0.647287217134416 2.539
      vertex -8.74102737729336 -1.27734451108977 2.539
      vertex -8.0880618201352 -1.02034412828806 2.539
   endloop
endfacet
facet normal 0 0 1
   outer loop
      vertex -0.600707023360595 4.22401885978466 2.539
      vertex -1.2309681791965 4.8133010052721 2.539
      vertex -1.46916854790442 3.96017989663387 2.539
   endloop
endfacet
facet normal 0 0 1
   outer loop
      vertex -4.55657409271756 -1.54156265009598 2.539
      vertex -4.89230087626355 -1.96989610579079 2.539
      vertex -4.33563505385956 -2.42254021127286 2.539
   endloop
endfacet
facet normal 0 0 1
   outer loop
      vertex -0.446451618830228 7.34350177512075 2.539
      vertex -0.658314331787926 8.24639826115866 2.539
      vertex -1.30251093809098 7.68995302712026 2.539
   endloop
endfacet
facet normal 0 0 1
   outer loop
      vertex 5.50512220733792 -1.10157250663266 2.539
      vertex 5.59750082292569 -1.77121541658871 2.539
      vertex 6.35503452433497 -1.57683655929128 2.539
   endloop
endfacet
facet normal 0 0 1
   outer loop
      vertex 3.45420704423449 8.12058396449489 2.539
      vertex 2.85965442469204 8.37101685330697 2.539
      vertex 3.03625600339453 7.5607674008825 2.539
   endloop
endfacet
facet normal 0 0 1
   outer loop
      vertex 5.60633894025082 1.77559168363614 2.539
      vertex 5.55848672119265 1.12621234251078 2.539
      vertex 6.39598696239023 1.65302862522383 2.539
   endloop
endfacet
facet normal 0 0 1
   outer loop
      vertex 1.81873245488025 -5.31039533026127 2.539
      vertex 1.18401924796348 -4.66594161652509 2.539
      vertex 0.951430372663683 -5.63524040730122 2.539
   endloop
endfacet
facet normal 0 0 1
   outer loop
      vertex -2.35666955310609 -4.800980650044 2.539
      vertex -3.14846086036575 -4.95600221302782 2.539
      vertex -2.49501338948039 -5.45562415885149 2.539
   endloop
endfacet
facet normal 0 0 1
   outer loop
      vertex 1.81873245488025 -5.31039533026127 2.539
      vertex 0.951430372663683 -5.63524040730122 2.539
      vertex 1.62179453493069 -6.01137874819619 2.539
   endloop
endfacet
facet normal 0 0 1
   outer loop
      vertex -3.15260966495924 4.96712182446151 2.539
      vertex -2.5138042248078 5.07014988163851 2.539
      vertex -3.22683208034605 5.71880362338134 2.539
   endloop
endfacet
facet normal 0 0 1
   outer loop
      vertex -3.81091530139446 -1.70909184276255 2.539
      vertex -4.55657409271756 -1.54156265009598 2.539
      vertex -4.33563505385956 -2.42254021127286 2.539
   endloop
endfacet
facet normal 0 0 1
   outer loop
      vertex 2.88961065865506 -8.35771900023971 2.539
      vertex 3.47052519963504 -8.12274130646582 2.539
      vertex 3.05742567187268 -7.55842069873443 2.539
   endloop
endfacet
facet normal 0 0 1
   outer loop
      vertex 1.17241618103705 4.67562711307236 2.539
      vertex 1.82017546249177 5.31547364391408 2.539
      vertex 0.951017189206498 5.644885661417 2.539
   endloop
endfacet
facet normal 0 0 1
   outer loop
      vertex 0.951017189206498 5.644885661417 2.539
      vertex 1.82017546249177 5.31547364391408 2.539
      vertex 1.62430111220462 6.01984095666064 2.539
   endloop
endfacet
facet normal 0 0 1
   outer loop
      vertex -1.21642963823809 -4.80085315773721 2.539
      vertex -0.593036665006554 -4.2245203603469 2.539
      vertex -1.4442486307923 -3.96418206197707 2.539
   endloop
endfacet
facet normal 0 0 1
   outer loop
      vertex -5.62362520923505 7.04516060854891 2.539
      vertex -5.42459578496359 7.61142448022923 2.539
      vertex -6.13256380613216 7.32162045000852 2.539
   endloop
endfacet
facet normal 0 0 1
   outer loop
      vertex 7.23749613005039 4.88123265186028 2.539
      vertex 6.67561838862822 5.54712203281928 2.539
      vertex 6.41354560685605 4.85130527072111 2.539
   endloop
endfacet
facet normal 0 0 1
   outer loop
      vertex -6.13256380613216 7.32162045000852 2.539
      vertex -5.42459578496359 7.61142448022923 2.539
      vertex -6.10075129623211 7.92343572079197 2.539
   endloop
endfacet
facet normal 0 0 1
   outer loop
      vertex -0.748966638092746 -8.25590774469807 2.539
      vertex -1.38178671346373 -8.64287373633697 2.539
      vertex -0.812614214942656 -9.06784308318445 2.539
   endloop
endfacet
facet normal 0 0 1
   outer loop
      vertex -6.58633888861169 5.83413287730407 2.539
      vertex -7.04369203361018 5.20989278718083 2.539
      vertex -6.36877991452475 5.00621768620442 2.539
   endloop
endfacet
facet normal 0 0 1
   outer loop
      vertex -1.314845438224 8.57588581656139 2.539
      vertex -0.658314331787926 8.24639826115866 2.539
      vertex -0.784589995887961 9.04925421138537 2.539
   endloop
endfacet
facet normal 0 0 1
   outer loop
      vertex -6.10075129623211 7.92343572079197 2.539
      vertex -5.42459578496359 7.61142448022923 2.539
      vertex -5.45194674952265 8.38309469351083 2.539
   endloop
endfacet
facet normal 0 0 1
   outer loop
      vertex -5.61455732124816 -0.410350543445494 2.539
      vertex -4.82635105137799 0.0402270685002115 2.539
      vertex -5.8023271379659 0.494614113439152 2.539
   endloop
endfacet
facet normal 0 0 1
   outer loop
      vertex -5.61455732124816 -0.410350543445494 2.539
      vertex -5.8023271379659 0.494614113439152 2.539
      vertex -6.24200402778554 -0.0370685804284392 2.539
   endloop
endfacet
facet normal 0 0 1
   outer loop
      vertex -4.04176372125232 -7.69140306403077 2.539
      vertex -3.27011973318184 -8.00603958933821 2.539
      vertex -3.37797178661992 -7.33740428979847 2.539
   endloop
endfacet
facet normal 0 0 1
   outer loop
      vertex 8.63373241812961 1.10761314611115 2.539
      vertex 9.17352392139653 1.75016782966364 2.539
      vertex 8.49070156996043 1.88908364181268 2.539
   endloop
endfacet
facet normal 0 0 1
   outer loop
      vertex -6.91425597042334 -0.135338672570152 2.539
      vertex -6.24200402778554 -0.0370685804284392 2.539
      vertex -6.7493970433281 0.511577936548999 2.539
   endloop
endfacet
facet normal 0 0 1
   outer loop
      vertex -6.91425597042334 -0.135338672570152 2.539
      vertex -6.7493970433281 0.511577936548999 2.539
      vertex -7.67926331990088 0.236099103816283 2.539
   endloop
endfacet
facet normal 0 0 1
   outer loop
      vertex 1.89399189789892 -6.63573056476871 2.539
      vertex 1.62179453493069 -6.01137874819619 2.539
      vertex 1.20622623264606 -6.63334904191772 2.539
   endloop
endfacet
facet normal 0 0 1
   outer loop
      vertex 1.89399189789892 -6.63573056476871 2.539
      vertex 1.20622623264606 -6.63334904191772 2.539
      vertex 1.73668469250927 -7.47029393283644 2.539
   endloop
endfacet
facet normal 0 0 1
   outer loop
      vertex 4.99065912333204 0.0224141575945325 2.539
      vertex 4.22712006340355 0.491211653586197 2.539
      vertex 4.20372830089949 -0.380704940090917 2.539
   endloop
endfacet
facet normal 0 0 1
   outer loop
      vertex 8.63373241812961 1.10761314611115 2.539
      vertex 8.49070156996043 1.88908364181268 2.539
      vertex 7.97108235261295 1.49851371047136 2.539
   endloop
endfacet
facet normal 0 0 1
   outer loop
      vertex 1.62430111220462 6.01984095666064 2.539
      vertex 1.89408608723811 6.64466711518091 2.539
      vertex 1.20243917258577 6.63037606465123 2.539
   endloop
endfacet
facet normal 0 0 1
   outer loop
      vertex -7.04723834372415 -2.37417872487723 2.539
      vertex -7.71008881357477 -2.92050892856237 2.539
      vertex -6.87273680942268 -3.27476059907915 2.539
   endloop
endfacet
facet normal 0 0 1
   outer loop
      vertex 2.85965442469204 8.37101685330697 2.539
      vertex 3.0581029111392 8.99989406744917 2.539
      vertex 2.3496672864139 9.0587757556127 2.539
   endloop
endfacet
facet normal 0 0 1
   outer loop
      vertex -8.17174629244628 -3.50215582795772 2.539
      vertex -7.71008881357477 -2.92050892856237 2.539
      vertex -8.57574145833454 -3.10654961017555 2.539
   endloop
endfacet
facet normal 0 0 1
   outer loop
      vertex 8.46863901572421 -1.93795398398237 2.539
      vertex 8.59578840272591 -1.10208551951804 2.539
      vertex 7.95645449207089 -1.387453178362 2.539
   endloop
endfacet
facet normal 0 0 1
   outer loop
      vertex -7.76119920455021 2.9518225174502 2.539
      vertex -7.12541171309896 2.35742388245315 2.539
      vertex -6.88449052660297 3.15205615612495 2.539
   endloop
endfacet
facet normal 0 0 1
   outer loop
      vertex -6.88735845238009 -4.00836943138532 2.539
      vertex -7.3796025783641 -4.42197105799433 2.539
      vertex -6.76414399285058 -4.65390842050438 2.539
   endloop
endfacet
facet normal 0 0 1
   outer loop
      vertex -7.76119920455021 2.9518225174502 2.539
      vertex -8.39247188429153 3.63177879429417 2.539
      vertex -8.74751470368587 2.96920818848369 2.539
   endloop
endfacet
facet normal 0 0 1
   outer loop
      vertex -8.74751470368587 2.96920818848369 2.539
      vertex -8.39247188429153 3.63177879429417 2.539
      vertex -9.36633497013625 3.5031085091962 2.539
   endloop
endfacet
facet normal 0 0 1
   outer loop
      vertex 1.20243917258577 6.63037606465123 2.539
      vertex 1.89408608723811 6.64466711518091 2.539
      vertex 1.67705847247995 7.48131167644074 2.539
   endloop
endfacet
facet normal 0 0 1
   outer loop
      vertex 5.38606335328775 -3.13835578340733 2.539
      vertex 5.91250334907346 -3.56520895858329 2.539
      vertex 6.06118767095777 -2.98655181318244 2.539
   endloop
endfacet
facet normal 0 0 1
   outer loop
      vertex 6.06118767095777 -2.98655181318244 2.539
      vertex 5.91250334907346 -3.56520895858329 2.539
      vertex 6.84264757824968 -3.59438398598374 2.539
   endloop
endfacet
facet normal 0 0 1
   outer loop
      vertex 5.93864942442473 3.54655828731069 2.539
      vertex 5.39986346092046 3.12940342610237 2.539
      vertex 6.06697440190827 2.99970149794359 2.539
   endloop
endfacet
facet normal 0 0 1
   outer loop
      vertex 5.93864942442473 3.54655828731069 2.539
      vertex 6.06697440190827 2.99970149794359 2.539
      vertex 6.84824308025387 3.62350239822712 2.539
   endloop
endfacet
facet normal 0 0 1
   outer loop
      vertex -3.52427758024682 7.54830692497542 2.539
      vertex -3.32152122748314 6.73631871043793 2.539
      vertex -2.64001299650688 7.44748700309593 2.539
   endloop
endfacet
facet normal 0 0 1
   outer loop
      vertex -6.88735845238009 -4.00836943138532 2.539
      vertex -6.76414399285058 -4.65390842050438 2.539
      vertex -6.29125176729735 -4.34851499489303 2.539
   endloop
endfacet
facet normal 0 0 1
   outer loop
      vertex -3.25437876660518 -6.70045351292353 2.539
      vertex -3.37797178661992 -7.33740428979847 2.539
      vertex -2.66729077248565 -7.32426516065148 2.539
   endloop
endfacet
facet normal 0 0 1
   outer loop
      vertex -2.49501338948039 -5.45562415885149 2.539
      vertex -3.14846086036575 -4.95600221302782 2.539
      vertex -3.03090217555121 -5.95011764434609 2.539
   endloop
endfacet
facet normal 0 0 1
   outer loop
      vertex -4.41418713938311 -4.40111116742667 2.539
      vertex -4.9605491105589 -4.80251696495059 2.539
      vertex -4.4398198625073 -5.09376664268888 2.539
   endloop
endfacet
facet normal 0 0 1
   outer loop
      vertex 4.10055476352059 -6.20532676677891 2.539
      vertex 4.79751941121548 -6.70722583788803 2.539
      vertex 4.92714094463608 -5.80701724710068 2.539
   endloop
endfacet
facet normal 0 0 1
   outer loop
      vertex 5.18954149412951 7.5144588543373 2.539
      vertex 5.78092000447838 8.15971592041179 2.539
      vertex 4.83603195693872 8.1502574565479 2.539
   endloop
endfacet
facet normal 0 0 1
   outer loop
      vertex 5.47685465320038 -7.0050873980591 2.539
      vertex 4.79751941121548 -6.70722583788803 2.539
      vertex 5.19689154699235 -7.4965453357734 2.539
   endloop
endfacet
facet normal 0 0 1
   outer loop
      vertex 4.83603195693872 8.1502574565479 2.539
      vertex 5.78092000447838 8.15971592041179 2.539
      vertex 5.11435479206999 8.59321680518016 2.539
   endloop
endfacet
facet normal 0 0 1
   outer loop
      vertex 4.77468066520684 6.65322990481766 2.539
      vertex 4.06181174653038 6.19274602445398 2.539
      vertex 4.76502388002551 5.79534834133275 2.539
   endloop
endfacet
facet normal 0 0 1
   outer loop
      vertex 5.78092000447845 -8.15971592041174 2.539
      vertex 5.19689154699235 -7.4965453357734 2.539
      vertex 4.84761947695944 -8.15411818555097 2.539
   endloop
endfacet
facet normal 0 0 1
   outer loop
      vertex 4.77468066520684 6.65322990481766 2.539
      vertex 5.6434185951631 7.07791080128501 2.539
      vertex 5.18954149412951 7.5144588543373 2.539
   endloop
endfacet
facet normal 0 0 1
   outer loop
      vertex 5.78092000447845 -8.15971592041174 2.539
      vertex 4.84761947695944 -8.15411818555097 2.539
      vertex 5.11435479207007 -8.59321680518011 2.539
   endloop
endfacet
facet normal 0 0 1
   outer loop
      vertex -4.4398198625073 -5.09376664268888 2.539
      vertex -4.9605491105589 -4.80251696495059 2.539
      vertex -5.22616167509931 -5.69443168882374 2.539
   endloop
endfacet
facet normal 0 0 1
   outer loop
      vertex -4.95743826212335 4.83521217608423 2.539
      vertex -4.40913575752478 4.41716782384035 2.539
      vertex -4.45266306047999 5.09489496039996 2.539
   endloop
endfacet
facet normal 0 0 1
   outer loop
      vertex -4.95743826212335 4.83521217608423 2.539
      vertex -4.45266306047999 5.09489496039996 2.539
      vertex -5.25558250510115 5.69307480872616 2.539
   endloop
endfacet
facet normal 0 0 1
   outer loop
      vertex -5.60545616730067 4.87841541637116 2.539
      vertex -6.36877991452475 5.00621768620442 2.539
      vertex -6.03711619024496 4.14691564005429 2.539
   endloop
endfacet
facet normal 0 0 1
   outer loop
      vertex -5.60545616730067 4.87841541637116 2.539
      vertex -6.03711619024496 4.14691564005429 2.539
      vertex -5.06435382021016 4.09250787108353 2.539
   endloop
endfacet
facet normal 0 0 1
   outer loop
      vertex -3.03090217555121 -5.95011764434609 2.539
      vertex -3.14846086036575 -4.95600221302782 2.539
      vertex -3.82684349684582 -5.41177407933601 2.539
   endloop
endfacet
facet normal 0 0 1
   outer loop
      vertex -3.03090217555121 -5.95011764434609 2.539
      vertex -3.82684349684582 -5.41177407933601 2.539
      vertex -3.86244955245284 -6.15990863089161 2.539
   endloop
endfacet
facet normal 0 0 1
   outer loop
      vertex -3.15260966495924 4.96712182446151 2.539
      vertex -3.22683208034605 5.71880362338134 2.539
      vertex -3.86666611644085 5.3967772452983 2.539
   endloop
endfacet
facet normal 0 0 1
   outer loop
      vertex -3.86666611644085 5.3967772452983 2.539
      vertex -3.22683208034605 5.71880362338134 2.539
      vertex -3.9614951039485 6.14011815953655 2.539
   endloop
endfacet
facet normal 0 0 1
   outer loop
      vertex 6.35503452433497 -1.57683655929128 2.539
      vertex 5.59750082292569 -1.77121541658871 2.539
      vertex 6.21157619325002 -2.31165836287314 2.539
   endloop
endfacet
facet normal 0 0 1
   outer loop
      vertex 6.35503452433497 -1.57683655929128 2.539
      vertex 6.21157619325002 -2.31165836287314 2.539
      vertex 6.94319676071524 -2.15496799637219 2.539
   endloop
endfacet
facet normal 0 0 1
   outer loop
      vertex -6.5076540089288 -5.1698743208468 2.539
      vertex -5.67319980086321 -4.79502587189841 2.539
      vertex -6.29125176729735 -4.34851499489303 2.539
   endloop
endfacet
facet normal 0 0 1
   outer loop
      vertex 8.59578840272591 -1.10208551951804 2.539
      vertex 7.74463090204967 -0.696048555269025 2.539
      vertex 7.95645449207089 -1.387453178362 2.539
   endloop
endfacet
facet normal 0 0 1
   outer loop
      vertex 5.63907634970246 -5.6333912743125 2.539
      vertex 6.16374996481778 -6.00376044444197 2.539
      vertex 6.23042103675104 -5.34868224368929 2.539
   endloop
endfacet
facet normal 0 0 1
   outer loop
      vertex 7.7813397476216 0.719397788656586 2.539
      vertex 8.63373241812961 1.10761314611115 2.539
      vertex 7.97108235261295 1.49851371047136 2.539
   endloop
endfacet
facet normal 0 0 1
   outer loop
      vertex 5.60633894025082 1.77559168363614 2.539
      vertex 6.39598696239023 1.65302862522383 2.539
      vertex 6.21411339610054 2.35939992486721 2.539
   endloop
endfacet
facet normal 0 0 1
   outer loop
      vertex -3.27011973318184 -8.00603958933821 2.539
      vertex -2.66729077248565 -7.32426516065148 2.539
      vertex -3.37797178661992 -7.33740428979847 2.539
   endloop
endfacet
facet normal 0 0 1
   outer loop
      vertex 6.21411339610054 2.35939992486721 2.539
      vertex 6.39598696239023 1.65302862522383 2.539
      vertex 6.93135403248638 2.25148121757787 2.539
   endloop
endfacet
facet normal 0 0 1
   outer loop
      vertex -2.64001299650688 7.44748700309593 2.539
      vertex -3.09842815692258 8.17425035737416 2.539
      vertex -3.52427758024682 7.54830692497542 2.539
   endloop
endfacet
facet normal 0 0 1
   outer loop
      vertex 6.13398079052099 4.15126301568695 2.539
      vertex 6.41354560685605 4.85130527072111 2.539
      vertex 5.51860084669141 4.71356703655131 2.539
   endloop
endfacet
facet normal 0 0 1
   outer loop
      vertex -1.35283675333677 -7.73222028758043 2.539
      vertex -1.38178671346373 -8.64287373633697 2.539
      vertex -0.748966638092746 -8.25590774469807 2.539
   endloop
endfacet
facet normal 0 0 1
   outer loop
      vertex 6.13398079052099 4.15126301568695 2.539
      vertex 5.51860084669141 4.71356703655131 2.539
      vertex 5.24418536509105 3.82892109617534 2.539
   endloop
endfacet
facet normal 0 0 1
   outer loop
      vertex -1.314845438224 8.57588581656139 2.539
      vertex -1.30251093809098 7.68995302712026 2.539
      vertex -0.658314331787926 8.24639826115866 2.539
   endloop
endfacet
facet normal 0 0 1
   outer loop
      vertex 0.110688400644843 -5.9666994058377 2.539
      vertex -0.0731688902374206 -6.83330664502566 2.539
      vertex 0.566611267714945 -6.40676690098801 2.539
   endloop
endfacet
facet normal 0 0 1
   outer loop
      vertex 5.63907634970246 -5.6333912743125 2.539
      vertex 6.23042103675104 -5.34868224368929 2.539
      vertex 5.8145080647188 -4.96952077832617 2.539
   endloop
endfacet
facet normal 0 0 1
   outer loop
      vertex -9.3663349701362 -3.50310850919633 2.539
      vertex -8.57574145833454 -3.10654961017555 2.539
      vertex -9.12245026357725 -2.60153896406963 2.539
   endloop
endfacet
facet normal 0 0 1
   outer loop
      vertex 6.662698859819 -4.96881891247532 2.539
      vertex 6.08459203970475 -4.25768302922079 2.539
      vertex 5.8145080647188 -4.96952077832617 2.539
   endloop
endfacet
facet normal 0 0 1
   outer loop
      vertex -9.3663349701362 -3.50310850919633 2.539
      vertex -9.12245026357725 -2.60153896406963 2.539
      vertex -9.61504903550101 -2.74787773470928 2.539
   endloop
endfacet
facet normal 0 0 1
   outer loop
      vertex -0.0330015756002471 6.75456588442768 2.539
      vertex 0.147262867102596 5.94867383680045 2.539
      vertex 0.583262257504924 6.3799399330809 2.539
   endloop
endfacet
facet normal 0 0 1
   outer loop
      vertex -0.992538140650722 9.95062149010571 2.539
      vertex -0.784589995887961 9.04925421138537 2.539
      vertex -0.367785150974253 9.4572416557767 2.539
   endloop
endfacet
facet normal 0 0 1
   outer loop
      vertex -0.992538140650722 9.95062149010571 2.539
      vertex -0.367785150974253 9.4572416557767 2.539
      vertex -0.198821924745086 9.99802329674424 2.539
   endloop
endfacet
facet normal 0 0 1
   outer loop
      vertex -6.49588631554943 -1.69244580629787 2.539
      vertex -5.7243730062484 -1.20389416588823 2.539
      vertex -6.41681938183821 -0.795554083891945 2.539
   endloop
endfacet
facet normal 0 0 1
   outer loop
      vertex -6.49588631554943 -1.69244580629787 2.539
      vertex -6.41681938183821 -0.795554083891945 2.539
      vertex -7.25221159886468 -1.4882455389999 2.539
   endloop
endfacet
facet normal 0 0 1
   outer loop
      vertex -5.76948143696285 1.35855695500421 2.539
      vertex -6.54903557813362 1.71381480923322 2.539
      vertex -6.35843067250147 1.01904728231458 2.539
   endloop
endfacet
facet normal 0 0 1
   outer loop
      vertex -0.812614214942656 -9.06784308318445 2.539
      vertex -0.992538140650712 -9.95062149010571 2.539
      vertex -0.201713089304406 -9.46967390893776 2.539
   endloop
endfacet
facet normal 0 0 1
   outer loop
      vertex 3.03625600339453 7.5607674008825 2.539
      vertex 2.45660988730633 7.01314398173378 2.539
      vertex 3.29077068506999 6.61348614954754 2.539
   endloop
endfacet
facet normal 0 0 1
   outer loop
      vertex 3.29077068506999 6.61348614954754 2.539
      vertex 2.45660988730633 7.01314398173378 2.539
      vertex 2.40524032861848 6.00070644520608 2.539
   endloop
endfacet
facet normal 0 0 1
   outer loop
      vertex 3.30062603453365 -5.84518100882839 2.539
      vertex 2.62235863150049 -5.22328905008441 2.539
      vertex 2.40382953205382 -5.99478847453011 2.539
   endloop
endfacet
facet normal 0 0 1
   outer loop
      vertex 3.30062603453365 -5.84518100882839 2.539
      vertex 2.40382953205382 -5.99478847453011 2.539
      vertex 3.29397661374869 -6.62838352176695 2.539
   endloop
endfacet
facet normal 0 0 1
   outer loop
      vertex 2.65646725973997 5.22400809404886 2.539
      vertex 3.29580521920727 5.84712250247822 2.539
      vertex 2.40524032861848 6.00070644520608 2.539
   endloop
endfacet
facet normal 0 0 1
   outer loop
      vertex 2.40524032861848 6.00070644520608 2.539
      vertex 3.29580521920727 5.84712250247822 2.539
      vertex 3.29077068506999 6.61348614954754 2.539
   endloop
endfacet
facet normal 0 0 1
   outer loop
      vertex 2.4712051440355 -7.0103109994379 2.539
      vertex 3.05742567187268 -7.55842069873443 2.539
      vertex 3.29397661374869 -6.62838352176695 2.539
   endloop
endfacet
facet normal 0 0 1
   outer loop
      vertex -7.51874607811012 1.55156184521502 2.539
      vertex -8.42045625508511 1.29979269303616 2.539
      vertex -7.85707819005315 0.91731401552736 2.539
   endloop
endfacet
facet normal 0 0 1
   outer loop
      vertex 2.4712051440355 -7.0103109994379 2.539
      vertex 3.29397661374869 -6.62838352176695 2.539
      vertex 2.40382953205382 -5.99478847453011 2.539
   endloop
endfacet
facet normal 0 0 1
   outer loop
      vertex 4.30382659245201 -3.81330883080307 2.539
      vertex 3.98732445028907 -3.07783625584911 2.539
      vertex 3.45561566142861 -3.56870332199314 2.539
   endloop
endfacet
facet normal 0 0 1
   outer loop
      vertex -0.201713089304406 -9.46967390893776 2.539
      vertex -0.992538140650712 -9.95062149010571 2.539
      vertex -0.198821924745078 -9.99802329674425 2.539
   endloop
endfacet
facet normal 0 0 1
   outer loop
      vertex 3.97525908239095 3.0962125906106 2.539
      vertex 4.32621094846928 3.71106314028545 2.539
      vertex 3.57887348553714 3.70166141897585 2.539
   endloop
endfacet
facet normal 0 0 1
   outer loop
      vertex 2.05028981134643 8.33076659172306 2.539
      vertex 2.85965442469204 8.37101685330697 2.539
      vertex 2.3496672864139 9.0587757556127 2.539
   endloop
endfacet
facet normal 0 0 1
   outer loop
      vertex 0.419631171476752 -7.6655289029029 2.539
      vertex 0.92366638784283 -8.46757866033328 2.539
      vertex 1.12268102912773 -7.81711109057758 2.539
   endloop
endfacet
facet normal 0 0 1
   outer loop
      vertex 3.0581029111392 8.99989406744917 2.539
      vertex 2.93850273121602 9.55851461779685 2.539
      vertex 2.3496672864139 9.0587757556127 2.539
   endloop
endfacet
facet normal 0 0 1
   outer loop
      vertex 9.24674689558233 -1.10982541995357 2.539
      vertex 8.59578840272591 -1.10208551951804 2.539
      vertex 9.1565255171372 -1.80526730786248 2.539
   endloop
endfacet
facet normal 0 0 1
   outer loop
      vertex 9.87375345395869 -1.58398002842173 2.539
      vertex 9.1565255171372 -1.80526730786248 2.539
      vertex 9.71669346596542 -2.36344411579053 2.539
   endloop
endfacet
facet normal 0 0 1
   outer loop
      vertex -5.3248447920598 2.64999568515217 2.539
      vertex -6.11142485946871 3.28570066316638 2.539
      vertex -6.30888600317937 2.53368893266105 2.539
   endloop
endfacet
facet normal 0 0 1
   outer loop
      vertex -5.3248447920598 2.64999568515217 2.539
      vertex -6.30888600317937 2.53368893266105 2.539
      vertex -5.8581085462096 2.043142394811 2.539
   endloop
endfacet
facet normal 0 0 1
   outer loop
      vertex -3.77574054230973 8.30889484542226 2.539
      vertex -4.05525343121738 9.14083801456955 2.539
      vertex -4.34842587979914 8.42351823131979 2.539
   endloop
endfacet
facet normal 0 0 1
   outer loop
      vertex -4.34842587979914 8.42351823131979 2.539
      vertex -4.05525343121738 9.14083801456955 2.539
      vertex -4.76867600053793 8.78975137315576 2.539
   endloop
endfacet
facet normal 0 0 1
   outer loop
      vertex 9.1565255171372 -1.80526730786248 2.539
      vertex 8.59578840272591 -1.10208551951804 2.539
      vertex 8.46863901572421 -1.93795398398237 2.539
   endloop
endfacet
facet normal 0 0 1
   outer loop
      vertex -4.05525343121737 -9.14083801456955 2.539
      vertex -4.09113514588045 -8.38944650145535 2.539
      vertex -4.76867600053793 -8.78975137315576 2.539
   endloop
endfacet
facet normal 0 0 1
   outer loop
      vertex 9.87375345395869 -1.58398002842173 2.539
      vertex 9.24674689558233 -1.10982541995357 2.539
      vertex 9.1565255171372 -1.80526730786248 2.539
   endloop
endfacet
facet normal 0 0 1
   outer loop
      vertex -7.80057296300617 6.25708090476838 2.539
      vertex -6.97665465554321 6.33078577561937 2.539
      vertex -7.27878792064853 6.85705814516845 2.539
   endloop
endfacet
facet normal 0 0 1
   outer loop
      vertex -4.7887202799573 -3.18047128791025 2.539
      vertex -3.99831720489622 -3.06247081722634 2.539
      vertex -4.33563505385956 -2.42254021127286 2.539
   endloop
endfacet
facet normal 0 0 1
   outer loop
      vertex -7.12128673888888 -5.73101842308674 2.539
      vertex -7.80057296300612 -6.25708090476844 2.539
      vertex -7.02991555555246 -6.33591261046456 2.539
   endloop
endfacet
facet normal 0 0 1
   outer loop
      vertex -3.98981899495744 3.05260629052895 2.539
      vertex -4.70736638446497 3.19127967769691 2.539
      vertex -4.32587229693672 2.53090720910166 2.539
   endloop
endfacet
facet normal 0 0 1
   outer loop
      vertex -7.02991555555246 -6.33591261046456 2.539
      vertex -7.80057296300612 -6.25708090476844 2.539
      vertex -7.2787879206485 -6.85705814516849 2.539
   endloop
endfacet
facet normal 0 0 1
   outer loop
      vertex -1.77561776650247 -4.64736193607079 2.539
      vertex -1.73738979241518 -5.40987195525678 2.539
      vertex -1.21642963823809 -4.80085315773721 2.539
   endloop
endfacet
facet normal 0 0 1
   outer loop
      vertex -1.81697174421365 6.96738555716837 2.539
      vertex -1.35592378416368 6.2230831779915 2.539
      vertex -1.06691061741944 6.97753793638223 2.539
   endloop
endfacet
facet normal 0 0 1
   outer loop
      vertex -1.76494589834311 5.46578004962173 2.539
      vertex -1.83615259425168 4.72657290207152 2.539
      vertex -1.2309681791965 4.8133010052721 2.539
   endloop
endfacet
facet normal 0 0 1
   outer loop
      vertex -1.06691061741944 6.97753793638223 2.539
      vertex -1.35592378416368 6.2230831779915 2.539
      vertex -0.586502582835962 6.31627860025997 2.539
   endloop
endfacet
facet normal 0 0 1
   outer loop
      vertex -7.41618315146515 -0.59547077209313 2.539
      vertex -8.0880618201352 -1.02034412828806 2.539
      vertex -7.25221159886468 -1.4882455389999 2.539
   endloop
endfacet
facet normal 0 0 1
   outer loop
      vertex -7.41618315146515 -0.59547077209313 2.539
      vertex -7.25221159886468 -1.4882455389999 2.539
      vertex -6.41681938183821 -0.795554083891945 2.539
   endloop
endfacet
facet normal 0 0 1
   outer loop
      vertex -6.36877991452475 5.00621768620442 2.539
      vertex -7.04369203361018 5.20989278718083 2.539
      vertex -6.99060989899445 4.47138509409576 2.539
   endloop
endfacet
facet normal 0 0 1
   outer loop
      vertex -6.36877991452475 5.00621768620442 2.539
      vertex -6.99060989899445 4.47138509409576 2.539
      vertex -6.03711619024496 4.14691564005429 2.539
   endloop
endfacet
facet normal 0 0 1
   outer loop
      vertex 8.26515757999336 -2.56409404550516 2.539
      vertex 7.72668057893951 -2.04769297803335 2.539
      vertex 7.44700809678267 -2.82800881834214 2.539
   endloop
endfacet
facet normal 0 0 1
   outer loop
      vertex 8.04316565211542 5.94201029051875 2.539
      vertex 7.9038634430553 5.12547903141741 2.539
      vertex 8.48983361954522 5.28419578672476 2.539
   endloop
endfacet
facet normal 0 0 1
   outer loop
      vertex 5.01922529632242 -0.564801395525427 2.539
      vertex 5.72416005159912 -0.373815368821495 2.539
      vertex 4.99065912333204 0.0224141575945325 2.539
   endloop
endfacet
facet normal 0 0 1
   outer loop
      vertex -7.71008881357477 -2.92050892856237 2.539
      vertex -8.17174629244628 -3.50215582795772 2.539
      vertex -7.46487567192874 -3.68971151321683 2.539
   endloop
endfacet
facet normal 0 0 1
   outer loop
      vertex 5.71878339866005 0.353936324835753 2.539
      vertex 5.05093761518672 0.608658670999052 2.539
      vertex 4.99065912333204 0.0224141575945325 2.539
   endloop
endfacet
facet normal 0 0 1
   outer loop
      vertex -7.71008881357477 -2.92050892856237 2.539
      vertex -7.46487567192874 -3.68971151321683 2.539
      vertex -6.87273680942268 -3.27476059907915 2.539
   endloop
endfacet
facet normal 0 0 1
   outer loop
      vertex -8.39247188429153 3.63177879429417 2.539
      vertex -7.76119920455021 2.9518225174502 2.539
      vertex -7.48982190794312 3.8103985021454 2.539
   endloop
endfacet
facet normal 0 0 1
   outer loop
      vertex -7.48982190794312 3.8103985021454 2.539
      vertex -7.76119920455021 2.9518225174502 2.539
      vertex -6.88449052660297 3.15205615612495 2.539
   endloop
endfacet
facet normal 0 0 1
   outer loop
      vertex 7.72668057893951 -2.04769297803335 2.539
      vertex 6.94319676071524 -2.15496799637219 2.539
      vertex 7.44700809678267 -2.82800881834214 2.539
   endloop
endfacet
facet normal 0 0 1
   outer loop
      vertex 9.71669346596542 -2.36344411579053 2.539
      vertex 8.9703724967267 -2.49957178931696 2.539
      vertex 9.49820133244889 -3.12796602415467 2.539
   endloop
endfacet
facet normal 0 0 1
   outer loop
      vertex -1.06464890544095 -5.58450011809757 2.539
      vertex -0.683636069271099 -4.97468251467415 2.539
      vertex -1.21642963823809 -4.80085315773721 2.539
   endloop
endfacet
facet normal 0 0 1
   outer loop
      vertex 6.41354560685605 4.85130527072111 2.539
      vertex 6.67561838862822 5.54712203281928 2.539
      vertex 5.97610252116474 5.47737345042513 2.539
   endloop
endfacet
facet normal 0 0 1
   outer loop
      vertex -0.691326525374938 4.97395927109989 2.539
      vertex -1.02350848902498 5.52929506969835 2.539
      vertex -1.2309681791965 4.8133010052721 2.539
   endloop
endfacet
facet normal 0 0 1
   outer loop
      vertex 6.41354560685605 4.85130527072111 2.539
      vertex 5.97610252116474 5.47737345042513 2.539
      vertex 5.51860084669141 4.71356703655131 2.539
   endloop
endfacet
facet normal 0 0 1
   outer loop
      vertex -4.59371444386482 -7.33391944785216 2.539
      vertex -3.95823613820285 -6.94548918334996 2.539
      vertex -4.64027685284169 -6.47517567619583 2.539
   endloop
endfacet
facet normal 0 0 1
   outer loop
      vertex -3.95823613820285 -6.94548918334996 2.539
      vertex -3.86244955245284 -6.15990863089161 2.539
      vertex -4.64027685284169 -6.47517567619583 2.539
   endloop
endfacet
facet normal 0 0 1
   outer loop
      vertex 4.79751941121548 -6.70722583788803 2.539
      vertex 5.47685465320038 -7.0050873980591 2.539
      vertex 5.47894939949988 -6.27397034990073 2.539
   endloop
endfacet
facet normal 0 0 1
   outer loop
      vertex 4.79751941121548 -6.70722583788803 2.539
      vertex 5.47894939949988 -6.27397034990073 2.539
      vertex 4.92714094463608 -5.80701724710068 2.539
   endloop
endfacet
facet normal 0 0 1
   outer loop
      vertex 7.36171264879945 -5.41912465959379 2.539
      vertex 8.04316565211542 -5.94201029051875 2.539
      vertex 7.92283111356035 -5.17631630656954 2.539
   endloop
endfacet
facet normal 0 0 1
   outer loop
      vertex 7.92283111356035 -5.17631630656954 2.539
      vertex 8.04316565211542 -5.94201029051875 2.539
      vertex 8.48983361954523 -5.28419578672473 2.539
   endloop
endfacet
facet normal 0 0 1
   outer loop
      vertex 5.6434185951631 7.07791080128501 2.539
      vertex 4.77468066520684 6.65322990481766 2.539
      vertex 5.55270469987563 6.20486850555493 2.539
   endloop
endfacet
facet normal 0 0 1
   outer loop
      vertex 5.55270469987563 6.20486850555493 2.539
      vertex 4.77468066520684 6.65322990481766 2.539
      vertex 4.76502388002551 5.79534834133275 2.539
   endloop
endfacet
facet normal 0 0 1
   outer loop
      vertex -4.89230087626355 -1.96989610579079 2.539
      vertex -5.25682626225603 -2.5910196889654 2.539
      vertex -4.33563505385956 -2.42254021127286 2.539
   endloop
endfacet
facet normal 0 0 1
   outer loop
      vertex 3.05742567187268 -7.55842069873443 2.539
      vertex 3.47052519963504 -8.12274130646582 2.539
      vertex 3.77791396316925 -7.45712058583158 2.539
   endloop
endfacet
facet normal 0 0 1
   outer loop
      vertex -5.3248447920598 2.64999568515217 2.539
      vertex -4.65213107971204 2.01888468342356 2.539
      vertex -4.32587229693672 2.53090720910166 2.539
   endloop
endfacet
facet normal 0 0 1
   outer loop
      vertex 3.05742567187268 -7.55842069873443 2.539
      vertex 3.77791396316925 -7.45712058583158 2.539
      vertex 3.29397661374869 -6.62838352176695 2.539
   endloop
endfacet
facet normal 0 0 1
   outer loop
      vertex -0.239299505189141 -3.57860788358289 2.539
      vertex 0.286516181120597 -4.251624164975 2.539
      vertex 0.494060232593226 -3.48886306479061 2.539
   endloop
endfacet
facet normal 0 0 1
   outer loop
      vertex 3.0581029111392 8.99989406744917 2.539
      vertex 3.68863924008639 9.2948340790191 2.539
      vertex 2.93850273121602 9.55851461779685 2.539
   endloop
endfacet
facet normal 0 0 1
   outer loop
      vertex 3.45420704423449 8.12058396449489 2.539
      vertex 3.03625600339453 7.5607674008825 2.539
      vertex 3.72004623469277 7.4684483419067 2.539
   endloop
endfacet
facet normal 0 0 1
   outer loop
      vertex 3.72004623469277 7.4684483419067 2.539
      vertex 3.03625600339453 7.5607674008825 2.539
      vertex 3.29077068506999 6.61348614954754 2.539
   endloop
endfacet
facet normal 0 0 1
   outer loop
      vertex -1.22943686549367e-8 -3 2.539
      vertex -0.239299505189141 -3.57860788358289 2.539
      vertex 0.494060232593226 -3.48886306479061 2.539
   endloop
endfacet
facet normal 0 0 1
   outer loop
      vertex -4.76867600053793 -8.78975137315576 2.539
      vertex -4.71146695265894 -8.03280324967198 2.539
      vertex -5.45194674952264 -8.38309469351084 2.539
   endloop
endfacet
facet normal 0 0 1
   outer loop
      vertex -3.44911832705193 -8.65503054125853 2.539
      vertex -3.27011973318184 -8.00603958933821 2.539
      vertex -4.09113514588045 -8.38944650145535 2.539
   endloop
endfacet
facet normal 0 0 1
   outer loop
      vertex 3.68863924008639 -9.2948340790191 2.539
      vertex 3.05896585377968 -8.93144570302665 2.539
      vertex 2.93850273121602 -9.55851461779685 2.539
   endloop
endfacet
facet normal 0 0 1
   outer loop
      vertex 3.16080391081473 -4.2234107544496 2.539
      vertex 3.85383330009583 -4.41759003446136 2.539
      vertex 3.45561566142861 -3.56870332199314 2.539
   endloop
endfacet
facet normal 0 0 1
   outer loop
      vertex -8.0880618201352 -1.02034412828806 2.539
      vertex -8.74102737729336 -1.27734451108977 2.539
      vertex -8.17581056958715 -1.74427541776573 2.539
   endloop
endfacet
facet normal 0 0 1
   outer loop
      vertex 3.94953088820203 4.29454693604647 2.539
      vertex 3.22689355040001 4.20578836214106 2.539
      vertex 3.57887348553714 3.70166141897585 2.539
   endloop
endfacet
facet normal 0 0 1
   outer loop
      vertex -8.0880618201352 -1.02034412828806 2.539
      vertex -8.17581056958715 -1.74427541776573 2.539
      vertex -7.25221159886468 -1.4882455389999 2.539
   endloop
endfacet
facet normal 0 0 1
   outer loop
      vertex -4.09113514588045 -8.38944650145535 2.539
      vertex -3.27011973318184 -8.00603958933821 2.539
      vertex -4.04176372125232 -7.69140306403077 2.539
   endloop
endfacet
facet normal 0 0 1
   outer loop
      vertex -4.8167668220233 8.07779099357941 2.539
      vertex -4.76867600053793 8.78975137315576 2.539
      vertex -5.45194674952265 8.38309469351083 2.539
   endloop
endfacet
facet normal 0 0 1
   outer loop
      vertex -4.05525343121737 -9.14083801456955 2.539
      vertex -3.44911832705193 -8.65503054125853 2.539
      vertex -4.09113514588045 -8.38944650145535 2.539
   endloop
endfacet
facet normal 0 0 1
   outer loop
      vertex -9.92892073547957 -1.19018193086764 2.539
      vertex -9.41775245573645 -0.67304710532224 2.539
      vertex -9.99209397223903 -0.397565151823375 2.539
   endloop
endfacet
facet normal 0 0 1
   outer loop
      vertex 4.30382659245201 -3.81330883080307 2.539
      vertex 4.64174898443336 -4.518170404087 2.539
      vertex 5.18802610316736 -3.84907018112212 2.539
   endloop
endfacet
facet normal 0 0 1
   outer loop
      vertex -1.97789368753876 6.27343330577612 2.539
      vertex -1.81697174421365 6.96738555716837 2.539
      vertex -2.46437976301904 6.74953002629769 2.539
   endloop
endfacet
facet normal 0 0 1
   outer loop
      vertex -1.97789368753876 6.27343330577612 2.539
      vertex -2.46437976301904 6.74953002629769 2.539
      vertex -2.54489614629962 6.00233592936281 2.539
   endloop
endfacet
facet normal 0 0 1
   outer loop
      vertex -7.40327343414284 5.69981117506679 2.539
      vertex -7.04369203361018 5.20989278718083 2.539
      vertex -6.58633888861169 5.83413287730407 2.539
   endloop
endfacet
facet normal 0 0 1
   outer loop
      vertex -6.4678764070292 -6.74154557762859 2.539
      vertex -7.2787879206485 -6.85705814516849 2.539
      vertex -6.71098418435935 -7.41368270681169 2.539
   endloop
endfacet
facet normal 0 0 1
   outer loop
      vertex -6.58633888861169 5.83413287730407 2.539
      vertex -6.97665465554321 6.33078577561937 2.539
      vertex -7.40327343414284 5.69981117506679 2.539
   endloop
endfacet
facet normal 0 0 1
   outer loop
      vertex -7.80057296300617 6.25708090476838 2.539
      vertex -7.40327343414284 5.69981117506679 2.539
      vertex -6.97665465554321 6.33078577561937 2.539
   endloop
endfacet
facet normal 0 0 1
   outer loop
      vertex 7.40230953572835 5.6965535012474 2.539
      vertex 6.67561838862822 5.54712203281928 2.539
      vertex 7.23749613005039 4.88123265186028 2.539
   endloop
endfacet
facet normal 0 0 1
   outer loop
      vertex -6.03711619024496 4.14691564005429 2.539
      vertex -6.11142485946871 3.28570066316638 2.539
      vertex -5.45569987047612 3.44783957577582 2.539
   endloop
endfacet
facet normal 0 0 1
   outer loop
      vertex -6.03711619024496 4.14691564005429 2.539
      vertex -5.45569987047612 3.44783957577582 2.539
      vertex -5.06435382021016 4.09250787108353 2.539
   endloop
endfacet
facet normal 0 0 1
   outer loop
      vertex 7.23749613005039 4.88123265186028 2.539
      vertex 7.9038634430553 5.12547903141741 2.539
      vertex 7.40230953572835 5.6965535012474 2.539
   endloop
endfacet
facet normal 0 0 1
   outer loop
      vertex 0.748300476593289 9.28366950703716 2.539
      vertex 1.3873553073885 9.90329466647645 2.539
      vertex 0.596151244184225 9.98221436826807 2.539
   endloop
endfacet
facet normal 0 0 1
   outer loop
      vertex 4.92714094463608 -5.80701724710068 2.539
      vertex 5.47894939949988 -6.27397034990073 2.539
      vertex 5.63907634970246 -5.6333912743125 2.539
   endloop
endfacet
facet normal 0 0 1
   outer loop
      vertex 8.17131510649964 -4.52906404373566 2.539
      vertex 8.48983361954523 -5.28419578672473 2.539
      vertex 8.88282612557943 -4.59297289592737 2.539
   endloop
endfacet
facet normal 0 0 1
   outer loop
      vertex 8.04316565211542 5.94201029051875 2.539
      vertex 7.40230953572835 5.6965535012474 2.539
      vertex 7.9038634430553 5.12547903141741 2.539
   endloop
endfacet
facet normal 0 0 1
   outer loop
      vertex 7.0004207521695 -7.14101598461974 2.539
      vertex 6.14948478529686 -6.86986400277738 2.539
      vertex 6.41093638256734 -7.67462668138811 2.539
   endloop
endfacet
facet normal 0 0 1
   outer loop
      vertex 5.55270469987563 6.20486850555493 2.539
      vertex 4.76502388002551 5.79534834133275 2.539
      vertex 5.33851523237004 5.43976855282289 2.539
   endloop
endfacet
facet normal 0 0 1
   outer loop
      vertex 5.33851523237004 5.43976855282289 2.539
      vertex 4.76502388002551 5.79534834133275 2.539
      vertex 4.55291653402038 5.00299247603868 2.539
   endloop
endfacet
facet normal 0 0 1
   outer loop
      vertex -4.7887202799573 -3.18047128791025 2.539
      vertex -5.55516272962958 -3.32757188989502 2.539
      vertex -5.04937707647192 -4.02824945445342 2.539
   endloop
endfacet
facet normal 0 0 1
   outer loop
      vertex 6.2355149666986 6.81453459864235 2.539
      vertex 7.00042075216948 7.14101598461976 2.539
      vertex 6.41093638256726 7.67462668138818 2.539
   endloop
endfacet
facet normal 0 0 1
   outer loop
      vertex -6.87273680942268 -3.27476059907915 2.539
      vertex -7.46487567192874 -3.68971151321683 2.539
      vertex -6.88735845238009 -4.00836943138532 2.539
   endloop
endfacet
facet normal 0 0 1
   outer loop
      vertex 0.279132579757295 4.25856466486234 2.539
      vertex -0.244347734633724 3.57913258923886 2.539
      vertex 0.483032950401874 3.49850345163301 2.539
   endloop
endfacet
facet normal 0 0 1
   outer loop
      vertex -0.244347734633724 3.57913258923886 2.539
      vertex -1.22943607824602e-8 3 2.539
      vertex 0.483032950401874 3.49850345163301 2.539
   endloop
endfacet
facet normal 0 0 1
   outer loop
      vertex -8.69320272134852 -4.94249192670446 2.539
      vertex -8.21320717348097 -4.18770357532511 2.539
      vertex -9.05840392259366 -4.23619149415365 2.539
   endloop
endfacet
facet normal 0 0 1
   outer loop
      vertex -7.48982190794312 3.8103985021454 2.539
      vertex -6.88449052660297 3.15205615612495 2.539
      vertex -6.65751176690243 3.78370797867938 2.539
   endloop
endfacet
facet normal 0 0 1
   outer loop
      vertex -6.65751176690243 3.78370797867938 2.539
      vertex -6.88449052660297 3.15205615612495 2.539
      vertex -6.11142485946871 3.28570066316638 2.539
   endloop
endfacet
facet normal 0 0 1
   outer loop
      vertex 8.49070156996043 1.88908364181268 2.539
      vertex 9.17352392139653 1.75016782966364 2.539
      vertex 8.99670453786375 2.4322626929187 2.539
   endloop
endfacet
facet normal 0 0 1
   outer loop
      vertex -8.16354511638508 4.32502550294312 2.539
      vertex -8.69320272134858 4.94249192670434 2.539
      vertex -9.05840392259372 4.23619149415353 2.539
   endloop
endfacet
facet normal 0 0 1
   outer loop
      vertex 9.17352392139653 1.75016782966364 2.539
      vertex 9.87375345395869 1.58398002842173 2.539
      vertex 9.71669346596543 2.36344411579047 2.539
   endloop
endfacet
facet normal 0 0 1
   outer loop
      vertex 2.3496672864139 9.0587757556127 2.539
      vertex 2.93850273121602 9.55851461779685 2.539
      vertex 2.16978805579826 9.76176314980625 2.539
   endloop
endfacet
facet normal 0 0 1
   outer loop
      vertex 9.17352392139653 1.75016782966364 2.539
      vertex 9.71669346596543 2.36344411579047 2.539
      vertex 8.99670453786375 2.4322626929187 2.539
   endloop
endfacet
facet normal 0 0 1
   outer loop
      vertex 0.766401013242066 8.53565785245832 2.539
      vertex 1.55598686831511 9.02012406673979 2.539
      vertex 0.748300476593289 9.28366950703716 2.539
   endloop
endfacet
facet normal 0 0 1
   outer loop
      vertex -2.0144966513039 -8.30074082593456 2.539
      vertex -1.35283675333677 -7.73222028758043 2.539
      vertex -2.03113476516585 -7.61997166748665 2.539
   endloop
endfacet
facet normal 0 0 1
   outer loop
      vertex -5.55516272962958 -3.32757188989502 2.539
      vertex -6.32089840796743 -2.70177898024213 2.539
      vertex -6.21220380840202 -3.49833586067462 2.539
   endloop
endfacet
facet normal 0 0 1
   outer loop
      vertex -6.21220380840202 -3.49833586067462 2.539
      vertex -6.32089840796743 -2.70177898024213 2.539
      vertex -6.87273680942268 -3.27476059907915 2.539
   endloop
endfacet
facet normal 0 0 1
   outer loop
      vertex -2.03782410696768 -9.07827272999837 2.539
      vertex -2.55616654190729 -9.66778219707259 2.539
      vertex -1.77997897504667 -9.8403086764792 2.539
   endloop
endfacet
facet normal 0 0 1
   outer loop
      vertex -1.30251093809098 7.68995302712026 2.539
      vertex -1.77585802854168 8.24872910546198 2.539
      vertex -1.97830264375457 7.70878543994449 2.539
   endloop
endfacet
facet normal 0 0 1
   outer loop
      vertex 4.64174898443336 -4.518170404087 2.539
      vertex 4.23454780854938 -5.42050416787633 2.539
      vertex 4.97485508758547 -5.11064003593476 2.539
   endloop
endfacet
facet normal 0 0 1
   outer loop
      vertex 4.97485508758547 -5.11064003593476 2.539
      vertex 4.23454780854938 -5.42050416787633 2.539
      vertex 4.92714094463608 -5.80701724710068 2.539
   endloop
endfacet
facet normal 0 0 1
   outer loop
      vertex -2.55616654190727 9.6677821970726 2.539
      vertex -1.99630113536404 8.95150457608204 2.539
      vertex -1.77997897504668 9.8403086764792 2.539
   endloop
endfacet
facet normal 0 0 1
   outer loop
      vertex -8.79665140680293 -0.647287217134416 2.539
      vertex -8.14648681679789 -0.369441312645428 2.539
      vertex -8.52925305501925 0.0911117451895898 2.539
   endloop
endfacet
facet normal 0 0 1
   outer loop
      vertex -8.79665140680293 -0.647287217134416 2.539
      vertex -8.52925305501925 0.0911117451895898 2.539
      vertex -9.33617421110259 0.0158598736881785 2.539
   endloop
endfacet
facet normal 0 0 1
   outer loop
      vertex 2.43624774999899 7.77792509146088 2.539
      vertex 2.85965442469204 8.37101685330697 2.539
      vertex 2.05028981134643 8.33076659172306 2.539
   endloop
endfacet
facet normal 0 0 1
   outer loop
      vertex 1.55598686831511 9.02012406673979 2.539
      vertex 2.16978805579826 9.76176314980625 2.539
      vertex 1.3873553073885 9.90329466647645 2.539
   endloop
endfacet
facet normal 0 0 1
   outer loop
      vertex 7.74463090204967 -0.696048555269025 2.539
      vertex 8.40179228068699 -0.349211242514741 2.539
      vertex 7.87757346295475 -0.00799693373817689 2.539
   endloop
endfacet
facet normal 0 0 1
   outer loop
      vertex 2.88961065865506 -8.35771900023971 2.539
      vertex 2.44132245199255 -7.77424877866461 2.539
      vertex 2.09241371855588 -8.27034366981331 2.539
   endloop
endfacet
facet normal 0 0 1
   outer loop
      vertex -3.03090217555121 -5.95011764434609 2.539
      vertex -3.25437876660518 -6.70045351292353 2.539
      vertex -2.5055176102354 -6.69700980727771 2.539
   endloop
endfacet
facet normal 0 0 1
   outer loop
      vertex 10 0 2.539
      vertex 9.19572971583007 -0.428838948682111 2.539
      vertex 9.96838841148248 -0.794501402026323 2.539
   endloop
endfacet
facet normal 0 0 1
   outer loop
      vertex 8.52776137986 0.252855143787743 2.539
      vertex 7.7813397476216 0.719397788656586 2.539
      vertex 7.87757346295475 -0.00799693373817689 2.539
   endloop
endfacet
facet normal 0 0 1
   outer loop
      vertex 2.88961065865506 -8.35771900023971 2.539
      vertex 2.09241371855588 -8.27034366981331 2.539
      vertex 2.37317183714743 -9.02556559405709 2.539
   endloop
endfacet
facet normal 0 0 1
   outer loop
      vertex 7.23749613005039 4.88123265186028 2.539
      vertex 6.84066041980881 4.34372400513616 2.539
      vertex 7.36115306042692 4.18114971037751 2.539
   endloop
endfacet
facet normal 0 0 1
   outer loop
      vertex 9.27640065393696 0.476167052893754 2.539
      vertex 10 0 2.539
      vertex 9.96838841148248 0.794501402026312 2.539
   endloop
endfacet
facet normal 0 0 1
   outer loop
      vertex -2.66729077248565 -7.32426516065148 2.539
      vertex -2.53798244787723 -7.99411920382745 2.539
      vertex -2.03113476516585 -7.61997166748665 2.539
   endloop
endfacet
facet normal 0 0 1
   outer loop
      vertex 1.55598686831511 9.02012406673979 2.539
      vertex 1.3873553073885 9.90329466647645 2.539
      vertex 0.748300476593289 9.28366950703716 2.539
   endloop
endfacet
facet normal 0 0 1
   outer loop
      vertex 6.91056652159553 -4.35433937799659 2.539
      vertex 7.44489652298662 -4.76669786380165 2.539
      vertex 7.52176608491 -4.07990856437026 2.539
   endloop
endfacet
facet normal 0 0 1
   outer loop
      vertex -2.55616654190729 -9.66778219707259 2.539
      vertex -2.74541512101217 -8.73698733037752 2.539
      vertex -3.31619296496333 -9.43413293414544 2.539
   endloop
endfacet
facet normal 0 0 1
   outer loop
      vertex -2.38255268612968 8.24493425957847 2.539
      vertex -2.64001299650688 7.44748700309593 2.539
      vertex -1.97830264375457 7.70878543994449 2.539
   endloop
endfacet
facet normal 0 0 1
   outer loop
      vertex -8.14648681679789 -0.369441312645428 2.539
      vertex -8.79665140680293 -0.647287217134416 2.539
      vertex -8.0880618201352 -1.02034412828806 2.539
   endloop
endfacet
facet normal 0 0 1
   outer loop
      vertex -8.14648681679789 -0.369441312645428 2.539
      vertex -8.0880618201352 -1.02034412828806 2.539
      vertex -7.41618315146515 -0.59547077209313 2.539
   endloop
endfacet
facet normal 0 0 1
   outer loop
      vertex -2.79767727269987 8.86158101588207 2.539
      vertex -2.55616654190727 9.6677821970726 2.539
      vertex -3.3161929649633 9.43413293414545 2.539
   endloop
endfacet
facet normal 0 0 1
   outer loop
      vertex 3.26618681916719 -1.34927322437153 2.539
      vertex 3.92059908214935 -1.19627418694243 2.539
      vertex 3.50247232194298 -0.638492862141613 2.539
   endloop
endfacet
facet normal 0 0 1
   outer loop
      vertex -6.58633888861169 5.83413287730407 2.539
      vertex -5.9494663081664 5.49656430126966 2.539
      vertex -5.92495593094119 6.04499052634769 2.539
   endloop
endfacet
facet normal 0 0 1
   outer loop
      vertex 2.59807624304469 -1.49999994510893 2.539
      vertex 3.26618681916719 -1.34927322437153 2.539
      vertex 2.89777749401032 -0.776457078792686 2.539
   endloop
endfacet
facet normal 0 0 1
   outer loop
      vertex -5.97747513473474 -5.56602338516652 2.539
      vertex -6.51218298271058 -5.97789309053752 2.539
      vertex -5.86831523162495 -6.22764136473246 2.539
   endloop
endfacet
facet normal 0 0 1
   outer loop
      vertex 2.89777749401032 -0.776457078792686 2.539
      vertex 3.26618681916719 -1.34927322437153 2.539
      vertex 3.50247232194298 -0.638492862141613 2.539
   endloop
endfacet
facet normal 0 0 1
   outer loop
      vertex 2.44132245199255 -7.77424877866461 2.539
      vertex 2.88961065865506 -8.35771900023971 2.539
      vertex 3.05742567187268 -7.55842069873443 2.539
   endloop
endfacet
facet normal 0 0 1
   outer loop
      vertex 2.44132245199255 -7.77424877866461 2.539
      vertex 3.05742567187268 -7.55842069873443 2.539
      vertex 2.4712051440355 -7.0103109994379 2.539
   endloop
endfacet
facet normal 0 0 1
   outer loop
      vertex -7.91223648084601 -4.92100415041856 2.539
      vertex -8.69320272134852 -4.94249192670446 2.539
      vertex -8.2730403291689 -5.61754427770222 2.539
   endloop
endfacet
facet normal 0 0 1
   outer loop
      vertex -6.03711619024496 4.14691564005429 2.539
      vertex -6.99060989899445 4.47138509409576 2.539
      vertex -6.65751176690243 3.78370797867938 2.539
   endloop
endfacet
facet normal 0 0 1
   outer loop
      vertex -6.03711619024496 4.14691564005429 2.539
      vertex -6.65751176690243 3.78370797867938 2.539
      vertex -6.11142485946871 3.28570066316638 2.539
   endloop
endfacet
facet normal 0 0 1
   outer loop
      vertex -3.52427758024682 7.54830692497542 2.539
      vertex -4.14076056909426 6.8897522852994 2.539
      vertex -3.32152122748314 6.73631871043793 2.539
   endloop
endfacet
facet normal 0 0 1
   outer loop
      vertex -8.69320272134858 4.94249192670434 2.539
      vertex -7.73934172472328 4.94943038408224 2.539
      vertex -8.27304032916897 5.61754427770211 2.539
   endloop
endfacet
facet normal 0 0 1
   outer loop
      vertex -4.14076056909426 6.8897522852994 2.539
      vertex -4.22193033734895 7.78595252044589 2.539
      vertex -4.72561063062043 7.46745184207909 2.539
   endloop
endfacet
facet normal 0 0 1
   outer loop
      vertex 2.85965442469204 8.37101685330697 2.539
      vertex 2.43624774999899 7.77792509146088 2.539
      vertex 3.03625600339453 7.5607674008825 2.539
   endloop
endfacet
facet normal 0 0 1
   outer loop
      vertex 3.03625600339453 7.5607674008825 2.539
      vertex 2.43624774999899 7.77792509146088 2.539
      vertex 2.45660988730633 7.01314398173378 2.539
   endloop
endfacet
facet normal 0 0 1
   outer loop
      vertex -4.04176372125232 -7.69140306403077 2.539
      vertex -3.95823613820285 -6.94548918334996 2.539
      vertex -4.59371444386482 -7.33391944785216 2.539
   endloop
endfacet
facet normal 0 0 1
   outer loop
      vertex -4.22193033734895 7.78595252044589 2.539
      vertex -4.14076056909426 6.8897522852994 2.539
      vertex -3.52427758024682 7.54830692497542 2.539
   endloop
endfacet
facet normal 0 0 1
   outer loop
      vertex 6.48943997802979 0.757072999331987 2.539
      vertex 7.14177175321282 0.753135087675446 2.539
      vertex 7.20722540647369 1.41684914184051 2.539
   endloop
endfacet
facet normal 0 0 1
   outer loop
      vertex -2.14539054030943 -2.80707316350887 2.539
      vertex -2.16709160115581 -3.47888124940655 2.539
      vertex -1.51441126189516 -3.21807667711718 2.539
   endloop
endfacet
facet normal 0 0 1
   outer loop
      vertex 6.78104206836674 -6.39122909358746 2.539
      vertex 7.0004207521695 -7.14101598461974 2.539
      vertex 7.5456462187375 -6.56225747297776 2.539
   endloop
endfacet
facet normal 0 0 1
   outer loop
      vertex 5.51860084669141 4.71356703655131 2.539
      vertex 5.97610252116474 5.47737345042513 2.539
      vertex 5.33851523237004 5.43976855282289 2.539
   endloop
endfacet
facet normal 0 0 1
   outer loop
      vertex 5.51860084669141 4.71356703655131 2.539
      vertex 5.33851523237004 5.43976855282289 2.539
      vertex 4.55291653402038 5.00299247603868 2.539
   endloop
endfacet
facet normal 0 0 1
   outer loop
      vertex 7.7813397476216 0.719397788656586 2.539
      vertex 7.14177175321282 0.753135087675446 2.539
      vertex 7.11023147394729 0.0148151973932862 2.539
   endloop
endfacet
facet normal 0 0 1
   outer loop
      vertex 7.00042075216948 7.14101598461976 2.539
      vertex 6.83231042218755 6.32275372033948 2.539
      vertex 7.54564621873752 6.56225747297774 2.539
   endloop
endfacet
facet normal 0 0 1
   outer loop
      vertex 8.36295396635988 2.56248458353132 2.539
      vertex 8.49070156996043 1.88908364181268 2.539
      vertex 8.99670453786375 2.4322626929187 2.539
   endloop
endfacet
facet normal 0 0 1
   outer loop
      vertex 8.46863901572421 -1.93795398398237 2.539
      vertex 7.72668057893951 -2.04769297803335 2.539
      vertex 8.26515757999336 -2.56409404550516 2.539
   endloop
endfacet
facet normal 0 0 1
   outer loop
      vertex 7.44489652298662 -4.76669786380165 2.539
      vertex 6.91056652159553 -4.35433937799659 2.539
      vertex 6.662698859819 -4.96881891247532 2.539
   endloop
endfacet
facet normal 0 0 1
   outer loop
      vertex 6.662698859819 -4.96881891247532 2.539
      vertex 6.91056652159553 -4.35433937799659 2.539
      vertex 6.08459203970475 -4.25768302922079 2.539
   endloop
endfacet
facet normal 0 0 1
   outer loop
      vertex 3.29397661374869 -6.62838352176695 2.539
      vertex 3.77791396316925 -7.45712058583158 2.539
      vertex 4.04951776844023 -6.82364881721309 2.539
   endloop
endfacet
facet normal 0 0 1
   outer loop
      vertex -2.12132028332661 -2.12132040379267 2.539
      vertex -2.14539054030943 -2.80707316350887 2.539
      vertex -1.50000000002581 -2.59807621133841 2.539
   endloop
endfacet
facet normal 0 0 1
   outer loop
      vertex 2.52211425862883 3.39223672166984 2.539
      vertex 2.70134864485243 2.65571246279746 2.539
      vertex 3.17092785916853 3.15621287843485 2.539
   endloop
endfacet
facet normal 0 0 1
   outer loop
      vertex 3.17092785916853 3.15621287843485 2.539
      vertex 2.70134864485243 2.65571246279746 2.539
      vertex 3.45416132308554 2.53366462475837 2.539
   endloop
endfacet
facet normal 0 0 1
   outer loop
      vertex 3.72004623469277 7.4684483419067 2.539
      vertex 3.29077068506999 6.61348614954754 2.539
      vertex 4.0269555589284 6.83361099169082 2.539
   endloop
endfacet
facet normal 0 0 1
   outer loop
      vertex 6.84066041980881 4.34372400513616 2.539
      vertex 7.23749613005039 4.88123265186028 2.539
      vertex 6.41354560685605 4.85130527072111 2.539
   endloop
endfacet
facet normal 0 0 1
   outer loop
      vertex 6.84066041980881 4.34372400513616 2.539
      vertex 6.41354560685605 4.85130527072111 2.539
      vertex 6.13398079052099 4.15126301568695 2.539
   endloop
endfacet
facet normal 0 0 1
   outer loop
      vertex -0.0731688902374206 -6.83330664502566 2.539
      vertex 0.419631171476752 -7.6655289029029 2.539
      vertex 0.637880217353246 -6.96523901220477 2.539
   endloop
endfacet
facet normal 0 0 1
   outer loop
      vertex -0.0731688902374206 -6.83330664502566 2.539
      vertex 0.637880217353246 -6.96523901220477 2.539
      vertex 0.566611267714945 -6.40676690098801 2.539
   endloop
endfacet
facet normal 0 0 1
   outer loop
      vertex 0.376363461475924 7.37123771752133 2.539
      vertex -0.0330015756002471 6.75456588442768 2.539
      vertex 0.648593639500339 6.92119819674652 2.539
   endloop
endfacet
facet normal 0 0 1
   outer loop
      vertex 0.648593639500339 6.92119819674652 2.539
      vertex -0.0330015756002471 6.75456588442768 2.539
      vertex 0.583262257504924 6.3799399330809 2.539
   endloop
endfacet
facet normal 0 0 1
   outer loop
      vertex -6.54903557813362 1.71381480923322 2.539
      vertex -7.51874607811012 1.55156184521502 2.539
      vertex -6.90418458602375 1.13328235659755 2.539
   endloop
endfacet
facet normal 0 0 1
   outer loop
      vertex -7.25221159886468 -1.4882455389999 2.539
      vertex -8.17581056958715 -1.74427541776573 2.539
      vertex -7.63160811696595 -2.16733249608195 2.539
   endloop
endfacet
facet normal 0 0 1
   outer loop
      vertex -6.54903557813362 1.71381480923322 2.539
      vertex -6.90418458602375 1.13328235659755 2.539
      vertex -6.35843067250147 1.01904728231458 2.539
   endloop
endfacet
facet normal 0 0 1
   outer loop
      vertex 3.30062603453365 -5.84518100882839 2.539
      vertex 4.10055476352059 -6.20532676677891 2.539
      vertex 4.23454780854938 -5.42050416787633 2.539
   endloop
endfacet
facet normal 0 0 1
   outer loop
      vertex 3.30062603453365 -5.84518100882839 2.539
      vertex 4.23454780854938 -5.42050416787633 2.539
      vertex 3.32645684513134 -4.96144273606913 2.539
   endloop
endfacet
facet normal 0 0 1
   outer loop
      vertex -8.16936826329815 1.92322385720271 2.539
      vertex -7.51874607811012 1.55156184521502 2.539
      vertex -7.73011288801747 2.24159903403448 2.539
   endloop
endfacet
facet normal 0 0 1
   outer loop
      vertex -6.51218298271058 -5.97789309053752 2.539
      vertex -5.97747513473474 -5.56602338516652 2.539
      vertex -6.5076540089288 -5.1698743208468 2.539
   endloop
endfacet
facet normal 0 0 1
   outer loop
      vertex -6.5076540089288 -5.1698743208468 2.539
      vertex -5.97747513473474 -5.56602338516652 2.539
      vertex -5.67319980086321 -4.79502587189841 2.539
   endloop
endfacet
facet normal 0 0 1
   outer loop
      vertex -8.91066445507129 2.08981649795672 2.539
      vertex -9.61504903550105 2.74787773470916 2.539
      vertex -9.80297366505604 1.97527398662 2.539
   endloop
endfacet
facet normal 0 0 1
   outer loop
      vertex 0.275595571681839 -8.41517452043316 2.539
      vertex 0.419631171476752 -7.6655289029029 2.539
      vertex -0.162864201238161 -8.12342382360552 2.539
   endloop
endfacet
facet normal 0 0 1
   outer loop
      vertex 4.06181174653038 6.19274602445398 2.539
      vertex 3.29580521920727 5.84712250247822 2.539
      vertex 4.06398326431882 5.52860777522855 2.539
   endloop
endfacet
facet normal 0 0 1
   outer loop
      vertex 4.06398326431882 5.52860777522855 2.539
      vertex 3.29580521920727 5.84712250247822 2.539
      vertex 3.52138743914447 4.94244175513238 2.539
   endloop
endfacet
facet normal 0 0 1
   outer loop
      vertex -6.49588631554943 -1.69244580629787 2.539
      vertex -7.04723834372415 -2.37417872487723 2.539
      vertex -6.32089840796743 -2.70177898024213 2.539
   endloop
endfacet
facet normal 0 0 1
   outer loop
      vertex -6.49588631554943 -1.69244580629787 2.539
      vertex -6.32089840796743 -2.70177898024213 2.539
      vertex -5.64824023121632 -1.94385965992122 2.539
   endloop
endfacet
facet normal 0 0 1
   outer loop
      vertex -5.9494663081664 5.49656430126966 2.539
      vertex -6.58633888861169 5.83413287730407 2.539
      vertex -6.36877991452475 5.00621768620442 2.539
   endloop
endfacet
facet normal 0 0 1
   outer loop
      vertex -7.12541171309896 2.35742388245315 2.539
      vertex -6.54903557813362 1.71381480923322 2.539
      vertex -6.30888600317937 2.53368893266105 2.539
   endloop
endfacet
facet normal 0 0 1
   outer loop
      vertex -6.30888600317937 2.53368893266105 2.539
      vertex -6.54903557813362 1.71381480923322 2.539
      vertex -5.8581085462096 2.043142394811 2.539
   endloop
endfacet
facet normal 0 0 1
   outer loop
      vertex -5.9494663081664 5.49656430126966 2.539
      vertex -6.36877991452475 5.00621768620442 2.539
      vertex -5.60545616730067 4.87841541637116 2.539
   endloop
endfacet
facet normal 0 0 1
   outer loop
      vertex -1.50000000002581 -2.59807621133841 2.539
      vertex -2.14539054030943 -2.80707316350887 2.539
      vertex -1.51441126189516 -3.21807667711718 2.539
   endloop
endfacet
facet normal 0 0 1
   outer loop
      vertex -3.32152122748314 6.73631871043793 2.539
      vertex -4.14076056909426 6.8897522852994 2.539
      vertex -3.9614951039485 6.14011815953655 2.539
   endloop
endfacet
facet normal 0 0 1
   outer loop
      vertex -3.95823613820285 -6.94548918334996 2.539
      vertex -4.04176372125232 -7.69140306403077 2.539
      vertex -3.37797178661992 -7.33740428979847 2.539
   endloop
endfacet
facet normal 0 0 1
   outer loop
      vertex -3.95823613820285 -6.94548918334996 2.539
      vertex -3.37797178661992 -7.33740428979847 2.539
      vertex -3.25437876660518 -6.70045351292353 2.539
   endloop
endfacet
facet normal 0 0 1
   outer loop
      vertex -6.51218298271058 -5.97789309053752 2.539
      vertex -7.02991555555246 -6.33591261046456 2.539
      vertex -6.4678764070292 -6.74154557762859 2.539
   endloop
endfacet
facet normal 0 0 1
   outer loop
      vertex 7.20722540647369 1.41684914184051 2.539
      vertex 7.72733694736776 2.25549834381122 2.539
      vertex 6.93135403248638 2.25148121757787 2.539
   endloop
endfacet
facet normal 0 0 1
   outer loop
      vertex -5.86831523162495 -6.22764136473246 2.539
      vertex -6.51218298271058 -5.97789309053752 2.539
      vertex -6.4678764070292 -6.74154557762859 2.539
   endloop
endfacet
facet normal 0 0 1
   outer loop
      vertex -7.02991555555246 -6.33591261046456 2.539
      vertex -7.2787879206485 -6.85705814516849 2.539
      vertex -6.4678764070292 -6.74154557762859 2.539
   endloop
endfacet
facet normal 0 0 1
   outer loop
      vertex 7.44489652298662 -4.76669786380165 2.539
      vertex 7.92283111356035 -5.17631630656954 2.539
      vertex 8.17131510649964 -4.52906404373566 2.539
   endloop
endfacet
facet normal 0 0 1
   outer loop
      vertex 0.748300476593289 9.28366950703716 2.539
      vertex 0.596151244184225 9.98221436826807 2.539
      vertex 0.139583053355685 9.49240690345141 2.539
   endloop
endfacet
facet normal 0 0 1
   outer loop
      vertex 0.139583053355685 9.49240690345141 2.539
      vertex 0.596151244184225 9.98221436826807 2.539
      vertex -0.198821924745086 9.99802329674424 2.539
   endloop
endfacet
facet normal 0 0 1
   outer loop
      vertex 0.596151244184228 -9.98221436826808 2.539
      vertex 0.425666996069577 -9.10157641745069 2.539
      vertex -0.201713089304406 -9.46967390893776 2.539
   endloop
endfacet
facet normal 0 0 1
   outer loop
      vertex 0.596151244184228 -9.98221436826808 2.539
      vertex -0.201713089304406 -9.46967390893776 2.539
      vertex -0.198821924745078 -9.99802329674425 2.539
   endloop
endfacet
facet normal 0 0 1
   outer loop
      vertex -8.96993628153692 -1.86707012229883 2.539
      vertex -9.80297366505602 -1.97527398662015 2.539
      vertex -9.12245026357725 -2.60153896406963 2.539
   endloop
endfacet
facet normal 0 0 1
   outer loop
      vertex 7.72668057893951 -2.04769297803335 2.539
      vertex 8.46863901572421 -1.93795398398237 2.539
      vertex 7.95645449207089 -1.387453178362 2.539
   endloop
endfacet
facet normal 0 0 1
   outer loop
      vertex 7.72668057893951 -2.04769297803335 2.539
      vertex 7.95645449207089 -1.387453178362 2.539
      vertex 7.18138833533147 -1.32876793023673 2.539
   endloop
endfacet
facet normal 0 0 1
   outer loop
      vertex -9.12245026357725 -2.60153896406963 2.539
      vertex -9.80297366505602 -1.97527398662015 2.539
      vertex -9.61504903550101 -2.74787773470928 2.539
   endloop
endfacet
facet normal 0 0 1
   outer loop
      vertex 4.41545497561351 8.97238860941332 2.539
      vertex 4.08001982133453 8.18822610473746 2.539
      vertex 4.83603195693872 8.1502574565479 2.539
   endloop
endfacet
facet normal 0 0 1
   outer loop
      vertex 7.52176608491 -4.07990856437026 2.539
      vertex 7.44489652298662 -4.76669786380165 2.539
      vertex 8.17131510649964 -4.52906404373566 2.539
   endloop
endfacet
facet normal 0 0 1
   outer loop
      vertex 7.92283111356035 -5.17631630656954 2.539
      vertex 8.48983361954523 -5.28419578672473 2.539
      vertex 8.17131510649964 -4.52906404373566 2.539
   endloop
endfacet
facet normal 0 0 1
   outer loop
      vertex 4.41545497561351 8.97238860941332 2.539
      vertex 4.83603195693872 8.1502574565479 2.539
      vertex 5.11435479206999 8.59321680518016 2.539
   endloop
endfacet
facet normal 0 0 1
   outer loop
      vertex 4.09884953290593 -8.19404481409727 2.539
      vertex 4.41545497561351 -8.97238860941332 2.539
      vertex 4.84761947695944 -8.15411818555097 2.539
   endloop
endfacet
facet normal 0 0 1
   outer loop
      vertex -0.228122495741804 -8.7177647978734 2.539
      vertex -0.162864201238161 -8.12342382360552 2.539
      vertex -0.748966638092746 -8.25590774469807 2.539
   endloop
endfacet
facet normal 0 0 1
   outer loop
      vertex -0.748966638092746 -8.25590774469807 2.539
      vertex -0.162864201238161 -8.12342382360552 2.539
      vertex -0.497565848679432 -7.59981523171215 2.539
   endloop
endfacet
facet normal 0 0 1
   outer loop
      vertex 4.84761947695944 -8.15411818555097 2.539
      vertex 4.41545497561351 -8.97238860941332 2.539
      vertex 5.11435479207007 -8.59321680518011 2.539
   endloop
endfacet
facet normal 0 0 1
   outer loop
      vertex 1.82599730267466 -3.80838871903171 2.539
      vertex 1.99911840255342 -2.93041227606523 2.539
      vertex 1.25360826163265 -3.27643864338035 2.539
   endloop
endfacet
facet normal 0 0 1
   outer loop
      vertex 1.99911840255342 -2.93041227606523 2.539
      vertex 1.49999999994225 -2.59807621138666 2.539
      vertex 1.25360826163265 -3.27643864338035 2.539
   endloop
endfacet
facet normal 0 0 1
   outer loop
      vertex 0.145715254350245 8.04854099226436 2.539
      vertex -0.658314331787926 8.24639826115866 2.539
      vertex -0.446451618830228 7.34350177512075 2.539
   endloop
endfacet
facet normal 0 0 1
   outer loop
      vertex -4.12985853328694 -0.766692838646502 2.539
      vertex -3.34299221583514 -1.17355057060187 2.539
      vertex -3.4863335024001 -0.368938231768443 2.539
   endloop
endfacet
facet normal 0 0 1
   outer loop
      vertex -4.42931053858602 -5.79292007552711 2.539
      vertex -4.64027685284169 -6.47517567619583 2.539
      vertex -3.86244955245284 -6.15990863089161 2.539
   endloop
endfacet
facet normal 0 0 1
   outer loop
      vertex 3.94953088820203 4.29454693604647 2.539
      vertex 4.55291653402038 5.00299247603868 2.539
      vertex 3.52138743914447 4.94244175513238 2.539
   endloop
endfacet
facet normal 0 0 1
   outer loop
      vertex -3.34299221583514 -1.17355057060187 2.539
      vertex -2.89777746934155 -0.77645717085778 2.539
      vertex -3.4863335024001 -0.368938231768443 2.539
   endloop
endfacet
facet normal 0 0 1
   outer loop
      vertex 6.73396912280914 -2.79776195562798 2.539
      vertex 7.44700809678267 -2.82800881834214 2.539
      vertex 6.94319676071524 -2.15496799637219 2.539
   endloop
endfacet
facet normal 0 0 1
   outer loop
      vertex -3.53408787840942 -3.51078678079949 2.539
      vertex -2.85880138417228 -4.1200073707448 2.539
      vertex -2.83629910015323 -3.11568928116877 2.539
   endloop
endfacet
facet normal 0 0 1
   outer loop
      vertex -7.63160811696595 -2.16733249608195 2.539
      vertex -8.40466617073196 -2.40935382178019 2.539
      vertex -7.71008881357477 -2.92050892856237 2.539
   endloop
endfacet
facet normal 0 0 1
   outer loop
      vertex -7.63160811696595 -2.16733249608195 2.539
      vertex -7.71008881357477 -2.92050892856237 2.539
      vertex -7.04723834372415 -2.37417872487723 2.539
   endloop
endfacet
facet normal 0 0 1
   outer loop
      vertex -2.83629910015323 -3.11568928116877 2.539
      vertex -2.85880138417228 -4.1200073707448 2.539
      vertex -2.16709160115581 -3.47888124940655 2.539
   endloop
endfacet
facet normal 0 0 1
   outer loop
      vertex -9.61504903550105 2.74787773470916 2.539
      vertex -8.74751470368587 2.96920818848369 2.539
      vertex -9.36633497013625 3.5031085091962 2.539
   endloop
endfacet
facet normal 0 0 1
   outer loop
      vertex -8.26686164020674 2.43334921577118 2.539
      vertex -7.73011288801747 2.24159903403448 2.539
      vertex -7.76119920455021 2.9518225174502 2.539
   endloop
endfacet
facet normal 0 0 1
   outer loop
      vertex -7.76119920455021 2.9518225174502 2.539
      vertex -7.73011288801747 2.24159903403448 2.539
      vertex -7.12541171309896 2.35742388245315 2.539
   endloop
endfacet
facet normal 0 0 1
   outer loop
      vertex 2.78657138529397 -4.63868140071469 2.539
      vertex 3.16080391081473 -4.2234107544496 2.539
      vertex 2.6595400652436 -4.01204929632662 2.539
   endloop
endfacet
facet normal 0 0 1
   outer loop
      vertex 4.30058459670778 -2.51466782964828 2.539
      vertex 4.71360899900423 -1.70828857009683 2.539
      vertex 3.74104988222137 -1.93914941228653 2.539
   endloop
endfacet
facet normal 0 0 1
   outer loop
      vertex 2.78657138529397 -4.63868140071469 2.539
      vertex 2.62235863150049 -5.22328905008441 2.539
      vertex 3.32645684513134 -4.96144273606913 2.539
   endloop
endfacet
facet normal 0 0 1
   outer loop
      vertex 3.32645684513134 -4.96144273606913 2.539
      vertex 2.62235863150049 -5.22328905008441 2.539
      vertex 3.30062603453365 -5.84518100882839 2.539
   endloop
endfacet
facet normal 0 0 1
   outer loop
      vertex 3.74104988222137 -1.93914941228653 2.539
      vertex 4.71360899900423 -1.70828857009683 2.539
      vertex 3.92059908214935 -1.19627418694243 2.539
   endloop
endfacet
facet normal 0 0 1
   outer loop
      vertex 3.22689355040001 4.20578836214106 2.539
      vertex 2.79666276529571 4.63911374602175 2.539
      vertex 2.56164978078238 4.05686203701387 2.539
   endloop
endfacet
facet normal 0 0 1
   outer loop
      vertex -3.35182463400287 1.18537761653657 2.539
      vertex -4.14991046090288 0.785095107221865 2.539
      vertex -3.48982964459977 0.415009847510809 2.539
   endloop
endfacet
facet normal 0 0 1
   outer loop
      vertex 2.65646725973997 5.22400809404886 2.539
      vertex 2.79666276529571 4.63911374602175 2.539
      vertex 3.52138743914447 4.94244175513238 2.539
   endloop
endfacet
facet normal 0 0 1
   outer loop
      vertex -5.76948143696285 1.35855695500421 2.539
      vertex -5.20699637823723 1.75060674191897 2.539
      vertex -5.8581085462096 2.043142394811 2.539
   endloop
endfacet
facet normal 0 0 1
   outer loop
      vertex 2.65646725973997 5.22400809404886 2.539
      vertex 3.52138743914447 4.94244175513238 2.539
      vertex 3.29580521920727 5.84712250247822 2.539
   endloop
endfacet
facet normal 0 0 1
   outer loop
      vertex -2.89777746934155 0.776457170857777 2.539
      vertex -3.35182463400287 1.18537761653657 2.539
      vertex -3.48982964459977 0.415009847510809 2.539
   endloop
endfacet
facet normal 0 0 1
   outer loop
      vertex 1.61550296024402 -8.82430769791935 2.539
      vertex 1.10839723418423 -9.27942498217909 2.539
      vertex 1.70204052322695 -9.39757808119118 2.539
   endloop
endfacet
facet normal 0 0 1
   outer loop
      vertex 0.92366638784283 -8.46757866033328 2.539
      vertex 1.10839723418423 -9.27942498217909 2.539
      vertex 1.61550296024402 -8.82430769791935 2.539
   endloop
endfacet
facet normal 0 0 1
   outer loop
      vertex 1.61550296024402 -8.82430769791935 2.539
      vertex 1.49818975488581 -8.16992701058311 2.539
      vertex 0.92366638784283 -8.46757866033328 2.539
   endloop
endfacet
facet normal 0 0 1
   outer loop
      vertex 4.04951776844023 -6.82364881721309 2.539
      vertex 4.47924602077454 -7.50879761928674 2.539
      vertex 4.79751941121548 -6.70722583788803 2.539
   endloop
endfacet
facet normal 0 0 1
   outer loop
      vertex 4.04951776844023 -6.82364881721309 2.539
      vertex 4.79751941121548 -6.70722583788803 2.539
      vertex 4.10055476352059 -6.20532676677891 2.539
   endloop
endfacet
facet normal 0 0 1
   outer loop
      vertex 2.52211425862883 3.39223672166984 2.539
      vertex 3.17092785916853 3.15621287843485 2.539
      vertex 2.96400953643852 3.68791738447905 2.539
   endloop
endfacet
facet normal 0 0 1
   outer loop
      vertex 3.17092785916853 3.15621287843485 2.539
      vertex 3.57887348553714 3.70166141897585 2.539
      vertex 2.96400953643852 3.68791738447905 2.539
   endloop
endfacet
facet normal 0 0 1
   outer loop
      vertex 7.97108235261295 1.49851371047136 2.539
      vertex 7.72733694736776 2.25549834381122 2.539
      vertex 7.20722540647369 1.41684914184051 2.539
   endloop
endfacet
facet normal 0 0 1
   outer loop
      vertex 4.43590065400677 7.4735384452107 2.539
      vertex 4.0269555589284 6.83361099169082 2.539
      vertex 4.77468066520684 6.65322990481766 2.539
   endloop
endfacet
facet normal 0 0 1
   outer loop
      vertex 7.72733694736776 2.25549834381122 2.539
      vertex 8.49070156996043 1.88908364181268 2.539
      vertex 8.36295396635988 2.56248458353132 2.539
   endloop
endfacet
facet normal 0 0 1
   outer loop
      vertex 4.77468066520684 6.65322990481766 2.539
      vertex 4.0269555589284 6.83361099169082 2.539
      vertex 4.06181174653038 6.19274602445398 2.539
   endloop
endfacet
facet normal 0 0 1
   outer loop
      vertex -5.19915651901311 -1.5041232123429 2.539
      vertex -4.89230087626355 -1.96989610579079 2.539
      vertex -4.55657409271756 -1.54156265009598 2.539
   endloop
endfacet
facet normal 0 0 1
   outer loop
      vertex 8.49070156996043 1.88908364181268 2.539
      vertex 7.72733694736776 2.25549834381122 2.539
      vertex 7.97108235261295 1.49851371047136 2.539
   endloop
endfacet
facet normal 0 0 1
   outer loop
      vertex -8.91326562402722 0.679126531313181 2.539
      vertex -9.21681498155043 1.32282999757118 2.539
      vertex -9.5259652629095 0.762795250438069 2.539
   endloop
endfacet
facet normal 0 0 1
   outer loop
      vertex -5.19915651901311 -1.5041232123429 2.539
      vertex -5.7243730062484 -1.20389416588823 2.539
      vertex -5.64824023121632 -1.94385965992122 2.539
   endloop
endfacet
facet normal 0 0 1
   outer loop
      vertex -5.64824023121632 -1.94385965992122 2.539
      vertex -5.7243730062484 -1.20389416588823 2.539
      vertex -6.49588631554943 -1.69244580629787 2.539
   endloop
endfacet
facet normal 0 0 1
   outer loop
      vertex -8.42045625508511 1.29979269303616 2.539
      vertex -9.21681498155043 1.32282999757118 2.539
      vertex -8.91326562402722 0.679126531313181 2.539
   endloop
endfacet
facet normal 0 0 1
   outer loop
      vertex -8.91326562402722 0.679126531313181 2.539
      vertex -8.30367695148402 0.632313492099744 2.539
      vertex -8.42045625508511 1.29979269303616 2.539
   endloop
endfacet
facet normal 0 0 1
   outer loop
      vertex -4.89230087626355 -1.96989610579079 2.539
      vertex -5.64824023121632 -1.94385965992122 2.539
      vertex -5.25682626225603 -2.5910196889654 2.539
   endloop
endfacet
facet normal 0 0 1
   outer loop
      vertex 1.55598686831511 9.02012406673979 2.539
      vertex 2.3496672864139 9.0587757556127 2.539
      vertex 2.16978805579826 9.76176314980625 2.539
   endloop
endfacet
facet normal 0 0 1
   outer loop
      vertex 2.05028981134643 8.33076659172306 2.539
      vertex 2.3496672864139 9.0587757556127 2.539
      vertex 1.55598686831511 9.02012406673979 2.539
   endloop
endfacet
facet normal 0 0 1
   outer loop
      vertex 1.55598686831511 9.02012406673979 2.539
      vertex 1.42312406914063 8.27544609509328 2.539
      vertex 2.05028981134643 8.33076659172306 2.539
   endloop
endfacet
facet normal 0 0 1
   outer loop
      vertex -4.65213107971204 2.01888468342356 2.539
      vertex -4.58134400129855 1.45275205687641 2.539
      vertex -3.82159793002792 1.71016172406856 2.539
   endloop
endfacet
facet normal 0 0 1
   outer loop
      vertex 3.16080391081473 -4.2234107544496 2.539
      vertex 3.32645684513134 -4.96144273606913 2.539
      vertex 3.85383330009583 -4.41759003446136 2.539
   endloop
endfacet
facet normal 0 0 1
   outer loop
      vertex -4.14991046090288 0.785095107221865 2.539
      vertex -4.05838367827787 0.0771404892035381 2.539
      vertex -3.48982964459977 0.415009847510809 2.539
   endloop
endfacet
facet normal 0 0 1
   outer loop
      vertex -4.12985853328694 -0.766692838646502 2.539
      vertex -4.05838367827787 0.0771404892035381 2.539
      vertex -4.82635105137799 0.0402270685002115 2.539
   endloop
endfacet
facet normal 0 0 1
   outer loop
      vertex 3.52138743914447 4.94244175513238 2.539
      vertex 3.22689355040001 4.20578836214106 2.539
      vertex 3.94953088820203 4.29454693604647 2.539
   endloop
endfacet
facet normal 0 0 1
   outer loop
      vertex -5.76948143696285 1.35855695500421 2.539
      vertex -5.8581085462096 2.043142394811 2.539
      vertex -6.54903557813362 1.71381480923322 2.539
   endloop
endfacet
facet normal 0 0 1
   outer loop
      vertex -4.05838367827787 0.0771404892035381 2.539
      vertex -4.14991046090288 0.785095107221865 2.539
      vertex -4.82635105137799 0.0402270685002115 2.539
   endloop
endfacet
facet normal 0 0 1
   outer loop
      vertex 0.286516181120597 -4.251624164975 2.539
      vertex 0.971117675105958 -3.94809704608601 2.539
      vertex 0.494060232593226 -3.48886306479061 2.539
   endloop
endfacet
facet normal 0 0 1
   outer loop
      vertex 6.78104206836674 -6.39122909358746 2.539
      vertex 6.14948478529686 -6.86986400277738 2.539
      vertex 7.0004207521695 -7.14101598461974 2.539
   endloop
endfacet
facet normal 0 0 1
   outer loop
      vertex 1.82599730267466 -3.80838871903171 2.539
      vertex 0.971117675105958 -3.94809704608601 2.539
      vertex 1.18401924796348 -4.66594161652509 2.539
   endloop
endfacet
facet normal 0 0 1
   outer loop
      vertex 6.2355149666986 6.81453459864235 2.539
      vertex 6.83231042218755 6.32275372033948 2.539
      vertex 7.00042075216948 7.14101598461976 2.539
   endloop
endfacet
facet normal 0 0 1
   outer loop
      vertex 0.971117675105958 -3.94809704608601 2.539
      vertex 0.286516181120597 -4.251624164975 2.539
      vertex 1.18401924796348 -4.66594161652509 2.539
   endloop
endfacet
facet normal 0 0 1
   outer loop
      vertex -7.91223648084601 -4.92100415041856 2.539
      vertex -8.21320717348097 -4.18770357532511 2.539
      vertex -8.69320272134852 -4.94249192670446 2.539
   endloop
endfacet
facet normal 0 0 1
   outer loop
      vertex 2.95744291113955 1.99515794824792 2.539
      vertex 3.28084055448545 1.37171273236816 2.539
      vertex 3.63353441117925 1.97518250630878 2.539
   endloop
endfacet
facet normal 0 0 1
   outer loop
      vertex -8.16354511638508 4.32502550294312 2.539
      vertex -7.73934172472328 4.94943038408224 2.539
      vertex -8.69320272134858 4.94249192670434 2.539
   endloop
endfacet
facet normal 0 0 1
   outer loop
      vertex -6.71098418435938 7.41368270681165 2.539
      vertex -6.13256380613216 7.32162045000852 2.539
      vertex -6.10075129623211 7.92343572079197 2.539
   endloop
endfacet
facet normal 0 0 1
   outer loop
      vertex -0.683636069271099 -4.97468251467415 2.539
      vertex -0.366570266503988 -5.45535763300514 2.539
      vertex -0.1476529122735 -4.73673886665066 2.539
   endloop
endfacet
facet normal 0 0 1
   outer loop
      vertex -0.683636069271099 -4.97468251467415 2.539
      vertex -0.1476529122735 -4.73673886665066 2.539
      vertex -0.593036665006554 -4.2245203603469 2.539
   endloop
endfacet
facet normal 0 0 1
   outer loop
      vertex 0.110688400644843 -5.9666994058377 2.539
      vertex -0.366570266503988 -5.45535763300514 2.539
      vertex -0.750577284606088 -6.35092454548881 2.539
   endloop
endfacet
facet normal 0 0 1
   outer loop
      vertex 4.07336807553777 1.33583249889909 2.539
      vertex 3.63353441117925 1.97518250630878 2.539
      vertex 3.28084055448545 1.37171273236816 2.539
   endloop
endfacet
facet normal 0 0 1
   outer loop
      vertex 0.110688400644843 -5.9666994058377 2.539
      vertex -0.750577284606088 -6.35092454548881 2.539
      vertex -0.0731688902374206 -6.83330664502566 2.539
   endloop
endfacet
facet normal 0 0 1
   outer loop
      vertex 2.95744291113955 1.99515794824792 2.539
      vertex 2.59807624304469 1.49999994510894 2.539
      vertex 3.28084055448545 1.37171273236816 2.539
   endloop
endfacet
facet normal 0 0 1
   outer loop
      vertex -0.3269848530287 5.43729249680753 2.539
      vertex -0.691326525374938 4.97395927109989 2.539
      vertex -0.152835756005327 4.73832077775901 2.539
   endloop
endfacet
facet normal 0 0 1
   outer loop
      vertex -2.6913532361451 2.3085311646667 2.539
      vertex -2.15957896864535 2.79320539883027 2.539
      vertex -2.84064175862619 2.91357343069931 2.539
   endloop
endfacet
facet normal 0 0 1
   outer loop
      vertex -0.152835756005327 4.73832077775901 2.539
      vertex -0.691326525374938 4.97395927109989 2.539
      vertex -0.600707023360595 4.22401885978466 2.539
   endloop
endfacet
facet normal 0 0 1
   outer loop
      vertex -0.3269848530287 5.43729249680753 2.539
      vertex 0.147262867102596 5.94867383680045 2.539
      vertex -0.586502582835962 6.31627860025997 2.539
   endloop
endfacet
facet normal 0 0 1
   outer loop
      vertex -0.586502582835962 6.31627860025997 2.539
      vertex 0.147262867102596 5.94867383680045 2.539
      vertex -0.0330015756002471 6.75456588442768 2.539
   endloop
endfacet
facet normal 0 0 1
   outer loop
      vertex -2.32093818635742 3.57338463409962 2.539
      vertex -2.84064175862619 2.91357343069931 2.539
      vertex -2.15957896864535 2.79320539883027 2.539
   endloop
endfacet
facet normal 0 0 1
   outer loop
      vertex -0.586502582835962 6.31627860025997 2.539
      vertex -0.0330015756002471 6.75456588442768 2.539
      vertex -0.446451618830228 7.34350177512075 2.539
   endloop
endfacet
facet normal 0 0 1
   outer loop
      vertex -2.03782410696768 -9.07827272999837 2.539
      vertex -2.0144966513039 -8.30074082593456 2.539
      vertex -2.74541512101217 -8.73698733037752 2.539
   endloop
endfacet
facet normal 0 0 1
   outer loop
      vertex -2.03782410696768 -9.07827272999837 2.539
      vertex -2.74541512101217 -8.73698733037752 2.539
      vertex -2.55616654190729 -9.66778219707259 2.539
   endloop
endfacet
facet normal 0 0 1
   outer loop
      vertex -2.6913532361451 2.3085311646667 2.539
      vertex -2.12132028332661 2.12132040379267 2.539
      vertex -2.15957896864535 2.79320539883027 2.539
   endloop
endfacet
facet normal 0 0 1
   outer loop
      vertex -2.79767727269987 8.86158101588207 2.539
      vertex -1.99630113536404 8.95150457608204 2.539
      vertex -2.55616654190727 9.6677821970726 2.539
   endloop
endfacet
facet normal 0 0 1
   outer loop
      vertex 5.50512220733792 -1.10157250663266 2.539
      vertex 5.01922529632242 -0.564801395525427 2.539
      vertex 4.67245678149908 -0.990328319806135 2.539
   endloop
endfacet
facet normal 0 0 1
   outer loop
      vertex 4.67245678149908 -0.990328319806135 2.539
      vertex 5.01922529632242 -0.564801395525427 2.539
      vertex 4.20372830089949 -0.380704940090917 2.539
   endloop
endfacet
facet normal 0 0 1
   outer loop
      vertex 0.951368095531882 3.97712238443525 2.539
      vertex 0.279132579757295 4.25856466486234 2.539
      vertex 0.483032950401874 3.49850345163301 2.539
   endloop
endfacet
facet normal 0 0 1
   outer loop
      vertex 5.50512220733792 -1.10157250663266 2.539
      vertex 6.35503452433497 -1.57683655929128 2.539
      vertex 6.4538689756799 -0.725721916298724 2.539
   endloop
endfacet
facet normal 0 0 1
   outer loop
      vertex 6.4538689756799 -0.725721916298724 2.539
      vertex 6.35503452433497 -1.57683655929128 2.539
      vertex 7.18138833533147 -1.32876793023673 2.539
   endloop
endfacet
facet normal 0 0 1
   outer loop
      vertex 5.05093761518672 0.608658670999052 2.539
      vertex 5.55848672119265 1.12621234251078 2.539
      vertex 4.7596387693453 1.04951887646801 2.539
   endloop
endfacet
facet normal 0 0 1
   outer loop
      vertex 0.951368095531882 3.97712238443525 2.539
      vertex 1.76068623024912 3.81692553623086 2.539
      vertex 1.17241618103705 4.67562711307236 2.539
   endloop
endfacet
facet normal 0 0 1
   outer loop
      vertex 5.05093761518672 0.608658670999052 2.539
      vertex 4.7596387693453 1.04951887646801 2.539
      vertex 4.22712006340355 0.491211653586197 2.539
   endloop
endfacet
facet normal 0 0 1
   outer loop
      vertex 6.39598696239023 1.65302862522383 2.539
      vertex 5.55848672119265 1.12621234251078 2.539
      vertex 6.48943997802979 0.757072999331987 2.539
   endloop
endfacet
facet normal 0 0 1
   outer loop
      vertex 6.39598696239023 1.65302862522383 2.539
      vertex 6.48943997802979 0.757072999331987 2.539
      vertex 7.20722540647369 1.41684914184051 2.539
   endloop
endfacet
facet normal 0 0 1
   outer loop
      vertex 0.279132579757295 4.25856466486234 2.539
      vertex 0.951368095531882 3.97712238443525 2.539
      vertex 1.17241618103705 4.67562711307236 2.539
   endloop
endfacet
facet normal 0 0 1
   outer loop
      vertex 9.27640065393696 0.476167052893754 2.539
      vertex 9.19572971583007 -0.428838948682111 2.539
      vertex 10 0 2.539
   endloop
endfacet
facet normal 0 0 1
   outer loop
      vertex -2.53798244787723 -7.99411920382745 2.539
      vertex -2.74541512101217 -8.73698733037752 2.539
      vertex -2.0144966513039 -8.30074082593456 2.539
   endloop
endfacet
facet normal 0 0 1
   outer loop
      vertex -2.35666955310609 -4.800980650044 2.539
      vertex -1.77561776650247 -4.64736193607079 2.539
      vertex -2.12473412570048 -4.21701626631232 2.539
   endloop
endfacet
facet normal 0 0 1
   outer loop
      vertex 1.97406350367987 2.97979003216043 2.539
      vertex 1.76068623024912 3.81692553623086 2.539
      vertex 1.23891156057195 3.29446892856549 2.539
   endloop
endfacet
facet normal 0 0 1
   outer loop
      vertex -2.12473412570048 -4.21701626631232 2.539
      vertex -1.77561776650247 -4.64736193607079 2.539
      vertex -1.4442486307923 -3.96418206197707 2.539
   endloop
endfacet
facet normal 0 0 1
   outer loop
      vertex -3.03090217555121 -5.95011764434609 2.539
      vertex -2.5055176102354 -6.69700980727771 2.539
      vertex -2.20755239380617 -6.12319523741456 2.539
   endloop
endfacet
facet normal 0 0 1
   outer loop
      vertex -2.20755239380617 -6.12319523741456 2.539
      vertex -2.49501338948039 -5.45562415885149 2.539
      vertex -3.03090217555121 -5.95011764434609 2.539
   endloop
endfacet
facet normal 0 0 1
   outer loop
      vertex 8.88282612557944 4.59297289592736 2.539
      vertex 8.64619564316463 4.05677773273777 2.539
      vertex 9.21965858883562 3.872711647581 2.539
   endloop
endfacet
facet normal 0 0 1
   outer loop
      vertex -1.83615259425168 4.72657290207152 2.539
      vertex -2.5138042248078 5.07014988163851 2.539
      vertex -2.20187612385814 4.32345369318396 2.539
   endloop
endfacet
facet normal 0 0 1
   outer loop
      vertex -1.83615259425168 4.72657290207152 2.539
      vertex -2.20187612385814 4.32345369318396 2.539
      vertex -1.46916854790442 3.96017989663387 2.539
   endloop
endfacet
facet normal 0 0 1
   outer loop
      vertex -3.22683208034605 5.71880362338134 2.539
      vertex -2.5138042248078 5.07014988163851 2.539
      vertex -2.54489614629962 6.00233592936281 2.539
   endloop
endfacet
facet normal 0 0 1
   outer loop
      vertex 5.69713336250112 7.60574626297302 2.539
      vertex 5.78092000447838 8.15971592041179 2.539
      vertex 5.18954149412951 7.5144588543373 2.539
   endloop
endfacet
facet normal 0 0 1
   outer loop
      vertex -3.22683208034605 5.71880362338134 2.539
      vertex -2.54489614629962 6.00233592936281 2.539
      vertex -3.32152122748314 6.73631871043793 2.539
   endloop
endfacet
facet normal 0 0 1
   outer loop
      vertex 5.69713336250112 7.60574626297302 2.539
      vertex 5.6434185951631 7.07791080128501 2.539
      vertex 6.41093638256726 7.67462668138818 2.539
   endloop
endfacet
facet normal 0 0 1
   outer loop
      vertex -3.99831720489622 -3.06247081722634 2.539
      vertex -4.25086993065822 -3.72547293143051 2.539
      vertex -3.53408787840942 -3.51078678079949 2.539
   endloop
endfacet
facet normal 0 0 1
   outer loop
      vertex 5.6434185951631 7.07791080128501 2.539
      vertex 5.69713336250112 7.60574626297302 2.539
      vertex 5.18954149412951 7.5144588543373 2.539
   endloop
endfacet
facet normal 0 0 1
   outer loop
      vertex -3.99831720489622 -3.06247081722634 2.539
      vertex -3.53408787840942 -3.51078678079949 2.539
      vertex -3.47837245068302 -2.58123441747795 2.539
   endloop
endfacet
facet normal 0 0 1
   outer loop
      vertex -4.41418713938311 -4.40111116742667 2.539
      vertex -4.25086993065822 -3.72547293143051 2.539
      vertex -5.04937707647192 -4.02824945445342 2.539
   endloop
endfacet
facet normal 0 0 1
   outer loop
      vertex -4.41418713938311 -4.40111116742667 2.539
      vertex -5.04937707647192 -4.02824945445342 2.539
      vertex -4.9605491105589 -4.80251696495059 2.539
   endloop
endfacet
facet normal 0 0 1
   outer loop
      vertex 5.78092000447838 8.15971592041179 2.539
      vertex 5.69713336250112 7.60574626297302 2.539
      vertex 6.41093638256726 7.67462668138818 2.539
   endloop
endfacet
facet normal 0 0 1
   outer loop
      vertex -4.9605491105589 -4.80251696495059 2.539
      vertex -5.04937707647192 -4.02824945445342 2.539
      vertex -5.67319980086321 -4.79502587189841 2.539
   endloop
endfacet
facet normal 0 0 1
   outer loop
      vertex -4.23729398573908 3.72221285785128 2.539
      vertex -3.98981899495744 3.05260629052895 2.539
      vertex -3.34273441581789 3.50950410249415 2.539
   endloop
endfacet
facet normal 0 0 1
   outer loop
      vertex -3.34273441581789 3.50950410249415 2.539
      vertex -3.98981899495744 3.05260629052895 2.539
      vertex -3.45947459212059 2.56251518570546 2.539
   endloop
endfacet
facet normal 0 0 1
   outer loop
      vertex 1.49999999994224 2.59807621138666 2.539
      vertex 1.97406350367987 2.97979003216043 2.539
      vertex 1.23891156057195 3.29446892856549 2.539
   endloop
endfacet
facet normal 0 0 1
   outer loop
      vertex -4.23729398573908 3.72221285785128 2.539
      vertex -4.40913575752478 4.41716782384035 2.539
      vertex -5.06435382021016 4.09250787108353 2.539
   endloop
endfacet
facet normal 0 0 1
   outer loop
      vertex -5.06435382021016 4.09250787108353 2.539
      vertex -4.40913575752478 4.41716782384035 2.539
      vertex -4.95743826212335 4.83521217608423 2.539
   endloop
endfacet
facet normal 0 0 1
   outer loop
      vertex -5.06435382021016 4.09250787108353 2.539
      vertex -4.95743826212335 4.83521217608423 2.539
      vertex -5.60545616730067 4.87841541637116 2.539
   endloop
endfacet
facet normal 0 0 1
   outer loop
      vertex 6.2355149666986 6.81453459864235 2.539
      vertex 5.6434185951631 7.07791080128501 2.539
      vertex 5.55270469987563 6.20486850555493 2.539
   endloop
endfacet
facet normal 0 0 1
   outer loop
      vertex -6.06084710414137 -7.31699100337926 2.539
      vertex -6.71098418435935 -7.41368270681169 2.539
      vertex -6.1007512962321 -7.92343572079198 2.539
   endloop
endfacet
facet normal 0 0 1
   outer loop
      vertex 3.98732445028907 -3.07783625584911 2.539
      vertex 4.69204339261743 -3.15285509715208 2.539
      vertex 4.30058459670778 -2.51466782964828 2.539
   endloop
endfacet
facet normal 0 0 1
   outer loop
      vertex 3.98732445028907 -3.07783625584911 2.539
      vertex 4.30058459670778 -2.51466782964828 2.539
      vertex 3.38911443910107 -2.69793582158752 2.539
   endloop
endfacet
facet normal 0 0 1
   outer loop
      vertex 5.38606335328775 -3.13835578340733 2.539
      vertex 4.69204339261743 -3.15285509715208 2.539
      vertex 5.18802610316736 -3.84907018112212 2.539
   endloop
endfacet
facet normal 0 0 1
   outer loop
      vertex 5.38606335328775 -3.13835578340733 2.539
      vertex 5.18802610316736 -3.84907018112212 2.539
      vertex 5.91250334907346 -3.56520895858329 2.539
   endloop
endfacet
facet normal 0 0 1
   outer loop
      vertex 5.91250334907346 -3.56520895858329 2.539
      vertex 5.18802610316736 -3.84907018112212 2.539
      vertex 6.08459203970475 -4.25768302922079 2.539
   endloop
endfacet
facet normal 0 0 1
   outer loop
      vertex 4.68480895842738 3.14027880245342 2.539
      vertex 3.97525908239095 3.0962125906106 2.539
      vertex 4.28645502978254 2.3235093621506 2.539
   endloop
endfacet
facet normal 0 0 1
   outer loop
      vertex 4.28645502978254 2.3235093621506 2.539
      vertex 3.97525908239095 3.0962125906106 2.539
      vertex 3.45416132308554 2.53366462475837 2.539
   endloop
endfacet
facet normal 0 0 1
   outer loop
      vertex 4.68480895842738 3.14027880245342 2.539
      vertex 5.39986346092046 3.12940342610237 2.539
      vertex 5.24418536509105 3.82892109617534 2.539
   endloop
endfacet
facet normal 0 0 1
   outer loop
      vertex 5.24418536509105 3.82892109617534 2.539
      vertex 5.39986346092046 3.12940342610237 2.539
      vertex 5.93864942442473 3.54655828731069 2.539
   endloop
endfacet
facet normal 0 0 1
   outer loop
      vertex 5.24418536509105 3.82892109617534 2.539
      vertex 5.93864942442473 3.54655828731069 2.539
      vertex 6.13398079052099 4.15126301568695 2.539
   endloop
endfacet
facet normal 0 0 1
   outer loop
      vertex 5.47685465320038 -7.0050873980591 2.539
      vertex 6.14948478529686 -6.86986400277738 2.539
      vertex 5.47894939949988 -6.27397034990073 2.539
   endloop
endfacet
facet normal 0 0 1
   outer loop
      vertex 3.77791396316925 -7.45712058583158 2.539
      vertex 4.09884953290593 -8.19404481409727 2.539
      vertex 4.47924602077454 -7.50879761928674 2.539
   endloop
endfacet
facet normal 0 0 1
   outer loop
      vertex -6.97665465554321 6.33078577561937 2.539
      vertex -6.58633888861169 5.83413287730407 2.539
      vertex -6.34076521826706 6.67931120501402 2.539
   endloop
endfacet
facet normal 0 0 1
   outer loop
      vertex 4.08001982133453 8.18822610473746 2.539
      vertex 3.72004623469277 7.4684483419067 2.539
      vertex 4.43590065400677 7.4735384452107 2.539
   endloop
endfacet
facet normal 0 0 1
   outer loop
      vertex 8.62342791724977 -3.988553963311 2.539
      vertex 8.88282612557943 -4.59297289592737 2.539
      vertex 9.21965858883561 -3.87271164758103 2.539
   endloop
endfacet
facet normal 0 0 1
   outer loop
      vertex 1.81873245488025 -5.31039533026127 2.539
      vertex 2.09793553779798 -4.5892453537643 2.539
      vertex 1.18401924796348 -4.66594161652509 2.539
   endloop
endfacet
facet normal 0 0 1
   outer loop
      vertex 1.18401924796348 -4.66594161652509 2.539
      vertex 2.09793553779798 -4.5892453537643 2.539
      vertex 1.82599730267466 -3.80838871903171 2.539
   endloop
endfacet
facet normal 0 0 1
   outer loop
      vertex 1.81873245488025 -5.31039533026127 2.539
      vertex 1.62179453493069 -6.01137874819619 2.539
      vertex 2.40382953205382 -5.99478847453011 2.539
   endloop
endfacet
facet normal 0 0 1
   outer loop
      vertex 2.40382953205382 -5.99478847453011 2.539
      vertex 1.62179453493069 -6.01137874819619 2.539
      vertex 1.89399189789892 -6.63573056476871 2.539
   endloop
endfacet
facet normal 0 0 1
   outer loop
      vertex 2.40382953205382 -5.99478847453011 2.539
      vertex 1.89399189789892 -6.63573056476871 2.539
      vertex 2.4712051440355 -7.0103109994379 2.539
   endloop
endfacet
facet normal 0 0 1
   outer loop
      vertex -8.16354511638508 4.32502550294312 2.539
      vertex -8.39247188429153 3.63177879429417 2.539
      vertex -7.48982190794312 3.8103985021454 2.539
   endloop
endfacet
facet normal 0 0 1
   outer loop
      vertex 2.0995323436821 4.59919047154067 2.539
      vertex 1.82017546249177 5.31547364391408 2.539
      vertex 1.17241618103705 4.67562711307236 2.539
   endloop
endfacet
facet normal 0 0 1
   outer loop
      vertex 2.0995323436821 4.59919047154067 2.539
      vertex 1.17241618103705 4.67562711307236 2.539
      vertex 1.76068623024912 3.81692553623086 2.539
   endloop
endfacet
facet normal 0 0 1
   outer loop
      vertex 1.62430111220462 6.01984095666064 2.539
      vertex 1.82017546249177 5.31547364391408 2.539
      vertex 2.40524032861848 6.00070644520608 2.539
   endloop
endfacet
facet normal 0 0 1
   outer loop
      vertex 1.62430111220462 6.01984095666064 2.539
      vertex 2.40524032861848 6.00070644520608 2.539
      vertex 1.89408608723811 6.64466711518091 2.539
   endloop
endfacet
facet normal 0 0 1
   outer loop
      vertex 1.89408608723811 6.64466711518091 2.539
      vertex 2.40524032861848 6.00070644520608 2.539
      vertex 2.45660988730633 7.01314398173378 2.539
   endloop
endfacet
facet normal 0 0 1
   outer loop
      vertex -8.17581056958715 -1.74427541776573 2.539
      vertex -8.96993628153692 -1.86707012229883 2.539
      vertex -8.40466617073196 -2.40935382178019 2.539
   endloop
endfacet
facet normal 0 0 1
   outer loop
      vertex -6.58633888861169 5.83413287730407 2.539
      vertex -5.92495593094119 6.04499052634769 2.539
      vertex -6.34076521826706 6.67931120501402 2.539
   endloop
endfacet
facet normal 0 0 1
   outer loop
      vertex 7.9038634430553 5.12547903141741 2.539
      vertex 7.23749613005039 4.88123265186028 2.539
      vertex 8.06532245584907 4.42329501130307 2.539
   endloop
endfacet
facet normal 0 0 1
   outer loop
      vertex -8.17174629244628 -3.50215582795772 2.539
      vertex -8.21320717348097 -4.18770357532511 2.539
      vertex -7.46487567192874 -3.68971151321683 2.539
   endloop
endfacet
facet normal 0 0 1
   outer loop
      vertex -8.91066445507129 2.08981649795672 2.539
      vertex -8.16936826329815 1.92322385720271 2.539
      vertex -8.26686164020674 2.43334921577118 2.539
   endloop
endfacet
facet normal 0 0 1
   outer loop
      vertex -8.52925305501925 0.0911117451895898 2.539
      vertex -7.67926331990088 0.236099103816283 2.539
      vertex -8.30367695148402 0.632313492099744 2.539
   endloop
endfacet
facet normal 0 0 1
   outer loop
      vertex 7.23749613005039 4.88123265186028 2.539
      vertex 7.36115306042692 4.18114971037751 2.539
      vertex 8.06532245584907 4.42329501130307 2.539
   endloop
endfacet
facet normal 0 0 1
   outer loop
      vertex 1.10839723418423 -9.27942498217909 2.539
      vertex 0.92366638784283 -8.46757866033328 2.539
      vertex 0.425666996069577 -9.10157641745069 2.539
   endloop
endfacet
facet normal 0 0 1
   outer loop
      vertex 9.1565255171372 -1.80526730786248 2.539
      vertex 8.46863901572421 -1.93795398398237 2.539
      vertex 8.9703724967267 -2.49957178931696 2.539
   endloop
endfacet
facet normal 0 0 1
   outer loop
      vertex 0.425666996069577 -9.10157641745069 2.539
      vertex 0.275595571681839 -8.41517452043316 2.539
      vertex -0.228122495741804 -8.7177647978734 2.539
   endloop
endfacet
facet normal 0 0 1
   outer loop
      vertex 2.09241371855588 -8.27034366981331 2.539
      vertex 1.73668469250927 -7.47029393283644 2.539
      vertex 1.49818975488581 -8.16992701058311 2.539
   endloop
endfacet
facet normal 0 0 1
   outer loop
      vertex 8.46863901572421 -1.93795398398237 2.539
      vertex 8.26515757999336 -2.56409404550516 2.539
      vertex 8.9703724967267 -2.49957178931696 2.539
   endloop
endfacet
facet normal 0 0 1
   outer loop
      vertex 9.71669346596542 -2.36344411579053 2.539
      vertex 9.1565255171372 -1.80526730786248 2.539
      vertex 8.9703724967267 -2.49957178931696 2.539
   endloop
endfacet
facet normal 0 0 1
   outer loop
      vertex -4.09113514588045 -8.38944650145535 2.539
      vertex -4.04176372125232 -7.69140306403077 2.539
      vertex -4.71146695265894 -8.03280324967198 2.539
   endloop
endfacet
facet normal 0 0 1
   outer loop
      vertex -1.314845438224 8.57588581656139 2.539
      vertex -1.99630113536404 8.95150457608204 2.539
      vertex -1.77585802854168 8.24872910546198 2.539
   endloop
endfacet
facet normal 0 0 1
   outer loop
      vertex -1.314845438224 8.57588581656139 2.539
      vertex -1.77585802854168 8.24872910546198 2.539
      vertex -1.30251093809098 7.68995302712026 2.539
   endloop
endfacet
facet normal 0 0 1
   outer loop
      vertex 1.67705847247995 7.48131167644074 2.539
      vertex 2.05028981134643 8.33076659172306 2.539
      vertex 1.42312406914063 8.27544609509328 2.539
   endloop
endfacet
facet normal 0 0 1
   outer loop
      vertex 1.25360826163265 -3.27643864338035 2.539
      vertex 0.776457099901024 -2.89777748835436 2.539
      vertex 0.494060232593226 -3.48886306479061 2.539
   endloop
endfacet
facet normal 0 0 1
   outer loop
      vertex 0.776457099901024 -2.89777748835436 2.539
      vertex 1.25360826163265 -3.27643864338035 2.539
      vertex 1.49999999994225 -2.59807621138666 2.539
   endloop
endfacet
facet normal 0 0 1
   outer loop
      vertex -5.61455732124816 -0.410350543445494 2.539
      vertex -4.97157827248772 -0.877031689760297 2.539
      vertex -4.82635105137799 0.0402270685002115 2.539
   endloop
endfacet
facet normal 0 0 1
   outer loop
      vertex -4.82635105137799 0.0402270685002115 2.539
      vertex -4.97157827248772 -0.877031689760297 2.539
      vertex -4.12985853328694 -0.766692838646502 2.539
   endloop
endfacet
facet normal 0 0 1
   outer loop
      vertex 6.84264757824968 -3.59438398598374 2.539
      vertex 7.52176608491 -4.07990856437026 2.539
      vertex 7.59350903894384 -3.48156039274213 2.539
   endloop
endfacet
facet normal 0 0 1
   outer loop
      vertex -3.4863335024001 -0.368938231768443 2.539
      vertex -3 0 2.539
      vertex -3.48982964459977 0.415009847510809 2.539
   endloop
endfacet
facet normal 0 0 1
   outer loop
      vertex -5.61455732124816 -0.410350543445494 2.539
      vertex -6.24200402778554 -0.0370685804284392 2.539
      vertex -6.41681938183821 -0.795554083891945 2.539
   endloop
endfacet
facet normal 0 0 1
   outer loop
      vertex -3 0 2.539
      vertex -3.4863335024001 -0.368938231768443 2.539
      vertex -2.89777746934155 -0.77645717085778 2.539
   endloop
endfacet
facet normal 0 0 1
   outer loop
      vertex -6.41681938183821 -0.795554083891945 2.539
      vertex -6.24200402778554 -0.0370685804284392 2.539
      vertex -6.91425597042334 -0.135338672570152 2.539
   endloop
endfacet
facet normal 0 0 1
   outer loop
      vertex 7.36115306042692 4.18114971037751 2.539
      vertex 6.84824308025387 3.62350239822712 2.539
      vertex 7.64910270297519 3.64574639481689 2.539
   endloop
endfacet
facet normal 0 0 1
   outer loop
      vertex -6.41681938183821 -0.795554083891945 2.539
      vertex -6.91425597042334 -0.135338672570152 2.539
      vertex -7.41618315146515 -0.59547077209313 2.539
   endloop
endfacet
facet normal 0 0 1
   outer loop
      vertex 0.776457099901028 2.89777748835436 2.539
      vertex 1.23891156057195 3.29446892856549 2.539
      vertex 0.483032950401874 3.49850345163301 2.539
   endloop
endfacet
facet normal 0 0 1
   outer loop
      vertex 1.23891156057195 3.29446892856549 2.539
      vertex 0.776457099901028 2.89777748835436 2.539
      vertex 1.49999999994224 2.59807621138666 2.539
   endloop
endfacet
facet normal 0 0 1
   outer loop
      vertex -5.05606841255723 0.980308675579993 2.539
      vertex -5.8023271379659 0.494614113439152 2.539
      vertex -4.82635105137799 0.0402270685002115 2.539
   endloop
endfacet
facet normal 0 0 1
   outer loop
      vertex -5.05606841255723 0.980308675579993 2.539
      vertex -4.82635105137799 0.0402270685002115 2.539
      vertex -4.14991046090288 0.785095107221865 2.539
   endloop
endfacet
facet normal 0 0 1
   outer loop
      vertex -5.22616167509931 -5.69443168882374 2.539
      vertex -5.86831523162495 -6.22764136473246 2.539
      vertex -5.30865764483915 -6.44991023406532 2.539
   endloop
endfacet
facet normal 0 0 1
   outer loop
      vertex -4.04176372125232 -7.69140306403077 2.539
      vertex -4.59371444386482 -7.33391944785216 2.539
      vertex -4.71146695265894 -8.03280324967198 2.539
   endloop
endfacet
facet normal 0 0 1
   outer loop
      vertex -4.76867600053793 -8.78975137315576 2.539
      vertex -4.09113514588045 -8.38944650145535 2.539
      vertex -4.71146695265894 -8.03280324967198 2.539
   endloop
endfacet
facet normal 0 0 1
   outer loop
      vertex -5.8023271379659 0.494614113439152 2.539
      vertex -6.7493970433281 0.511577936548999 2.539
      vertex -6.24200402778554 -0.0370685804284392 2.539
   endloop
endfacet
facet normal 0 0 1
   outer loop
      vertex -2.03782410696768 -9.07827272999837 2.539
      vertex -1.38178671346373 -8.64287373633697 2.539
      vertex -2.0144966513039 -8.30074082593456 2.539
   endloop
endfacet
facet normal 0 0 1
   outer loop
      vertex -5.92495593094119 6.04499052634769 2.539
      vertex -5.25558250510115 5.69307480872616 2.539
      vertex -5.48547630617373 6.46501720713219 2.539
   endloop
endfacet
facet normal 0 0 1
   outer loop
      vertex 6.93135403248638 2.25148121757787 2.539
      vertex 6.69428625497067 2.85169296337404 2.539
      vertex 6.21411339610054 2.35939992486721 2.539
   endloop
endfacet
facet normal 0 0 1
   outer loop
      vertex -2.0144966513039 -8.30074082593456 2.539
      vertex -1.38178671346373 -8.64287373633697 2.539
      vertex -1.35283675333677 -7.73222028758043 2.539
   endloop
endfacet
facet normal 0 0 1
   outer loop
      vertex 6.69428625497067 2.85169296337404 2.539
      vertex 6.06697440190827 2.99970149794359 2.539
      vertex 6.21411339610054 2.35939992486721 2.539
   endloop
endfacet
facet normal 0 0 1
   outer loop
      vertex 7.9038634430553 5.12547903141741 2.539
      vertex 8.06532245584907 4.42329501130307 2.539
      vertex 8.48983361954522 5.28419578672476 2.539
   endloop
endfacet
facet normal 0 0 1
   outer loop
      vertex 8.06532245584907 4.42329501130307 2.539
      vertex 8.64619564316463 4.05677773273777 2.539
      vertex 8.88282612557944 4.59297289592736 2.539
   endloop
endfacet
facet normal 0 0 1
   outer loop
      vertex 8.06532245584907 4.42329501130307 2.539
      vertex 8.88282612557944 4.59297289592736 2.539
      vertex 8.48983361954522 5.28419578672476 2.539
   endloop
endfacet
facet normal 0 0 1
   outer loop
      vertex -6.97665465554321 6.33078577561937 2.539
      vertex -6.34076521826706 6.67931120501402 2.539
      vertex -7.27878792064853 6.85705814516845 2.539
   endloop
endfacet
facet normal 0 0 1
   outer loop
      vertex -6.34076521826706 6.67931120501402 2.539
      vertex -6.13256380613216 7.32162045000852 2.539
      vertex -6.71098418435938 7.41368270681165 2.539
   endloop
endfacet
facet normal 0 0 1
   outer loop
      vertex -6.34076521826706 6.67931120501402 2.539
      vertex -6.71098418435938 7.41368270681165 2.539
      vertex -7.27878792064853 6.85705814516845 2.539
   endloop
endfacet
facet normal 0 0 1
   outer loop
      vertex -3.9614951039485 6.14011815953655 2.539
      vertex -4.46566713823579 5.74218627415345 2.539
      vertex -3.86666611644085 5.3967772452983 2.539
   endloop
endfacet
facet normal 0 0 1
   outer loop
      vertex -4.46566713823579 5.74218627415345 2.539
      vertex -4.45266306047999 5.09489496039996 2.539
      vertex -3.86666611644085 5.3967772452983 2.539
   endloop
endfacet
facet normal 0 0 1
   outer loop
      vertex 2.52211425862883 3.39223672166984 2.539
      vertex 1.97406350367987 2.97979003216043 2.539
      vertex 2.70134864485243 2.65571246279746 2.539
   endloop
endfacet
facet normal 0 0 1
   outer loop
      vertex 1.97406350367987 2.97979003216043 2.539
      vertex 2.12132034822198 2.12132033889731 2.539
      vertex 2.70134864485243 2.65571246279746 2.539
   endloop
endfacet
facet normal 0 0 1
   outer loop
      vertex 0.336405171922887 -5.11860034728193 2.539
      vertex 0.951430372663683 -5.63524040730122 2.539
      vertex 1.18401924796348 -4.66594161652509 2.539
   endloop
endfacet
facet normal 0 0 1
   outer loop
      vertex -6.88735845238009 -4.00836943138532 2.539
      vertex -6.29125176729735 -4.34851499489303 2.539
      vertex -6.21220380840202 -3.49833586067462 2.539
   endloop
endfacet
facet normal 0 0 1
   outer loop
      vertex 0.336405171922887 -5.11860034728193 2.539
      vertex 1.18401924796348 -4.66594161652509 2.539
      vertex 0.286516181120597 -4.251624164975 2.539
   endloop
endfacet
facet normal 0 0 1
   outer loop
      vertex -6.87273680942268 -3.27476059907915 2.539
      vertex -6.88735845238009 -4.00836943138532 2.539
      vertex -6.21220380840202 -3.49833586067462 2.539
   endloop
endfacet
facet normal 0 0 1
   outer loop
      vertex 5.63907634970246 -5.6333912743125 2.539
      vertex 5.8145080647188 -4.96952077832617 2.539
      vertex 4.97485508758547 -5.11064003593476 2.539
   endloop
endfacet
facet normal 0 0 1
   outer loop
      vertex 4.92714094463608 -5.80701724710068 2.539
      vertex 5.63907634970246 -5.6333912743125 2.539
      vertex 4.97485508758547 -5.11064003593476 2.539
   endloop
endfacet
facet normal 0 0 1
   outer loop
      vertex 0.951430372663683 -5.63524040730122 2.539
      vertex 1.20622623264606 -6.63334904191772 2.539
      vertex 1.62179453493069 -6.01137874819619 2.539
   endloop
endfacet
facet normal 0 0 1
   outer loop
      vertex -9.21681498155043 1.32282999757118 2.539
      vertex -8.91066445507129 2.08981649795672 2.539
      vertex -9.80297366505604 1.97527398662 2.539
   endloop
endfacet
facet normal 0 0 1
   outer loop
      vertex 0.951017189206498 5.644885661417 2.539
      vertex 0.34500136801157 5.11722742511978 2.539
      vertex 1.17241618103705 4.67562711307236 2.539
   endloop
endfacet
facet normal 0 0 1
   outer loop
      vertex -9.92892073547959 1.19018193086751 2.539
      vertex -9.21681498155043 1.32282999757118 2.539
      vertex -9.80297366505604 1.97527398662 2.539
   endloop
endfacet
facet normal 0 0 1
   outer loop
      vertex 1.17241618103705 4.67562711307236 2.539
      vertex 0.34500136801157 5.11722742511978 2.539
      vertex 0.279132579757295 4.25856466486234 2.539
   endloop
endfacet
facet normal 0 0 1
   outer loop
      vertex 1.20243917258577 6.63037606465123 2.539
      vertex 0.951017189206498 5.644885661417 2.539
      vertex 1.62430111220462 6.01984095666064 2.539
   endloop
endfacet
facet normal 0 0 1
   outer loop
      vertex 9.27640065393696 0.476167052893754 2.539
      vertex 8.63373241812961 1.10761314611115 2.539
      vertex 8.52776137986 0.252855143787743 2.539
   endloop
endfacet
facet normal 0 0 1
   outer loop
      vertex -9.33617421110259 0.0158598736881785 2.539
      vertex -8.91326562402722 0.679126531313181 2.539
      vertex -9.5259652629095 0.762795250438069 2.539
   endloop
endfacet
facet normal 0 0 1
   outer loop
      vertex 8.52776137986 0.252855143787743 2.539
      vertex 8.63373241812961 1.10761314611115 2.539
      vertex 7.7813397476216 0.719397788656586 2.539
   endloop
endfacet
facet normal 0 0 1
   outer loop
      vertex -9.33617421110259 0.0158598736881785 2.539
      vertex -8.52925305501925 0.0911117451895898 2.539
      vertex -8.91326562402722 0.679126531313181 2.539
   endloop
endfacet
facet normal 0 0 1
   outer loop
      vertex -9.33617421110259 0.0158598736881785 2.539
      vertex -9.5259652629095 0.762795250438069 2.539
      vertex -9.99209397223904 0.397565151823238 2.539
   endloop
endfacet
facet normal 0 0 1
   outer loop
      vertex -9.99209397223903 -0.397565151823375 2.539
      vertex -9.33617421110259 0.0158598736881785 2.539
      vertex -9.99209397223904 0.397565151823238 2.539
   endloop
endfacet
facet normal 0 0 1
   outer loop
      vertex 2.37317183714743 -9.02556559405709 2.539
      vertex 1.61550296024402 -8.82430769791935 2.539
      vertex 1.70204052322695 -9.39757808119118 2.539
   endloop
endfacet
facet normal 0 0 1
   outer loop
      vertex 2.37317183714743 -9.02556559405709 2.539
      vertex 2.09241371855588 -8.27034366981331 2.539
      vertex 1.61550296024402 -8.82430769791935 2.539
   endloop
endfacet
facet normal 0 0 1
   outer loop
      vertex 5.28036643167759 -2.51194183749356 2.539
      vertex 4.71360899900423 -1.70828857009683 2.539
      vertex 4.30058459670778 -2.51466782964828 2.539
   endloop
endfacet
facet normal 0 0 1
   outer loop
      vertex 2.37317183714743 -9.02556559405709 2.539
      vertex 1.70204052322695 -9.39757808119118 2.539
      vertex 2.16978805579823 -9.76176314980625 2.539
   endloop
endfacet
facet normal 0 0 1
   outer loop
      vertex 6.06118767095777 -2.98655181318244 2.539
      vertex 5.28036643167759 -2.51194183749356 2.539
      vertex 5.38606335328775 -3.13835578340733 2.539
   endloop
endfacet
facet normal 0 0 1
   outer loop
      vertex 4.88828136232246 1.68567921588894 2.539
      vertex 5.30669079477938 2.4876519877801 2.539
      vertex 4.28645502978254 2.3235093621506 2.539
   endloop
endfacet
facet normal 0 0 1
   outer loop
      vertex 4.88828136232246 1.68567921588894 2.539
      vertex 4.28645502978254 2.3235093621506 2.539
      vertex 4.07336807553777 1.33583249889909 2.539
   endloop
endfacet
facet normal 0 0 1
   outer loop
      vertex 5.30669079477938 2.4876519877801 2.539
      vertex 6.06697440190827 2.99970149794359 2.539
      vertex 5.39986346092046 3.12940342610237 2.539
   endloop
endfacet
facet normal 0 0 1
   outer loop
      vertex 8.59578840272591 -1.10208551951804 2.539
      vertex 9.19572971583007 -0.428838948682111 2.539
      vertex 8.40179228068699 -0.349211242514741 2.539
   endloop
endfacet
facet normal 0 0 1
   outer loop
      vertex 8.59578840272591 -1.10208551951804 2.539
      vertex 8.40179228068699 -0.349211242514741 2.539
      vertex 7.74463090204967 -0.696048555269025 2.539
   endloop
endfacet
facet normal 0 0 1
   outer loop
      vertex 2.93850273121602 -9.55851461779685 2.539
      vertex 2.37317183714743 -9.02556559405709 2.539
      vertex 2.16978805579823 -9.76176314980625 2.539
   endloop
endfacet
facet normal 0 0 1
   outer loop
      vertex 7.44700809678267 -2.82800881834214 2.539
      vertex 6.73396912280914 -2.79776195562798 2.539
      vertex 6.84264757824968 -3.59438398598374 2.539
   endloop
endfacet
facet normal 0 0 1
   outer loop
      vertex -5.97747513473474 -5.56602338516652 2.539
      vertex -5.86831523162495 -6.22764136473246 2.539
      vertex -5.22616167509931 -5.69443168882374 2.539
   endloop
endfacet
facet normal 0 0 1
   outer loop
      vertex 7.59350903894384 -3.48156039274213 2.539
      vertex 7.44700809678267 -2.82800881834214 2.539
      vertex 6.84264757824968 -3.59438398598374 2.539
   endloop
endfacet
facet normal 0 0 1
   outer loop
      vertex -5.92495593094119 6.04499052634769 2.539
      vertex -5.9494663081664 5.49656430126966 2.539
      vertex -5.25558250510115 5.69307480872616 2.539
   endloop
endfacet
facet normal 0 0 1
   outer loop
      vertex 7.59350903894384 -3.48156039274213 2.539
      vertex 8.02389601782789 -3.15560037413048 2.539
      vertex 7.44700809678267 -2.82800881834214 2.539
   endloop
endfacet
facet normal 0 0 1
   outer loop
      vertex -3.78186722002979 -4.45984588260549 2.539
      vertex -2.85880138417228 -4.1200073707448 2.539
      vertex -3.53408787840942 -3.51078678079949 2.539
   endloop
endfacet
facet normal 0 0 1
   outer loop
      vertex -4.64027685284169 -6.47517567619583 2.539
      vertex -4.42931053858602 -5.79292007552711 2.539
      vertex -5.22616167509931 -5.69443168882374 2.539
   endloop
endfacet
facet normal 0 0 1
   outer loop
      vertex -5.30865764483915 -6.44991023406532 2.539
      vertex -4.64027685284169 -6.47517567619583 2.539
      vertex -5.22616167509931 -5.69443168882374 2.539
   endloop
endfacet
facet normal 0 0 1
   outer loop
      vertex -4.4398198625073 -5.09376664268888 2.539
      vertex -3.78186722002979 -4.45984588260549 2.539
      vertex -4.41418713938311 -4.40111116742667 2.539
   endloop
endfacet
facet normal 0 0 1
   outer loop
      vertex -2.86931706596937 4.28698115147626 2.539
      vertex -3.76148858099017 4.48495142368883 2.539
      vertex -3.34273441581789 3.50950410249415 2.539
   endloop
endfacet
facet normal 0 0 1
   outer loop
      vertex -2.86931706596937 4.28698115147626 2.539
      vertex -3.34273441581789 3.50950410249415 2.539
      vertex -2.32093818635742 3.57338463409962 2.539
   endloop
endfacet
facet normal 0 0 1
   outer loop
      vertex -3.76148858099017 4.48495142368883 2.539
      vertex -4.45266306047999 5.09489496039996 2.539
      vertex -4.40913575752478 4.41716782384035 2.539
   endloop
endfacet
facet normal 0 0 1
   outer loop
      vertex -2.79767727269987 8.86158101588207 2.539
      vertex -3.09842815692258 8.17425035737416 2.539
      vertex -2.38255268612968 8.24493425957847 2.539
   endloop
endfacet
facet normal 0 0 1
   outer loop
      vertex -5.30865764483915 -6.44991023406532 2.539
      vertex -5.10340797684686 -6.94965047286094 2.539
      vertex -4.64027685284169 -6.47517567619583 2.539
   endloop
endfacet
facet normal 0 0 1
   outer loop
      vertex -2.38255268612968 8.24493425957847 2.539
      vertex -3.09842815692258 8.17425035737416 2.539
      vertex -2.64001299650688 7.44748700309593 2.539
   endloop
endfacet
facet normal 0 0 1
   outer loop
      vertex -1.46826812296596 -6.2429737497275 2.539
      vertex -1.73738979241518 -5.40987195525678 2.539
      vertex -2.20755239380617 -6.12319523741456 2.539
   endloop
endfacet
facet normal 0 0 1
   outer loop
      vertex -1.89997002837772 -6.96116284237124 2.539
      vertex -1.46826812296596 -6.2429737497275 2.539
      vertex -2.20755239380617 -6.12319523741456 2.539
   endloop
endfacet
facet normal 0 0 1
   outer loop
      vertex 6.91056652159553 -4.35433937799659 2.539
      vertex 7.52176608491 -4.07990856437026 2.539
      vertex 6.84264757824968 -3.59438398598374 2.539
   endloop
endfacet
facet normal 0 0 1
   outer loop
      vertex 1.42312406914063 8.27544609509328 2.539
      vertex 1.55598686831511 9.02012406673979 2.539
      vertex 0.766401013242066 8.53565785245832 2.539
   endloop
endfacet
facet normal 0 0 1
   outer loop
      vertex 7.36115306042692 4.18114971037751 2.539
      vertex 6.84066041980881 4.34372400513616 2.539
      vertex 6.84824308025387 3.62350239822712 2.539
   endloop
endfacet
facet normal 0 0 1
   outer loop
      vertex 0.904569620109124 7.83883054113498 2.539
      vertex 1.42312406914063 8.27544609509328 2.539
      vertex 0.766401013242066 8.53565785245832 2.539
   endloop
endfacet
facet normal 0 0 1
   outer loop
      vertex -3.14846086036575 -4.95600221302782 2.539
      vertex -2.85880138417228 -4.1200073707448 2.539
      vertex -3.78186722002979 -4.45984588260549 2.539
   endloop
endfacet
facet normal 0 0 1
   outer loop
      vertex -3.14846086036575 -4.95600221302782 2.539
      vertex -3.78186722002979 -4.45984588260549 2.539
      vertex -3.82684349684582 -5.41177407933601 2.539
   endloop
endfacet
facet normal 0 0 1
   outer loop
      vertex -2.16709160115581 -3.47888124940655 2.539
      vertex -2.85880138417228 -4.1200073707448 2.539
      vertex -2.12473412570048 -4.21701626631232 2.539
   endloop
endfacet
facet normal 0 0 1
   outer loop
      vertex -2.86931706596937 4.28698115147626 2.539
      vertex -3.15260966495924 4.96712182446151 2.539
      vertex -3.76148858099017 4.48495142368883 2.539
   endloop
endfacet
facet normal 0 0 1
   outer loop
      vertex -3.76148858099017 4.48495142368883 2.539
      vertex -3.15260966495924 4.96712182446151 2.539
      vertex -3.86666611644085 5.3967772452983 2.539
   endloop
endfacet
facet normal 0 0 1
   outer loop
      vertex -2.86931706596937 4.28698115147626 2.539
      vertex -2.32093818635742 3.57338463409962 2.539
      vertex -2.20187612385814 4.32345369318396 2.539
   endloop
endfacet
facet normal 0 0 1
   outer loop
      vertex -3.27011973318184 -8.00603958933821 2.539
      vertex -2.74541512101217 -8.73698733037752 2.539
      vertex -2.53798244787723 -7.99411920382745 2.539
   endloop
endfacet
facet normal 0 0 1
   outer loop
      vertex -3.27011973318184 -8.00603958933821 2.539
      vertex -2.53798244787723 -7.99411920382745 2.539
      vertex -2.66729077248565 -7.32426516065148 2.539
   endloop
endfacet
facet normal 0 0 1
   outer loop
      vertex -9.27621032031754 -1.27170081222217 2.539
      vertex -8.74102737729336 -1.27734451108977 2.539
      vertex -8.79665140680293 -0.647287217134416 2.539
   endloop
endfacet
facet normal 0 0 1
   outer loop
      vertex 2.09241371855588 -8.27034366981331 2.539
      vertex 2.44132245199255 -7.77424877866461 2.539
      vertex 1.73668469250927 -7.47029393283644 2.539
   endloop
endfacet
facet normal 0 0 1
   outer loop
      vertex -8.79665140680293 -0.647287217134416 2.539
      vertex -9.41775245573645 -0.67304710532224 2.539
      vertex -9.27621032031754 -1.27170081222217 2.539
   endloop
endfacet
facet normal 0 0 1
   outer loop
      vertex 1.97406350367987 2.97979003216043 2.539
      vertex 2.52211425862883 3.39223672166984 2.539
      vertex 1.76068623024912 3.81692553623086 2.539
   endloop
endfacet
facet normal 0 0 1
   outer loop
      vertex 2.43624774999899 7.77792509146088 2.539
      vertex 2.05028981134643 8.33076659172306 2.539
      vertex 1.67705847247995 7.48131167644074 2.539
   endloop
endfacet
facet normal 0 0 1
   outer loop
      vertex 5.59750082292569 -1.77121541658871 2.539
      vertex 4.71360899900423 -1.70828857009683 2.539
      vertex 5.28036643167759 -2.51194183749356 2.539
   endloop
endfacet
facet normal 0 0 1
   outer loop
      vertex 5.59750082292569 -1.77121541658871 2.539
      vertex 5.28036643167759 -2.51194183749356 2.539
      vertex 6.21157619325002 -2.31165836287314 2.539
   endloop
endfacet
facet normal 0 0 1
   outer loop
      vertex 1.97406350367987 2.97979003216043 2.539
      vertex 1.49999999994224 2.59807621138666 2.539
      vertex 2.12132034822198 2.12132033889731 2.539
   endloop
endfacet
facet normal 0 0 1
   outer loop
      vertex 3.92059908214935 -1.19627418694243 2.539
      vertex 4.71360899900423 -1.70828857009683 2.539
      vertex 4.67245678149908 -0.990328319806135 2.539
   endloop
endfacet
facet normal 0 0 1
   outer loop
      vertex 5.78092000447845 -8.15971592041174 2.539
      vertex 5.79918971532579 -7.44432705344379 2.539
      vertex 5.19689154699235 -7.4965453357734 2.539
   endloop
endfacet
facet normal 0 0 1
   outer loop
      vertex 4.88828136232246 1.68567921588894 2.539
      vertex 5.60633894025082 1.77559168363614 2.539
      vertex 5.30669079477938 2.4876519877801 2.539
   endloop
endfacet
facet normal 0 0 1
   outer loop
      vertex 5.30669079477938 2.4876519877801 2.539
      vertex 5.60633894025082 1.77559168363614 2.539
      vertex 6.21411339610054 2.35939992486721 2.539
   endloop
endfacet
facet normal 0 0 1
   outer loop
      vertex 4.88828136232246 1.68567921588894 2.539
      vertex 4.07336807553777 1.33583249889909 2.539
      vertex 4.7596387693453 1.04951887646801 2.539
   endloop
endfacet
facet normal 0 0 1
   outer loop
      vertex -7.04369203361018 5.20989278718083 2.539
      vertex -7.73934172472328 4.94943038408224 2.539
      vertex -6.99060989899445 4.47138509409576 2.539
   endloop
endfacet
facet normal 0 0 1
   outer loop
      vertex 5.79918971532579 -7.44432705344379 2.539
      vertex 5.47685465320038 -7.0050873980591 2.539
      vertex 5.19689154699235 -7.4965453357734 2.539
   endloop
endfacet
facet normal 0 0 1
   outer loop
      vertex -8.52925305501925 0.0911117451895898 2.539
      vertex -8.14648681679789 -0.369441312645428 2.539
      vertex -7.67926331990088 0.236099103816283 2.539
   endloop
endfacet
facet normal 0 0 1
   outer loop
      vertex 5.79918971532579 -7.44432705344379 2.539
      vertex 5.78092000447845 -8.15971592041174 2.539
      vertex 6.41093638256734 -7.67462668138811 2.539
   endloop
endfacet
facet normal 0 0 1
   outer loop
      vertex 0.336405171922887 -5.11860034728193 2.539
      vertex 0.110688400644843 -5.9666994058377 2.539
      vertex 0.951430372663683 -5.63524040730122 2.539
   endloop
endfacet
facet normal 0 0 1
   outer loop
      vertex 0.951430372663683 -5.63524040730122 2.539
      vertex 0.110688400644843 -5.9666994058377 2.539
      vertex 0.566611267714945 -6.40676690098801 2.539
   endloop
endfacet
facet normal 0 0 1
   outer loop
      vertex 2.63031659345168 -3.24386622800627 2.539
      vertex 1.99911840255342 -2.93041227606523 2.539
      vertex 1.82599730267466 -3.80838871903171 2.539
   endloop
endfacet
facet normal 0 0 1
   outer loop
      vertex 0.336405171922887 -5.11860034728193 2.539
      vertex 0.286516181120597 -4.251624164975 2.539
      vertex -0.1476529122735 -4.73673886665066 2.539
   endloop
endfacet
facet normal 0 0 1
   outer loop
      vertex -8.16354511638508 4.32502550294312 2.539
      vertex -9.05840392259372 4.23619149415353 2.539
      vertex -8.39247188429153 3.63177879429417 2.539
   endloop
endfacet
facet normal 0 0 1
   outer loop
      vertex 0.147262867102596 5.94867383680045 2.539
      vertex 0.34500136801157 5.11722742511978 2.539
      vertex 0.951017189206498 5.644885661417 2.539
   endloop
endfacet
facet normal 0 0 1
   outer loop
      vertex 1.49999999994225 -2.59807621138666 2.539
      vertex 1.99911840255342 -2.93041227606523 2.539
      vertex 2.12132034822199 -2.12132033889729 2.539
   endloop
endfacet
facet normal 0 0 1
   outer loop
      vertex 0.147262867102596 5.94867383680045 2.539
      vertex 0.951017189206498 5.644885661417 2.539
      vertex 0.583262257504924 6.3799399330809 2.539
   endloop
endfacet
facet normal 0 0 1
   outer loop
      vertex -9.3663349701362 -3.50310850919633 2.539
      vertex -8.6791622395408 -3.70263160948708 2.539
      vertex -8.57574145833454 -3.10654961017555 2.539
   endloop
endfacet
facet normal 0 0 1
   outer loop
      vertex 0.279132579757295 4.25856466486234 2.539
      vertex 0.34500136801157 5.11722742511978 2.539
      vertex -0.152835756005327 4.73832077775901 2.539
   endloop
endfacet
facet normal 0 0 1
   outer loop
      vertex -5.7243730062484 -1.20389416588823 2.539
      vertex -4.97157827248772 -0.877031689760297 2.539
      vertex -5.61455732124816 -0.410350543445494 2.539
   endloop
endfacet
facet normal 0 0 1
   outer loop
      vertex 6.2355149666986 6.81453459864235 2.539
      vertex 6.41093638256726 7.67462668138818 2.539
      vertex 5.6434185951631 7.07791080128501 2.539
   endloop
endfacet
facet normal 0 0 1
   outer loop
      vertex -5.7243730062484 -1.20389416588823 2.539
      vertex -5.61455732124816 -0.410350543445494 2.539
      vertex -6.41681938183821 -0.795554083891945 2.539
   endloop
endfacet
facet normal 0 0 1
   outer loop
      vertex -4.12985853328694 -0.766692838646502 2.539
      vertex -4.97157827248772 -0.877031689760297 2.539
      vertex -4.55657409271756 -1.54156265009598 2.539
   endloop
endfacet
facet normal 0 0 1
   outer loop
      vertex -7.91223648084601 -4.92100415041856 2.539
      vertex -7.21403764580522 -5.11673606044327 2.539
      vertex -7.3796025783641 -4.42197105799433 2.539
   endloop
endfacet
facet normal 0 0 1
   outer loop
      vertex -8.6791622395408 -3.70263160948708 2.539
      vertex -8.17174629244628 -3.50215582795772 2.539
      vertex -8.57574145833454 -3.10654961017555 2.539
   endloop
endfacet
facet normal 0 0 1
   outer loop
      vertex -5.05606841255723 0.980308675579993 2.539
      vertex -5.76948143696285 1.35855695500421 2.539
      vertex -5.8023271379659 0.494614113439152 2.539
   endloop
endfacet
facet normal 0 0 1
   outer loop
      vertex -5.8023271379659 0.494614113439152 2.539
      vertex -5.76948143696285 1.35855695500421 2.539
      vertex -6.35843067250147 1.01904728231458 2.539
   endloop
endfacet
facet normal 0 0 1
   outer loop
      vertex -5.05606841255723 0.980308675579993 2.539
      vertex -4.14991046090288 0.785095107221865 2.539
      vertex -4.58134400129855 1.45275205687641 2.539
   endloop
endfacet
facet normal 0 0 1
   outer loop
      vertex 2.62235863150049 -5.22328905008441 2.539
      vertex 2.09793553779798 -4.5892453537643 2.539
      vertex 1.81873245488025 -5.31039533026127 2.539
   endloop
endfacet
facet normal 0 0 1
   outer loop
      vertex 2.62235863150049 -5.22328905008441 2.539
      vertex 1.81873245488025 -5.31039533026127 2.539
      vertex 2.40382953205382 -5.99478847453011 2.539
   endloop
endfacet
facet normal 0 0 1
   outer loop
      vertex 1.82599730267466 -3.80838871903171 2.539
      vertex 2.09793553779798 -4.5892453537643 2.539
      vertex 2.6595400652436 -4.01204929632662 2.539
   endloop
endfacet
facet normal 0 0 1
   outer loop
      vertex 2.0995323436821 4.59919047154067 2.539
      vertex 2.65646725973997 5.22400809404886 2.539
      vertex 1.82017546249177 5.31547364391408 2.539
   endloop
endfacet
facet normal 0 0 1
   outer loop
      vertex 1.82017546249177 5.31547364391408 2.539
      vertex 2.65646725973997 5.22400809404886 2.539
      vertex 2.40524032861848 6.00070644520608 2.539
   endloop
endfacet
facet normal 0 0 1
   outer loop
      vertex 2.0995323436821 4.59919047154067 2.539
      vertex 1.76068623024912 3.81692553623086 2.539
      vertex 2.56164978078238 4.05686203701387 2.539
   endloop
endfacet
facet normal 0 0 1
   outer loop
      vertex 3.98732445028907 -3.07783625584911 2.539
      vertex 4.30382659245201 -3.81330883080307 2.539
      vertex 4.69204339261743 -3.15285509715208 2.539
   endloop
endfacet
facet normal 0 0 1
   outer loop
      vertex 4.69204339261743 -3.15285509715208 2.539
      vertex 4.30382659245201 -3.81330883080307 2.539
      vertex 5.18802610316736 -3.84907018112212 2.539
   endloop
endfacet
facet normal 0 0 1
   outer loop
      vertex 3.98732445028907 -3.07783625584911 2.539
      vertex 3.38911443910107 -2.69793582158752 2.539
      vertex 3.45561566142861 -3.56870332199314 2.539
   endloop
endfacet
facet normal 0 0 1
   outer loop
      vertex 7.14177175321282 0.753135087675446 2.539
      vertex 7.7813397476216 0.719397788656586 2.539
      vertex 7.20722540647369 1.41684914184051 2.539
   endloop
endfacet
facet normal 0 0 1
   outer loop
      vertex 4.32621094846928 3.71106314028545 2.539
      vertex 3.97525908239095 3.0962125906106 2.539
      vertex 4.68480895842738 3.14027880245342 2.539
   endloop
endfacet
facet normal 0 0 1
   outer loop
      vertex 4.32621094846928 3.71106314028545 2.539
      vertex 4.68480895842738 3.14027880245342 2.539
      vertex 5.24418536509105 3.82892109617534 2.539
   endloop
endfacet
facet normal 0 0 1
   outer loop
      vertex -8.6791622395408 -3.70263160948708 2.539
      vertex -9.3663349701362 -3.50310850919633 2.539
      vertex -9.05840392259366 -4.23619149415365 2.539
   endloop
endfacet
facet normal 0 0 1
   outer loop
      vertex -3.99831720489622 -3.06247081722634 2.539
      vertex -4.7887202799573 -3.18047128791025 2.539
      vertex -4.25086993065822 -3.72547293143051 2.539
   endloop
endfacet
facet normal 0 0 1
   outer loop
      vertex -4.25086993065822 -3.72547293143051 2.539
      vertex -4.7887202799573 -3.18047128791025 2.539
      vertex -5.04937707647192 -4.02824945445342 2.539
   endloop
endfacet
facet normal 0 0 1
   outer loop
      vertex -3.99831720489622 -3.06247081722634 2.539
      vertex -3.47837245068302 -2.58123441747795 2.539
      vertex -4.33563505385956 -2.42254021127286 2.539
   endloop
endfacet
facet normal 0 0 1
   outer loop
      vertex -4.70736638446497 3.19127967769691 2.539
      vertex -3.98981899495744 3.05260629052895 2.539
      vertex -4.23729398573908 3.72221285785128 2.539
   endloop
endfacet
facet normal 0 0 1
   outer loop
      vertex -4.70736638446497 3.19127967769691 2.539
      vertex -4.23729398573908 3.72221285785128 2.539
      vertex -5.06435382021016 4.09250787108353 2.539
   endloop
endfacet
facet normal 0 0 1
   outer loop
      vertex -3.45947459212059 2.56251518570546 2.539
      vertex -3.98981899495744 3.05260629052895 2.539
      vertex -4.32587229693672 2.53090720910166 2.539
   endloop
endfacet
facet normal 0 0 1
   outer loop
      vertex -1.73738979241518 -5.40987195525678 2.539
      vertex -1.77561776650247 -4.64736193607079 2.539
      vertex -2.35666955310609 -4.800980650044 2.539
   endloop
endfacet
facet normal 0 0 1
   outer loop
      vertex -2.35666955310609 -4.800980650044 2.539
      vertex -2.49501338948039 -5.45562415885149 2.539
      vertex -1.73738979241518 -5.40987195525678 2.539
   endloop
endfacet
facet normal 0 0 1
   outer loop
      vertex -1.4442486307923 -3.96418206197707 2.539
      vertex -1.77561776650247 -4.64736193607079 2.539
      vertex -1.21642963823809 -4.80085315773721 2.539
   endloop
endfacet
facet normal 0 0 1
   outer loop
      vertex 6.78104206836674 -6.39122909358746 2.539
      vertex 6.79219519261231 -5.66568445947945 2.539
      vertex 6.16374996481778 -6.00376044444197 2.539
   endloop
endfacet
facet normal 0 0 1
   outer loop
      vertex -3.81091530139446 -1.70909184276255 2.539
      vertex -3.34299221583514 -1.17355057060187 2.539
      vertex -4.12985853328694 -0.766692838646502 2.539
   endloop
endfacet
facet normal 0 0 1
   outer loop
      vertex -1.83615259425168 4.72657290207152 2.539
      vertex -1.76494589834311 5.46578004962173 2.539
      vertex -2.5138042248078 5.07014988163851 2.539
   endloop
endfacet
facet normal 0 0 1
   outer loop
      vertex -2.5138042248078 5.07014988163851 2.539
      vertex -1.76494589834311 5.46578004962173 2.539
      vertex -2.54489614629962 6.00233592936281 2.539
   endloop
endfacet
facet normal 0 0 1
   outer loop
      vertex -1.83615259425168 4.72657290207152 2.539
      vertex -1.46916854790442 3.96017989663387 2.539
      vertex -1.2309681791965 4.8133010052721 2.539
   endloop
endfacet
facet normal 0 0 1
   outer loop
      vertex 5.72416005159912 -0.373815368821495 2.539
      vertex 5.01922529632242 -0.564801395525427 2.539
      vertex 5.50512220733792 -1.10157250663266 2.539
   endloop
endfacet
facet normal 0 0 1
   outer loop
      vertex 5.72416005159912 -0.373815368821495 2.539
      vertex 5.50512220733792 -1.10157250663266 2.539
      vertex 6.4538689756799 -0.725721916298724 2.539
   endloop
endfacet
facet normal 0 0 1
   outer loop
      vertex 4.20372830089949 -0.380704940090917 2.539
      vertex 5.01922529632242 -0.564801395525427 2.539
      vertex 4.99065912333204 0.0224141575945325 2.539
   endloop
endfacet
facet normal 0 0 1
   outer loop
      vertex 5.05093761518672 0.608658670999052 2.539
      vertex 5.71878339866005 0.353936324835753 2.539
      vertex 5.55848672119265 1.12621234251078 2.539
   endloop
endfacet
facet normal 0 0 1
   outer loop
      vertex 5.55848672119265 1.12621234251078 2.539
      vertex 5.71878339866005 0.353936324835753 2.539
      vertex 6.48943997802979 0.757072999331987 2.539
   endloop
endfacet
facet normal 0 0 1
   outer loop
      vertex 5.05093761518672 0.608658670999052 2.539
      vertex 4.22712006340355 0.491211653586197 2.539
      vertex 4.99065912333204 0.0224141575945325 2.539
   endloop
endfacet
facet normal 0 0 1
   outer loop
      vertex -0.683636069271099 -4.97468251467415 2.539
      vertex -1.06464890544095 -5.58450011809757 2.539
      vertex -0.366570266503988 -5.45535763300514 2.539
   endloop
endfacet
facet normal 0 0 1
   outer loop
      vertex -0.366570266503988 -5.45535763300514 2.539
      vertex -1.06464890544095 -5.58450011809757 2.539
      vertex -0.750577284606088 -6.35092454548881 2.539
   endloop
endfacet
facet normal 0 0 1
   outer loop
      vertex -0.683636069271099 -4.97468251467415 2.539
      vertex -0.593036665006554 -4.2245203603469 2.539
      vertex -1.21642963823809 -4.80085315773721 2.539
   endloop
endfacet
facet normal 0 0 1
   outer loop
      vertex 4.08001982133453 8.18822610473746 2.539
      vertex 3.45420704423449 8.12058396449489 2.539
      vertex 3.72004623469277 7.4684483419067 2.539
   endloop
endfacet
facet normal 0 0 1
   outer loop
      vertex -1.02350848902498 5.52929506969835 2.539
      vertex -0.691326525374938 4.97395927109989 2.539
      vertex -0.3269848530287 5.43729249680753 2.539
   endloop
endfacet
facet normal 0 0 1
   outer loop
      vertex -1.02350848902498 5.52929506969835 2.539
      vertex -0.3269848530287 5.43729249680753 2.539
      vertex -0.586502582835962 6.31627860025997 2.539
   endloop
endfacet
facet normal 0 0 1
   outer loop
      vertex -0.600707023360595 4.22401885978466 2.539
      vertex -0.691326525374938 4.97395927109989 2.539
      vertex -1.2309681791965 4.8133010052721 2.539
   endloop
endfacet
facet normal 0 0 1
   outer loop
      vertex -2.89777746934155 -0.77645717085778 2.539
      vertex -3.34299221583514 -1.17355057060187 2.539
      vertex -2.59807617853735 -1.50000005683892 2.539
   endloop
endfacet
facet normal 0 0 1
   outer loop
      vertex -4.65213107971204 2.01888468342356 2.539
      vertex -3.82159793002792 1.71016172406856 2.539
      vertex -4.32587229693672 2.53090720910166 2.539
   endloop
endfacet
facet normal 0 0 1
   outer loop
      vertex 2.70134864485243 2.65571246279746 2.539
      vertex 2.12132034822198 2.12132033889731 2.539
      vertex 2.95744291113955 1.99515794824792 2.539
   endloop
endfacet
facet normal 0 0 1
   outer loop
      vertex 3.47052519963504 -8.12274130646582 2.539
      vertex 4.09884953290593 -8.19404481409727 2.539
      vertex 3.77791396316925 -7.45712058583158 2.539
   endloop
endfacet
facet normal 0 0 1
   outer loop
      vertex 3.45416132308554 2.53366462475837 2.539
      vertex 2.70134864485243 2.65571246279746 2.539
      vertex 2.95744291113955 1.99515794824792 2.539
   endloop
endfacet
facet normal 0 0 1
   outer loop
      vertex -8.91066445507129 2.08981649795672 2.539
      vertex -8.42045625508511 1.29979269303616 2.539
      vertex -8.16936826329815 1.92322385720271 2.539
   endloop
endfacet
facet normal 0 0 1
   outer loop
      vertex -8.16936826329815 1.92322385720271 2.539
      vertex -8.42045625508511 1.29979269303616 2.539
      vertex -7.51874607811012 1.55156184521502 2.539
   endloop
endfacet
facet normal 0 0 1
   outer loop
      vertex -8.74102737729336 -1.27734451108977 2.539
      vertex -8.96993628153692 -1.86707012229883 2.539
      vertex -8.17581056958715 -1.74427541776573 2.539
   endloop
endfacet
facet normal 0 0 1
   outer loop
      vertex 0.766401013242066 8.53565785245832 2.539
      vertex 0.748300476593289 9.28366950703716 2.539
      vertex -0.00255873048129906 8.79590235187326 2.539
   endloop
endfacet
facet normal 0 0 1
   outer loop
      vertex -7.48982190794312 3.8103985021454 2.539
      vertex -7.60802853741026 4.37986191627902 2.539
      vertex -8.16354511638508 4.32502550294312 2.539
   endloop
endfacet
facet normal 0 0 1
   outer loop
      vertex 0.425666996069577 -9.10157641745069 2.539
      vertex 0.92366638784283 -8.46757866033328 2.539
      vertex 0.275595571681839 -8.41517452043316 2.539
   endloop
endfacet
facet normal 0 0 1
   outer loop
      vertex 0.275595571681839 -8.41517452043316 2.539
      vertex 0.92366638784283 -8.46757866033328 2.539
      vertex 0.419631171476752 -7.6655289029029 2.539
   endloop
endfacet
facet normal 0 0 1
   outer loop
      vertex -7.73934172472328 4.94943038408224 2.539
      vertex -7.60802853741026 4.37986191627902 2.539
      vertex -6.99060989899445 4.47138509409576 2.539
   endloop
endfacet
facet normal 0 0 1
   outer loop
      vertex -7.60802853741026 4.37986191627902 2.539
      vertex -7.73934172472328 4.94943038408224 2.539
      vertex -8.16354511638508 4.32502550294312 2.539
   endloop
endfacet
facet normal 0 0 1
   outer loop
      vertex -7.67926331990088 0.236099103816283 2.539
      vertex -8.14648681679789 -0.369441312645428 2.539
      vertex -7.41618315146515 -0.59547077209313 2.539
   endloop
endfacet
facet normal 0 0 1
   outer loop
      vertex -7.67926331990088 0.236099103816283 2.539
      vertex -7.41618315146515 -0.59547077209313 2.539
      vertex -6.91425597042334 -0.135338672570152 2.539
   endloop
endfacet
facet normal 0 0 1
   outer loop
      vertex -7.60802853741026 4.37986191627902 2.539
      vertex -7.48982190794312 3.8103985021454 2.539
      vertex -6.99060989899445 4.47138509409576 2.539
   endloop
endfacet
facet normal 0 0 1
   outer loop
      vertex 4.97485508758547 -5.11064003593476 2.539
      vertex 5.8145080647188 -4.96952077832617 2.539
      vertex 5.29540501475008 -4.49790917432435 2.539
   endloop
endfacet
facet normal 0 0 1
   outer loop
      vertex 2.43624774999899 7.77792509146088 2.539
      vertex 1.67705847247995 7.48131167644074 2.539
      vertex 2.45660988730633 7.01314398173378 2.539
   endloop
endfacet
facet normal 0 0 1
   outer loop
      vertex 2.45660988730633 7.01314398173378 2.539
      vertex 1.67705847247995 7.48131167644074 2.539
      vertex 1.89408608723811 6.64466711518091 2.539
   endloop
endfacet
facet normal 0 0 1
   outer loop
      vertex 4.64174898443336 -4.518170404087 2.539
      vertex 4.97485508758547 -5.11064003593476 2.539
      vertex 5.29540501475008 -4.49790917432435 2.539
   endloop
endfacet
facet normal 0 0 1
   outer loop
      vertex 2.12132034822199 -2.12132033889729 2.539
      vertex 2.66346790939727 -2.53438351568909 2.539
      vertex 2.95438495111911 -2.01537868855712 2.539
   endloop
endfacet
facet normal 0 0 1
   outer loop
      vertex 1.73668469250927 -7.47029393283644 2.539
      vertex 2.44132245199255 -7.77424877866461 2.539
      vertex 2.4712051440355 -7.0103109994379 2.539
   endloop
endfacet
facet normal 0 0 1
   outer loop
      vertex 1.73668469250927 -7.47029393283644 2.539
      vertex 2.4712051440355 -7.0103109994379 2.539
      vertex 1.89399189789892 -6.63573056476871 2.539
   endloop
endfacet
facet normal 0 0 1
   outer loop
      vertex 3.38911443910107 -2.69793582158752 2.539
      vertex 2.66346790939727 -2.53438351568909 2.539
      vertex 2.63031659345168 -3.24386622800627 2.539
   endloop
endfacet
facet normal 0 0 1
   outer loop
      vertex 2.66346790939727 -2.53438351568909 2.539
      vertex 3.38911443910107 -2.69793582158752 2.539
      vertex 2.95438495111911 -2.01537868855712 2.539
   endloop
endfacet
facet normal 0 0 1
   outer loop
      vertex 6.84824308025387 3.62350239822712 2.539
      vertex 6.84066041980881 4.34372400513616 2.539
      vertex 6.13398079052099 4.15126301568695 2.539
   endloop
endfacet
facet normal 0 0 1
   outer loop
      vertex 6.84824308025387 3.62350239822712 2.539
      vertex 6.13398079052099 4.15126301568695 2.539
      vertex 5.93864942442473 3.54655828731069 2.539
   endloop
endfacet
facet normal 0 0 1
   outer loop
      vertex -3.15375612060773 1.92554179272145 2.539
      vertex -2.59807617853735 1.50000005683892 2.539
      vertex -2.6913532361451 2.3085311646667 2.539
   endloop
endfacet
facet normal 0 0 1
   outer loop
      vertex -3.15375612060773 1.92554179272145 2.539
      vertex -3.45947459212059 2.56251518570546 2.539
      vertex -3.82159793002792 1.71016172406856 2.539
   endloop
endfacet
facet normal 0 0 1
   outer loop
      vertex 6.91056652159553 -4.35433937799659 2.539
      vertex 6.84264757824968 -3.59438398598374 2.539
      vertex 6.08459203970475 -4.25768302922079 2.539
   endloop
endfacet
facet normal 0 0 1
   outer loop
      vertex 6.08459203970475 -4.25768302922079 2.539
      vertex 6.84264757824968 -3.59438398598374 2.539
      vertex 5.91250334907346 -3.56520895858329 2.539
   endloop
endfacet
facet normal 0 0 1
   outer loop
      vertex -3.45947459212059 2.56251518570546 2.539
      vertex -3.15375612060773 1.92554179272145 2.539
      vertex -2.6913532361451 2.3085311646667 2.539
   endloop
endfacet
facet normal 0 0 1
   outer loop
      vertex -9.92892073547957 -1.19018193086764 2.539
      vertex -9.27621032031754 -1.27170081222217 2.539
      vertex -9.41775245573645 -0.67304710532224 2.539
   endloop
endfacet
facet normal 0 0 1
   outer loop
      vertex -5.25558250510115 5.69307480872616 2.539
      vertex -5.9494663081664 5.49656430126966 2.539
      vertex -5.60545616730067 4.87841541637116 2.539
   endloop
endfacet
facet normal 0 0 1
   outer loop
      vertex -5.25558250510115 5.69307480872616 2.539
      vertex -5.60545616730067 4.87841541637116 2.539
      vertex -4.95743826212335 4.83521217608423 2.539
   endloop
endfacet
facet normal 0 0 1
   outer loop
      vertex 3.60367424344593 -8.64552891871031 2.539
      vertex 3.47052519963504 -8.12274130646582 2.539
      vertex 2.88961065865506 -8.35771900023971 2.539
   endloop
endfacet
facet normal 0 0 1
   outer loop
      vertex 2.88961065865506 -8.35771900023971 2.539
      vertex 3.05896585377968 -8.93144570302665 2.539
      vertex 3.60367424344593 -8.64552891871031 2.539
   endloop
endfacet
facet normal 0 0 1
   outer loop
      vertex 3.68863924008639 -9.2948340790191 2.539
      vertex 3.60367424344593 -8.64552891871031 2.539
      vertex 3.05896585377968 -8.93144570302665 2.539
   endloop
endfacet
facet normal 0 0 1
   outer loop
      vertex -2.59807617853735 -1.50000005683892 2.539
      vertex -3.13499231005042 -1.92012328273701 2.539
      vertex -2.71907514384334 -2.34090676758737 2.539
   endloop
endfacet
facet normal 0 0 1
   outer loop
      vertex -5.97747513473474 -5.56602338516652 2.539
      vertex -5.22616167509931 -5.69443168882374 2.539
      vertex -5.67319980086321 -4.79502587189841 2.539
   endloop
endfacet
facet normal 0 0 1
   outer loop
      vertex -3.47837245068302 -2.58123441747795 2.539
      vertex -3.13499231005042 -1.92012328273701 2.539
      vertex -3.81091530139446 -1.70909184276255 2.539
   endloop
endfacet
facet normal 0 0 1
   outer loop
      vertex -8.39247188429153 3.63177879429417 2.539
      vertex -9.05840392259372 4.23619149415353 2.539
      vertex -9.36633497013625 3.5031085091962 2.539
   endloop
endfacet
facet normal 0 0 1
   outer loop
      vertex -3.13499231005042 -1.92012328273701 2.539
      vertex -3.47837245068302 -2.58123441747795 2.539
      vertex -2.71907514384334 -2.34090676758737 2.539
   endloop
endfacet
facet normal 0 0 1
   outer loop
      vertex -5.67319980086321 -4.79502587189841 2.539
      vertex -5.22616167509931 -5.69443168882374 2.539
      vertex -4.9605491105589 -4.80251696495059 2.539
   endloop
endfacet
facet normal 0 0 1
   outer loop
      vertex -6.21220380840202 -3.49833586067462 2.539
      vertex -6.29125176729735 -4.34851499489303 2.539
      vertex -5.7029505442531 -3.96557606766251 2.539
   endloop
endfacet
facet normal 0 0 1
   outer loop
      vertex -5.55516272962958 -3.32757188989502 2.539
      vertex -6.21220380840202 -3.49833586067462 2.539
      vertex -5.7029505442531 -3.96557606766251 2.539
   endloop
endfacet
facet normal 0 0 1
   outer loop
      vertex 3.45420704423449 8.12058396449489 2.539
      vertex 3.59267973618336 8.65782394640349 2.539
      vertex 2.85965442469204 8.37101685330697 2.539
   endloop
endfacet
facet normal 0 0 1
   outer loop
      vertex 3.0581029111392 8.99989406744917 2.539
      vertex 2.85965442469204 8.37101685330697 2.539
      vertex 3.59267973618336 8.65782394640349 2.539
   endloop
endfacet
facet normal 0 0 1
   outer loop
      vertex 3.59267973618336 8.65782394640349 2.539
      vertex 3.68863924008639 9.2948340790191 2.539
      vertex 3.0581029111392 8.99989406744917 2.539
   endloop
endfacet
facet normal 0 0 1
   outer loop
      vertex -3.32152122748314 6.73631871043793 2.539
      vertex -3.9614951039485 6.14011815953655 2.539
      vertex -3.22683208034605 5.71880362338134 2.539
   endloop
endfacet
facet normal 0 0 1
   outer loop
      vertex 5.71878339866005 0.353936324835753 2.539
      vertex 6.32857134311794 -0.00221176716788207 2.539
      vertex 6.48943997802979 0.757072999331987 2.539
   endloop
endfacet
facet normal 0 0 1
   outer loop
      vertex -3.35182463400287 1.18537761653657 2.539
      vertex -3.82159793002792 1.71016172406856 2.539
      vertex -4.14991046090288 0.785095107221865 2.539
   endloop
endfacet
facet normal 0 0 1
   outer loop
      vertex -3.86244955245284 -6.15990863089161 2.539
      vertex -3.95823613820285 -6.94548918334996 2.539
      vertex -3.25437876660518 -6.70045351292353 2.539
   endloop
endfacet
facet normal 0 0 1
   outer loop
      vertex -3.86244955245284 -6.15990863089161 2.539
      vertex -3.25437876660518 -6.70045351292353 2.539
      vertex -3.03090217555121 -5.95011764434609 2.539
   endloop
endfacet
facet normal 0 0 1
   outer loop
      vertex -3.35182463400287 1.18537761653657 2.539
      vertex -2.89777746934155 0.776457170857777 2.539
      vertex -2.59807617853735 1.50000005683892 2.539
   endloop
endfacet
facet normal 0 0 1
   outer loop
      vertex 0.648593639500339 6.92119819674652 2.539
      vertex 1.20243917258577 6.63037606465123 2.539
      vertex 1.03875545011272 7.32078891246276 2.539
   endloop
endfacet
facet normal 0 0 1
   outer loop
      vertex 0.376363461475924 7.37123771752133 2.539
      vertex 0.648593639500339 6.92119819674652 2.539
      vertex 1.03875545011272 7.32078891246276 2.539
   endloop
endfacet
facet normal 0 0 1
   outer loop
      vertex 1.20243917258577 6.63037606465123 2.539
      vertex 0.648593639500339 6.92119819674652 2.539
      vertex 0.583262257504924 6.3799399330809 2.539
   endloop
endfacet
facet normal 0 0 1
   outer loop
      vertex -2.32093818635742 3.57338463409962 2.539
      vertex -2.15957896864535 2.79320539883027 2.539
      vertex -1.48322034739095 3.24434654838493 2.539
   endloop
endfacet
facet normal 0 0 1
   outer loop
      vertex 6.32857134311794 -0.00221176716788207 2.539
      vertex 7.11023147394729 0.0148151973932862 2.539
      vertex 6.48943997802979 0.757072999331987 2.539
   endloop
endfacet
facet normal 0 0 1
   outer loop
      vertex -2.15957896864535 2.79320539883027 2.539
      vertex -1.50000000002581 2.59807621133841 2.539
      vertex -1.48322034739095 3.24434654838493 2.539
   endloop
endfacet
facet normal 0 0 1
   outer loop
      vertex 7.20722540647369 1.41684914184051 2.539
      vertex 6.93135403248638 2.25148121757787 2.539
      vertex 6.39598696239023 1.65302862522383 2.539
   endloop
endfacet
facet normal 0 0 1
   outer loop
      vertex -3.15375612060773 1.92554179272145 2.539
      vertex -3.82159793002792 1.71016172406856 2.539
      vertex -3.35182463400287 1.18537761653657 2.539
   endloop
endfacet
facet normal 0 0 1
   outer loop
      vertex 3.45416132308554 2.53366462475837 2.539
      vertex 3.63353441117925 1.97518250630878 2.539
      vertex 4.28645502978254 2.3235093621506 2.539
   endloop
endfacet
facet normal 0 0 1
   outer loop
      vertex 6.94319676071524 -2.15496799637219 2.539
      vertex 7.72668057893951 -2.04769297803335 2.539
      vertex 7.18138833533147 -1.32876793023673 2.539
   endloop
endfacet
facet normal 0 0 1
   outer loop
      vertex 6.94319676071524 -2.15496799637219 2.539
      vertex 7.18138833533147 -1.32876793023673 2.539
      vertex 6.35503452433497 -1.57683655929128 2.539
   endloop
endfacet
facet normal 0 0 1
   outer loop
      vertex -2.59807617853735 1.50000005683892 2.539
      vertex -3.15375612060773 1.92554179272145 2.539
      vertex -3.35182463400287 1.18537761653657 2.539
   endloop
endfacet
facet normal 0 0 1
   outer loop
      vertex 3.63353441117925 1.97518250630878 2.539
      vertex 4.07336807553777 1.33583249889909 2.539
      vertex 4.28645502978254 2.3235093621506 2.539
   endloop
endfacet
facet normal 0 0 1
   outer loop
      vertex 0.376363461475924 7.37123771752133 2.539
      vertex 0.145715254350245 8.04854099226436 2.539
      vertex -0.446451618830228 7.34350177512075 2.539
   endloop
endfacet
facet normal 0 0 1
   outer loop
      vertex 0.376363461475924 7.37123771752133 2.539
      vertex -0.446451618830228 7.34350177512075 2.539
      vertex -0.0330015756002471 6.75456588442768 2.539
   endloop
endfacet
facet normal 0 0 1
   outer loop
      vertex 0.275595571681839 -8.41517452043316 2.539
      vertex -0.162864201238161 -8.12342382360552 2.539
      vertex -0.228122495741804 -8.7177647978734 2.539
   endloop
endfacet
facet normal 0 0 1
   outer loop
      vertex -0.162864201238161 -8.12342382360552 2.539
      vertex 0.419631171476752 -7.6655289029029 2.539
      vertex -0.497565848679432 -7.59981523171215 2.539
   endloop
endfacet
facet normal 0 0 1
   outer loop
      vertex -0.497565848679432 -7.59981523171215 2.539
      vertex 0.419631171476752 -7.6655289029029 2.539
      vertex -0.0731688902374206 -6.83330664502566 2.539
   endloop
endfacet
facet normal 0 0 1
   outer loop
      vertex -8.16936826329815 1.92322385720271 2.539
      vertex -7.73011288801747 2.24159903403448 2.539
      vertex -8.26686164020674 2.43334921577118 2.539
   endloop
endfacet
facet normal 0 0 1
   outer loop
      vertex -7.73011288801747 2.24159903403448 2.539
      vertex -7.51874607811012 1.55156184521502 2.539
      vertex -7.12541171309896 2.35742388245315 2.539
   endloop
endfacet
facet normal 0 0 1
   outer loop
      vertex -7.12541171309896 2.35742388245315 2.539
      vertex -7.51874607811012 1.55156184521502 2.539
      vertex -6.54903557813362 1.71381480923322 2.539
   endloop
endfacet
facet normal 0 0 1
   outer loop
      vertex -7.63160811696595 -2.16733249608195 2.539
      vertex -8.17581056958715 -1.74427541776573 2.539
      vertex -8.40466617073196 -2.40935382178019 2.539
   endloop
endfacet
facet normal 0 0 1
   outer loop
      vertex -7.25221159886468 -1.4882455389999 2.539
      vertex -7.63160811696595 -2.16733249608195 2.539
      vertex -7.04723834372415 -2.37417872487723 2.539
   endloop
endfacet
facet normal 0 0 1
   outer loop
      vertex -7.25221159886468 -1.4882455389999 2.539
      vertex -7.04723834372415 -2.37417872487723 2.539
      vertex -6.49588631554943 -1.69244580629787 2.539
   endloop
endfacet
facet normal 0 0 1
   outer loop
      vertex 3.72004623469277 7.4684483419067 2.539
      vertex 4.0269555589284 6.83361099169082 2.539
      vertex 4.43590065400677 7.4735384452107 2.539
   endloop
endfacet
facet normal 0 0 1
   outer loop
      vertex 4.0269555589284 6.83361099169082 2.539
      vertex 3.29077068506999 6.61348614954754 2.539
      vertex 4.06181174653038 6.19274602445398 2.539
   endloop
endfacet
facet normal 0 0 1
   outer loop
      vertex 4.06181174653038 6.19274602445398 2.539
      vertex 3.29077068506999 6.61348614954754 2.539
      vertex 3.29580521920727 5.84712250247822 2.539
   endloop
endfacet
facet normal 0 0 1
   outer loop
      vertex 4.04951776844023 -6.82364881721309 2.539
      vertex 3.77791396316925 -7.45712058583158 2.539
      vertex 4.47924602077454 -7.50879761928674 2.539
   endloop
endfacet
facet normal 0 0 1
   outer loop
      vertex 3.29397661374869 -6.62838352176695 2.539
      vertex 4.04951776844023 -6.82364881721309 2.539
      vertex 4.10055476352059 -6.20532676677891 2.539
   endloop
endfacet
facet normal 0 0 1
   outer loop
      vertex 3.29397661374869 -6.62838352176695 2.539
      vertex 4.10055476352059 -6.20532676677891 2.539
      vertex 3.30062603453365 -5.84518100882839 2.539
   endloop
endfacet
facet normal 0 0 1
   outer loop
      vertex 5.33851523237004 5.43976855282289 2.539
      vertex 5.97610252116474 5.47737345042513 2.539
      vertex 5.55270469987563 6.20486850555493 2.539
   endloop
endfacet
facet normal 0 0 1
   outer loop
      vertex 6.16374996481778 -6.00376044444197 2.539
      vertex 5.63907634970246 -5.6333912743125 2.539
      vertex 5.47894939949988 -6.27397034990073 2.539
   endloop
endfacet
facet normal 0 0 1
   outer loop
      vertex -4.22193033734895 7.78595252044589 2.539
      vertex -4.34842587979914 8.42351823131979 2.539
      vertex -4.8167668220233 8.07779099357941 2.539
   endloop
endfacet
facet normal 0 0 1
   outer loop
      vertex -4.72561063062043 7.46745184207909 2.539
      vertex -4.22193033734895 7.78595252044589 2.539
      vertex -4.8167668220233 8.07779099357941 2.539
   endloop
endfacet
facet normal 0 0 1
   outer loop
      vertex -6.65751176690243 3.78370797867938 2.539
      vertex -6.99060989899445 4.47138509409576 2.539
      vertex -7.48982190794312 3.8103985021454 2.539
   endloop
endfacet
facet normal 0 0 1
   outer loop
      vertex -7.3796025783641 -4.42197105799433 2.539
      vertex -6.88735845238009 -4.00836943138532 2.539
      vertex -7.46487567192874 -3.68971151321683 2.539
   endloop
endfacet
facet normal 0 0 1
   outer loop
      vertex -4.34842587979914 8.42351823131979 2.539
      vertex -4.76867600053793 8.78975137315576 2.539
      vertex -4.8167668220233 8.07779099357941 2.539
   endloop
endfacet
facet normal 0 0 1
   outer loop
      vertex -0.857907692545837 3.60842496145817 2.539
      vertex -1.46916854790442 3.96017989663387 2.539
      vertex -1.48322034739095 3.24434654838493 2.539
   endloop
endfacet
facet normal 0 0 1
   outer loop
      vertex -2.38255268612968 8.24493425957847 2.539
      vertex -1.97830264375457 7.70878543994449 2.539
      vertex -1.77585802854168 8.24872910546198 2.539
   endloop
endfacet
facet normal 0 0 1
   outer loop
      vertex -0.776457173860056 2.89777746853709 2.539
      vertex -0.857907692545837 3.60842496145817 2.539
      vertex -1.48322034739095 3.24434654838493 2.539
   endloop
endfacet
facet normal 0 0 1
   outer loop
      vertex -3.81091530139446 -1.70909184276255 2.539
      vertex -3.13499231005042 -1.92012328273701 2.539
      vertex -3.34299221583514 -1.17355057060187 2.539
   endloop
endfacet
facet normal 0 0 1
   outer loop
      vertex -2.03113476516585 -7.61997166748665 2.539
      vertex -2.53798244787723 -7.99411920382745 2.539
      vertex -2.0144966513039 -8.30074082593456 2.539
   endloop
endfacet
facet normal 0 0 1
   outer loop
      vertex -3.13499231005042 -1.92012328273701 2.539
      vertex -2.59807617853735 -1.50000005683892 2.539
      vertex -3.34299221583514 -1.17355057060187 2.539
   endloop
endfacet
facet normal 0 0 1
   outer loop
      vertex 2.63031659345168 -3.24386622800627 2.539
      vertex 2.66346790939727 -2.53438351568909 2.539
      vertex 1.99911840255342 -2.93041227606523 2.539
   endloop
endfacet
facet normal 0 0 1
   outer loop
      vertex 8.52776137986 0.252855143787743 2.539
      vertex 7.87757346295475 -0.00799693373817689 2.539
      vertex 8.40179228068699 -0.349211242514741 2.539
   endloop
endfacet
facet normal 0 0 1
   outer loop
      vertex 2.66346790939727 -2.53438351568909 2.539
      vertex 2.12132034822199 -2.12132033889729 2.539
      vertex 1.99911840255342 -2.93041227606523 2.539
   endloop
endfacet
facet normal 0 0 1
   outer loop
      vertex -1.4442486307923 -3.96418206197707 2.539
      vertex -0.846879593687706 -3.60886224284775 2.539
      vertex -1.51441126189516 -3.21807667711718 2.539
   endloop
endfacet
facet normal 0 0 1
   outer loop
      vertex -0.846879593687706 -3.60886224284775 2.539
      vertex -0.776457173860046 -2.8977774685371 2.539
      vertex -1.51441126189516 -3.21807667711718 2.539
   endloop
endfacet
facet normal 0 0 1
   outer loop
      vertex 8.36295396635988 2.56248458353132 2.539
      vertex 8.99670453786375 2.4322626929187 2.539
      vertex 8.7183691743821 3.24562251649416 2.539
   endloop
endfacet
facet normal 0 0 1
   outer loop
      vertex 8.99670453786375 2.4322626929187 2.539
      vertex 9.71669346596543 2.36344411579047 2.539
      vertex 9.4982013324489 3.12796602415466 2.539
   endloop
endfacet
facet normal 0 0 1
   outer loop
      vertex 8.99670453786375 2.4322626929187 2.539
      vertex 9.4982013324489 3.12796602415466 2.539
      vertex 8.7183691743821 3.24562251649416 2.539
   endloop
endfacet
facet normal 0 0 1
   outer loop
      vertex -3.45947459212059 2.56251518570546 2.539
      vertex -2.84064175862619 2.91357343069931 2.539
      vertex -3.34273441581789 3.50950410249415 2.539
   endloop
endfacet
facet normal 0 0 1
   outer loop
      vertex -9.21681498155043 1.32282999757118 2.539
      vertex -8.42045625508511 1.29979269303616 2.539
      vertex -8.91066445507129 2.08981649795672 2.539
   endloop
endfacet
facet normal 0 0 1
   outer loop
      vertex -1.99630113536404 8.95150457608204 2.539
      vertex -1.37149818320956 9.26947569283649 2.539
      vertex -1.77997897504668 9.8403086764792 2.539
   endloop
endfacet
facet normal 0 0 1
   outer loop
      vertex -2.84064175862619 2.91357343069931 2.539
      vertex -2.32093818635742 3.57338463409962 2.539
      vertex -3.34273441581789 3.50950410249415 2.539
   endloop
endfacet
facet normal 0 0 1
   outer loop
      vertex -2.83629910015323 -3.11568928116877 2.539
      vertex -2.16709160115581 -3.47888124940655 2.539
      vertex -2.14539054030943 -2.80707316350887 2.539
   endloop
endfacet
facet normal 0 0 1
   outer loop
      vertex -1.37149818320956 9.26947569283649 2.539
      vertex -0.992538140650722 9.95062149010571 2.539
      vertex -1.77997897504668 9.8403086764792 2.539
   endloop
endfacet
facet normal 0 0 1
   outer loop
      vertex 4.20372830089949 -0.380704940090917 2.539
      vertex 3.70524139288145 0.105778917605561 2.539
      vertex 3.50247232194298 -0.638492862141613 2.539
   endloop
endfacet
facet normal 0 0 1
   outer loop
      vertex 3.70524139288145 0.105778917605561 2.539
      vertex 3 0 2.539
      vertex 3.50247232194298 -0.638492862141613 2.539
   endloop
endfacet
facet normal 0 0 1
   outer loop
      vertex -2.83629910015323 -3.11568928116877 2.539
      vertex -3.47837245068302 -2.58123441747795 2.539
      vertex -3.53408787840942 -3.51078678079949 2.539
   endloop
endfacet
facet normal 0 0 1
   outer loop
      vertex 1.49818975488581 -8.16992701058311 2.539
      vertex 1.12268102912773 -7.81711109057758 2.539
      vertex 0.92366638784283 -8.46757866033328 2.539
   endloop
endfacet
facet normal 0 0 1
   outer loop
      vertex 9.19572971583007 -0.428838948682111 2.539
      vertex 9.24674689558233 -1.10982541995357 2.539
      vertex 9.96838841148248 -0.794501402026323 2.539
   endloop
endfacet
facet normal 0 0 1
   outer loop
      vertex 3.74104988222137 -1.93914941228653 2.539
      vertex 3.92059908214935 -1.19627418694243 2.539
      vertex 3.26618681916719 -1.34927322437153 2.539
   endloop
endfacet
facet normal 0 0 1
   outer loop
      vertex 3.74104988222137 -1.93914941228653 2.539
      vertex 3.38911443910107 -2.69793582158752 2.539
      vertex 4.30058459670778 -2.51466782964828 2.539
   endloop
endfacet
facet normal 0 0 1
   outer loop
      vertex 9.24674689558233 -1.10982541995357 2.539
      vertex 9.87375345395869 -1.58398002842173 2.539
      vertex 9.96838841148248 -0.794501402026323 2.539
   endloop
endfacet
facet normal 0 0 1
   outer loop
      vertex -2.74541512101217 -8.73698733037752 2.539
      vertex -3.44911832705193 -8.65503054125853 2.539
      vertex -3.31619296496333 -9.43413293414544 2.539
   endloop
endfacet
facet normal 0 0 1
   outer loop
      vertex -3.44911832705193 -8.65503054125853 2.539
      vertex -4.05525343121737 -9.14083801456955 2.539
      vertex -3.31619296496333 -9.43413293414544 2.539
   endloop
endfacet
facet normal 0 0 1
   outer loop
      vertex 8.24890910713708 3.63239965617601 2.539
      vertex 8.64619564316463 4.05677773273777 2.539
      vertex 8.06532245584907 4.42329501130307 2.539
   endloop
endfacet
facet normal 0 0 1
   outer loop
      vertex 7.64910270297519 3.64574639481689 2.539
      vertex 8.06532245584907 4.42329501130307 2.539
      vertex 7.36115306042692 4.18114971037751 2.539
   endloop
endfacet
facet normal 0 0 1
   outer loop
      vertex 1.49818975488581 -8.16992701058311 2.539
      vertex 1.61550296024402 -8.82430769791935 2.539
      vertex 2.09241371855588 -8.27034366981331 2.539
   endloop
endfacet
facet normal 0 0 1
   outer loop
      vertex 8.06532245584907 4.42329501130307 2.539
      vertex 7.64910270297519 3.64574639481689 2.539
      vertex 8.24890910713708 3.63239965617601 2.539
   endloop
endfacet
facet normal 0 0 1
   outer loop
      vertex -5.62362520923505 7.04516060854891 2.539
      vertex -6.13256380613216 7.32162045000852 2.539
      vertex -6.34076521826706 6.67931120501402 2.539
   endloop
endfacet
facet normal 0 0 1
   outer loop
      vertex 8.59578840272591 -1.10208551951804 2.539
      vertex 9.24674689558233 -1.10982541995357 2.539
      vertex 9.19572971583007 -0.428838948682111 2.539
   endloop
endfacet
facet normal 0 0 1
   outer loop
      vertex -5.48547630617373 6.46501720713219 2.539
      vertex -6.34076521826706 6.67931120501402 2.539
      vertex -5.92495593094119 6.04499052634769 2.539
   endloop
endfacet
facet normal 0 0 1
   outer loop
      vertex -6.34076521826706 6.67931120501402 2.539
      vertex -5.48547630617373 6.46501720713219 2.539
      vertex -5.62362520923505 7.04516060854891 2.539
   endloop
endfacet
facet normal 0 0 1
   outer loop
      vertex 4.07336807553777 1.33583249889909 2.539
      vertex 3.28084055448545 1.37171273236816 2.539
      vertex 3.53072459671976 0.680165480208618 2.539
   endloop
endfacet
facet normal 0 0 1
   outer loop
      vertex -3.40612790135053 8.78050301174385 2.539
      vertex -2.79767727269987 8.86158101588207 2.539
      vertex -3.3161929649633 9.43413293414545 2.539
   endloop
endfacet
facet normal 0 0 1
   outer loop
      vertex -8.30367695148402 0.632313492099744 2.539
      vertex -8.91326562402722 0.679126531313181 2.539
      vertex -8.52925305501925 0.0911117451895898 2.539
   endloop
endfacet
facet normal 0 0 1
   outer loop
      vertex -4.05525343121738 9.14083801456955 2.539
      vertex -3.40612790135053 8.78050301174385 2.539
      vertex -3.3161929649633 9.43413293414545 2.539
   endloop
endfacet
facet normal 0 0 1
   outer loop
      vertex -8.30367695148402 0.632313492099744 2.539
      vertex -7.85707819005315 0.91731401552736 2.539
      vertex -8.42045625508511 1.29979269303616 2.539
   endloop
endfacet
facet normal 0 0 1
   outer loop
      vertex -3.27011973318184 -8.00603958933821 2.539
      vertex -3.44911832705193 -8.65503054125853 2.539
      vertex -2.74541512101217 -8.73698733037752 2.539
   endloop
endfacet
facet normal 0 0 1
   outer loop
      vertex 9.31192517200619 1.1500096287836 2.539
      vertex 9.27640065393696 0.476167052893754 2.539
      vertex 9.96838841148248 0.794501402026312 2.539
   endloop
endfacet
facet normal 0 0 1
   outer loop
      vertex 3.28084055448545 1.37171273236816 2.539
      vertex 2.89777749401031 0.776457078792702 2.539
      vertex 3.53072459671976 0.680165480208618 2.539
   endloop
endfacet
facet normal 0 0 1
   outer loop
      vertex 9.87375345395869 1.58398002842173 2.539
      vertex 9.31192517200619 1.1500096287836 2.539
      vertex 9.96838841148248 0.794501402026312 2.539
   endloop
endfacet
facet normal 0 0 1
   outer loop
      vertex -1.32255821583858 -9.37021678972037 2.539
      vertex -1.38178671346373 -8.64287373633697 2.539
      vertex -2.03782410696768 -9.07827272999837 2.539
   endloop
endfacet
facet normal 0 0 1
   outer loop
      vertex -1.77997897504667 -9.8403086764792 2.539
      vertex -1.32255821583858 -9.37021678972037 2.539
      vertex -2.03782410696768 -9.07827272999837 2.539
   endloop
endfacet
facet normal 0 0 1
   outer loop
      vertex 6.83231042218755 6.32275372033948 2.539
      vertex 7.40230953572835 5.6965535012474 2.539
      vertex 7.54564621873752 6.56225747297774 2.539
   endloop
endfacet
facet normal 0 0 1
   outer loop
      vertex 7.40230953572835 5.6965535012474 2.539
      vertex 8.04316565211542 5.94201029051875 2.539
      vertex 7.54564621873752 6.56225747297774 2.539
   endloop
endfacet
facet normal 0 0 1
   outer loop
      vertex -7.73934172472328 4.94943038408224 2.539
      vertex -7.40327343414284 5.69981117506679 2.539
      vertex -8.27304032916897 5.61754427770211 2.539
   endloop
endfacet
facet normal 0 0 1
   outer loop
      vertex -7.40327343414284 5.69981117506679 2.539
      vertex -7.80057296300617 6.25708090476838 2.539
      vertex -8.27304032916897 5.61754427770211 2.539
   endloop
endfacet
facet normal 0 0 1
   outer loop
      vertex -7.66335727733011 -5.52861355145982 2.539
      vertex -7.21403764580522 -5.11673606044327 2.539
      vertex -7.91223648084601 -4.92100415041856 2.539
   endloop
endfacet
facet normal 0 0 1
   outer loop
      vertex -8.2730403291689 -5.61754427770222 2.539
      vertex -7.66335727733011 -5.52861355145982 2.539
      vertex -7.91223648084601 -4.92100415041856 2.539
   endloop
endfacet
facet normal 0 0 1
   outer loop
      vertex 7.30448855170303 -5.99522012471803 2.539
      vertex 6.79219519261231 -5.66568445947945 2.539
      vertex 6.78104206836674 -6.39122909358746 2.539
   endloop
endfacet
facet normal 0 0 1
   outer loop
      vertex 7.5456462187375 -6.56225747297776 2.539
      vertex 7.30448855170303 -5.99522012471803 2.539
      vertex 6.78104206836674 -6.39122909358746 2.539
   endloop
endfacet
facet normal 0 0 1
   outer loop
      vertex 3.59267973618336 8.65782394640349 2.539
      vertex 4.08001982133453 8.18822610473746 2.539
      vertex 4.41545497561351 8.97238860941332 2.539
   endloop
endfacet
facet normal 0 0 1
   outer loop
      vertex -3.40612790135053 8.78050301174385 2.539
      vertex -4.05525343121738 9.14083801456955 2.539
      vertex -3.77574054230973 8.30889484542226 2.539
   endloop
endfacet
facet normal 0 0 1
   outer loop
      vertex -3.40612790135053 8.78050301174385 2.539
      vertex -3.09842815692258 8.17425035737416 2.539
      vertex -2.79767727269987 8.86158101588207 2.539
   endloop
endfacet
facet normal 0 0 1
   outer loop
      vertex -3.09842815692258 8.17425035737416 2.539
      vertex -3.40612790135053 8.78050301174385 2.539
      vertex -3.77574054230973 8.30889484542226 2.539
   endloop
endfacet
facet normal 0 0 1
   outer loop
      vertex 3.68863924008639 9.2948340790191 2.539
      vertex 3.59267973618336 8.65782394640349 2.539
      vertex 4.41545497561351 8.97238860941332 2.539
   endloop
endfacet
facet normal 0 0 1
   outer loop
      vertex 9.31192517200619 1.1500096287836 2.539
      vertex 9.87375345395869 1.58398002842173 2.539
      vertex 9.17352392139653 1.75016782966364 2.539
   endloop
endfacet
facet normal 0 0 1
   outer loop
      vertex 9.31192517200619 1.1500096287836 2.539
      vertex 8.63373241812961 1.10761314611115 2.539
      vertex 9.27640065393696 0.476167052893754 2.539
   endloop
endfacet
facet normal 0 0 1
   outer loop
      vertex 8.63373241812961 1.10761314611115 2.539
      vertex 9.31192517200619 1.1500096287836 2.539
      vertex 9.17352392139653 1.75016782966364 2.539
   endloop
endfacet
facet normal 0 0 1
   outer loop
      vertex -8.96993628153692 -1.86707012229883 2.539
      vertex -9.27621032031754 -1.27170081222217 2.539
      vertex -9.80297366505602 -1.97527398662015 2.539
   endloop
endfacet
facet normal 0 0 1
   outer loop
      vertex -0.992538140650722 9.95062149010571 2.539
      vertex -1.37149818320956 9.26947569283649 2.539
      vertex -0.784589995887961 9.04925421138537 2.539
   endloop
endfacet
facet normal 0 0 1
   outer loop
      vertex -1.314845438224 8.57588581656139 2.539
      vertex -1.37149818320956 9.26947569283649 2.539
      vertex -1.99630113536404 8.95150457608204 2.539
   endloop
endfacet
facet normal 0 0 1
   outer loop
      vertex -1.37149818320956 9.26947569283649 2.539
      vertex -1.314845438224 8.57588581656139 2.539
      vertex -0.784589995887961 9.04925421138537 2.539
   endloop
endfacet
facet normal 0 0 1
   outer loop
      vertex -9.27621032031754 -1.27170081222217 2.539
      vertex -9.92892073547957 -1.19018193086764 2.539
      vertex -9.80297366505602 -1.97527398662015 2.539
   endloop
endfacet
facet normal 0 0 1
   outer loop
      vertex -0.992538140650712 -9.95062149010571 2.539
      vertex -1.32255821583858 -9.37021678972037 2.539
      vertex -1.77997897504667 -9.8403086764792 2.539
   endloop
endfacet
facet normal 0 0 1
   outer loop
      vertex -1.38178671346373 -8.64287373633697 2.539
      vertex -1.32255821583858 -9.37021678972037 2.539
      vertex -0.812614214942656 -9.06784308318445 2.539
   endloop
endfacet
facet normal 0 0 1
   outer loop
      vertex 4.09884953290593 -8.19404481409727 2.539
      vertex 3.60367424344593 -8.64552891871031 2.539
      vertex 4.41545497561351 -8.97238860941332 2.539
   endloop
endfacet
facet normal 0 0 1
   outer loop
      vertex -1.32255821583858 -9.37021678972037 2.539
      vertex -0.992538140650712 -9.95062149010571 2.539
      vertex -0.812614214942656 -9.06784308318445 2.539
   endloop
endfacet
facet normal 0 0 1
   outer loop
      vertex 3.60367424344593 -8.64552891871031 2.539
      vertex 3.68863924008639 -9.2948340790191 2.539
      vertex 4.41545497561351 -8.97238860941332 2.539
   endloop
endfacet
facet normal 0 0 1
   outer loop
      vertex 3.59267973618336 8.65782394640349 2.539
      vertex 3.45420704423449 8.12058396449489 2.539
      vertex 4.08001982133453 8.18822610473746 2.539
   endloop
endfacet
facet normal 0 0 1
   outer loop
      vertex -1.35283675333677 -7.73222028758043 2.539
      vertex -1.06718978064825 -6.98850398646034 2.539
      vertex -1.89997002837772 -6.96116284237124 2.539
   endloop
endfacet
facet normal 0 0 1
   outer loop
      vertex -1.06718978064825 -6.98850398646034 2.539
      vertex -1.35283675333677 -7.73222028758043 2.539
      vertex -0.497565848679432 -7.59981523171215 2.539
   endloop
endfacet
facet normal 0 0 1
   outer loop
      vertex -5.45569987047612 3.44783957577582 2.539
      vertex -6.11142485946871 3.28570066316638 2.539
      vertex -5.3248447920598 2.64999568515217 2.539
   endloop
endfacet
facet normal 0 0 1
   outer loop
      vertex 3.47052519963504 -8.12274130646582 2.539
      vertex 3.60367424344593 -8.64552891871031 2.539
      vertex 4.09884953290593 -8.19404481409727 2.539
   endloop
endfacet
facet normal 0 0 1
   outer loop
      vertex 6.23042103675104 -5.34868224368929 2.539
      vertex 6.79219519261231 -5.66568445947945 2.539
      vertex 6.662698859819 -4.96881891247532 2.539
   endloop
endfacet
facet normal 0 0 1
   outer loop
      vertex -2.54489614629962 6.00233592936281 2.539
      vertex -2.46437976301904 6.74953002629769 2.539
      vertex -3.32152122748314 6.73631871043793 2.539
   endloop
endfacet
facet normal 0 0 1
   outer loop
      vertex 6.79219519261231 -5.66568445947945 2.539
      vertex 6.23042103675104 -5.34868224368929 2.539
      vertex 6.16374996481778 -6.00376044444197 2.539
   endloop
endfacet
facet normal 0 0 1
   outer loop
      vertex -8.74102737729336 -1.27734451108977 2.539
      vertex -9.27621032031754 -1.27170081222217 2.539
      vertex -8.96993628153692 -1.86707012229883 2.539
   endloop
endfacet
facet normal 0 0 1
   outer loop
      vertex 5.8145080647188 -4.96952077832617 2.539
      vertex 6.23042103675104 -5.34868224368929 2.539
      vertex 6.662698859819 -4.96881891247532 2.539
   endloop
endfacet
facet normal 0 0 1
   outer loop
      vertex -2.64001299650688 7.44748700309593 2.539
      vertex -2.46437976301904 6.74953002629769 2.539
      vertex -1.81697174421365 6.96738555716837 2.539
   endloop
endfacet
facet normal 0 0 1
   outer loop
      vertex -5.45569987047612 3.44783957577582 2.539
      vertex -4.70736638446497 3.19127967769691 2.539
      vertex -5.06435382021016 4.09250787108353 2.539
   endloop
endfacet
facet normal 0 0 1
   outer loop
      vertex -7.04369203361018 5.20989278718083 2.539
      vertex -7.40327343414284 5.69981117506679 2.539
      vertex -7.73934172472328 4.94943038408224 2.539
   endloop
endfacet
facet normal 0 0 1
   outer loop
      vertex -4.70736638446497 3.19127967769691 2.539
      vertex -5.45569987047612 3.44783957577582 2.539
      vertex -5.3248447920598 2.64999568515217 2.539
   endloop
endfacet
facet normal 0 0 1
   outer loop
      vertex -2.46437976301904 6.74953002629769 2.539
      vertex -2.64001299650688 7.44748700309593 2.539
      vertex -3.32152122748314 6.73631871043793 2.539
   endloop
endfacet
facet normal 0 0 1
   outer loop
      vertex -1.48322034739095 3.24434654838493 2.539
      vertex -1.46916854790442 3.96017989663387 2.539
      vertex -2.32093818635742 3.57338463409962 2.539
   endloop
endfacet
facet normal 0 0 1
   outer loop
      vertex 6.67561838862822 5.54712203281928 2.539
      vertex 7.40230953572835 5.6965535012474 2.539
      vertex 6.83231042218755 6.32275372033948 2.539
   endloop
endfacet
facet normal 0 0 1
   outer loop
      vertex -1.48322034739095 3.24434654838493 2.539
      vertex -1.50000000002581 2.59807621133841 2.539
      vertex -0.776457173860056 2.89777746853709 2.539
   endloop
endfacet
facet normal 0 0 1
   outer loop
      vertex 4.06398326431882 5.52860777522855 2.539
      vertex 3.52138743914447 4.94244175513238 2.539
      vertex 4.55291653402038 5.00299247603868 2.539
   endloop
endfacet
facet normal 0 0 1
   outer loop
      vertex 4.06398326431882 5.52860777522855 2.539
      vertex 4.76502388002551 5.79534834133275 2.539
      vertex 4.06181174653038 6.19274602445398 2.539
   endloop
endfacet
facet normal 0 0 1
   outer loop
      vertex 4.76502388002551 5.79534834133275 2.539
      vertex 4.06398326431882 5.52860777522855 2.539
      vertex 4.55291653402038 5.00299247603868 2.539
   endloop
endfacet
facet normal 0 0 1
   outer loop
      vertex 3.53072459671976 0.680165480208618 2.539
      vertex 2.89777749401031 0.776457078792702 2.539
      vertex 3 0 2.539
   endloop
endfacet
facet normal 0 0 1
   outer loop
      vertex 3.53072459671976 0.680165480208618 2.539
      vertex 4.22712006340355 0.491211653586197 2.539
      vertex 4.07336807553777 1.33583249889909 2.539
   endloop
endfacet
facet normal 0 0 1
   outer loop
      vertex 2.93850273121602 -9.55851461779685 2.539
      vertex 3.05896585377968 -8.93144570302665 2.539
      vertex 2.37317183714743 -9.02556559405709 2.539
   endloop
endfacet
facet normal 0 0 1
   outer loop
      vertex 5.29540501475008 -4.49790917432435 2.539
      vertex 5.18802610316736 -3.84907018112212 2.539
      vertex 4.64174898443336 -4.518170404087 2.539
   endloop
endfacet
facet normal 0 0 1
   outer loop
      vertex 3.05896585377968 -8.93144570302665 2.539
      vertex 2.88961065865506 -8.35771900023971 2.539
      vertex 2.37317183714743 -9.02556559405709 2.539
   endloop
endfacet
facet normal 0 0 1
   outer loop
      vertex -1.4442486307923 -3.96418206197707 2.539
      vertex -1.51441126189516 -3.21807667711718 2.539
      vertex -2.16709160115581 -3.47888124940655 2.539
   endloop
endfacet
facet normal 0 0 1
   outer loop
      vertex -1.50000000002581 -2.59807621133841 2.539
      vertex -1.51441126189516 -3.21807667711718 2.539
      vertex -0.776457173860046 -2.8977774685371 2.539
   endloop
endfacet
facet normal 0 0 1
   outer loop
      vertex 5.55270469987563 6.20486850555493 2.539
      vertex 6.25445019971095 6.07333046155623 2.539
      vertex 6.2355149666986 6.81453459864235 2.539
   endloop
endfacet
facet normal 0 0 1
   outer loop
      vertex 7.14177175321282 0.753135087675446 2.539
      vertex 6.48943997802979 0.757072999331987 2.539
      vertex 7.11023147394729 0.0148151973932862 2.539
   endloop
endfacet
facet normal 0 0 1
   outer loop
      vertex 6.25445019971095 6.07333046155623 2.539
      vertex 6.83231042218755 6.32275372033948 2.539
      vertex 6.2355149666986 6.81453459864235 2.539
   endloop
endfacet
facet normal 0 0 1
   outer loop
      vertex -9.99209397223903 -0.397565151823375 2.539
      vertex -9.41775245573645 -0.67304710532224 2.539
      vertex -9.33617421110259 0.0158598736881785 2.539
   endloop
endfacet
facet normal 0 0 1
   outer loop
      vertex 6.25445019971095 6.07333046155623 2.539
      vertex 5.55270469987563 6.20486850555493 2.539
      vertex 5.97610252116474 5.47737345042513 2.539
   endloop
endfacet
facet normal 0 0 1
   outer loop
      vertex -9.41775245573645 -0.67304710532224 2.539
      vertex -8.79665140680293 -0.647287217134416 2.539
      vertex -9.33617421110259 0.0158598736881785 2.539
   endloop
endfacet
facet normal 0 0 1
   outer loop
      vertex 5.29540501475008 -4.49790917432435 2.539
      vertex 5.8145080647188 -4.96952077832617 2.539
      vertex 6.08459203970475 -4.25768302922079 2.539
   endloop
endfacet
facet normal 0 0 1
   outer loop
      vertex -6.76414399285058 -4.65390842050438 2.539
      vertex -7.21403764580522 -5.11673606044327 2.539
      vertex -6.5076540089288 -5.1698743208468 2.539
   endloop
endfacet
facet normal 0 0 1
   outer loop
      vertex -7.21403764580522 -5.11673606044327 2.539
      vertex -6.76414399285058 -4.65390842050438 2.539
      vertex -7.3796025783641 -4.42197105799433 2.539
   endloop
endfacet
facet normal 0 0 1
   outer loop
      vertex -6.29125176729735 -4.34851499489303 2.539
      vertex -6.76414399285058 -4.65390842050438 2.539
      vertex -6.5076540089288 -5.1698743208468 2.539
   endloop
endfacet
facet normal 0 0 1
   outer loop
      vertex 5.18802610316736 -3.84907018112212 2.539
      vertex 5.29540501475008 -4.49790917432435 2.539
      vertex 6.08459203970475 -4.25768302922079 2.539
   endloop
endfacet
facet normal 0 0 1
   outer loop
      vertex 1.03519064545163 -7.30879372712867 2.539
      vertex 1.12268102912773 -7.81711109057758 2.539
      vertex 1.73668469250927 -7.47029393283644 2.539
   endloop
endfacet
facet normal 0 0 1
   outer loop
      vertex 1.12268102912773 -7.81711109057758 2.539
      vertex 1.03519064545163 -7.30879372712867 2.539
      vertex 0.419631171476752 -7.6655289029029 2.539
   endloop
endfacet
facet normal 0 0 1
   outer loop
      vertex 1.20622623264606 -6.63334904191772 2.539
      vertex 1.03519064545163 -7.30879372712867 2.539
      vertex 1.73668469250927 -7.47029393283644 2.539
   endloop
endfacet
facet normal 0 0 1
   outer loop
      vertex 4.71337418739036 4.30666693515644 2.539
      vertex 4.55291653402038 5.00299247603868 2.539
      vertex 3.94953088820203 4.29454693604647 2.539
   endloop
endfacet
facet normal 0 0 1
   outer loop
      vertex 0.904569620109124 7.83883054113498 2.539
      vertex 1.03875545011272 7.32078891246276 2.539
      vertex 1.67705847247995 7.48131167644074 2.539
   endloop
endfacet
facet normal 0 0 1
   outer loop
      vertex 1.03875545011272 7.32078891246276 2.539
      vertex 0.904569620109124 7.83883054113498 2.539
      vertex 0.376363461475924 7.37123771752133 2.539
   endloop
endfacet
facet normal 0 0 1
   outer loop
      vertex 1.03875545011272 7.32078891246276 2.539
      vertex 1.20243917258577 6.63037606465123 2.539
      vertex 1.67705847247995 7.48131167644074 2.539
   endloop
endfacet
facet normal 0 0 1
   outer loop
      vertex 4.71337418739036 4.30666693515644 2.539
      vertex 4.32621094846928 3.71106314028545 2.539
      vertex 5.24418536509105 3.82892109617534 2.539
   endloop
endfacet
facet normal 0 0 1
   outer loop
      vertex 7.0891879014231 -0.711640281893333 2.539
      vertex 6.4538689756799 -0.725721916298724 2.539
      vertex 7.18138833533147 -1.32876793023673 2.539
   endloop
endfacet
facet normal 0 0 1
   outer loop
      vertex -7.02991555555246 -6.33591261046456 2.539
      vertex -6.51218298271058 -5.97789309053752 2.539
      vertex -7.12128673888888 -5.73101842308674 2.539
   endloop
endfacet
facet normal 0 0 1
   outer loop
      vertex 7.0891879014231 -0.711640281893333 2.539
      vertex 7.74463090204967 -0.696048555269025 2.539
      vertex 7.11023147394729 0.0148151973932862 2.539
   endloop
endfacet
facet normal 0 0 1
   outer loop
      vertex 7.74463090204967 -0.696048555269025 2.539
      vertex 7.0891879014231 -0.711640281893333 2.539
      vertex 7.18138833533147 -1.32876793023673 2.539
   endloop
endfacet
facet normal 0 0 1
   outer loop
      vertex 4.32621094846928 3.71106314028545 2.539
      vertex 4.71337418739036 4.30666693515644 2.539
      vertex 3.94953088820203 4.29454693604647 2.539
   endloop
endfacet
facet normal 0 0 1
   outer loop
      vertex 7.92283111356035 -5.17631630656954 2.539
      vertex 7.44489652298662 -4.76669786380165 2.539
      vertex 7.36171264879945 -5.41912465959379 2.539
   endloop
endfacet
facet normal 0 0 1
   outer loop
      vertex -7.34531355766572 0.870409909131446 2.539
      vertex -7.85707819005315 0.91731401552736 2.539
      vertex -7.67926331990088 0.236099103816283 2.539
   endloop
endfacet
facet normal 0 0 1
   outer loop
      vertex -7.85707819005315 0.91731401552736 2.539
      vertex -7.34531355766572 0.870409909131446 2.539
      vertex -7.51874607811012 1.55156184521502 2.539
   endloop
endfacet
facet normal 0 0 1
   outer loop
      vertex -6.7493970433281 0.511577936548999 2.539
      vertex -7.34531355766572 0.870409909131446 2.539
      vertex -7.67926331990088 0.236099103816283 2.539
   endloop
endfacet
facet normal 0 0 1
   outer loop
      vertex 2.52211425862883 3.39223672166984 2.539
      vertex 2.96400953643852 3.68791738447905 2.539
      vertex 2.56164978078238 4.05686203701387 2.539
   endloop
endfacet
facet normal 0 0 1
   outer loop
      vertex 0.139583053355685 9.49240690345141 2.539
      vertex -0.00255873048129906 8.79590235187326 2.539
      vertex 0.748300476593289 9.28366950703716 2.539
   endloop
endfacet
facet normal 0 0 1
   outer loop
      vertex 3.22689355040001 4.20578836214106 2.539
      vertex 2.96400953643852 3.68791738447905 2.539
      vertex 3.57887348553714 3.70166141897585 2.539
   endloop
endfacet
facet normal 0 0 1
   outer loop
      vertex 2.96400953643852 3.68791738447905 2.539
      vertex 3.22689355040001 4.20578836214106 2.539
      vertex 2.56164978078238 4.05686203701387 2.539
   endloop
endfacet
facet normal 0 0 1
   outer loop
      vertex -5.7029505442531 -3.96557606766251 2.539
      vertex -5.04937707647192 -4.02824945445342 2.539
      vertex -5.55516272962958 -3.32757188989502 2.539
   endloop
endfacet
facet normal 0 0 1
   outer loop
      vertex -5.7029505442531 -3.96557606766251 2.539
      vertex -6.29125176729735 -4.34851499489303 2.539
      vertex -5.67319980086321 -4.79502587189841 2.539
   endloop
endfacet
facet normal 0 0 1
   outer loop
      vertex -0.198821924745086 9.99802329674424 2.539
      vertex -0.367785150974253 9.4572416557767 2.539
      vertex 0.139583053355685 9.49240690345141 2.539
   endloop
endfacet
facet normal 0 0 1
   outer loop
      vertex -5.04937707647192 -4.02824945445342 2.539
      vertex -5.7029505442531 -3.96557606766251 2.539
      vertex -5.67319980086321 -4.79502587189841 2.539
   endloop
endfacet
facet normal 0 0 1
   outer loop
      vertex -5.20699637823723 1.75060674191897 2.539
      vertex -4.65213107971204 2.01888468342356 2.539
      vertex -5.3248447920598 2.64999568515217 2.539
   endloop
endfacet
facet normal 0 0 1
   outer loop
      vertex -5.8581085462096 2.043142394811 2.539
      vertex -5.20699637823723 1.75060674191897 2.539
      vertex -5.3248447920598 2.64999568515217 2.539
   endloop
endfacet
facet normal 0 0 1
   outer loop
      vertex -1.06464890544095 -5.58450011809757 2.539
      vertex -1.46826812296596 -6.2429737497275 2.539
      vertex -0.750577284606088 -6.35092454548881 2.539
   endloop
endfacet
facet normal 0 0 1
   outer loop
      vertex -6.30888600317937 2.53368893266105 2.539
      vertex -6.88449052660297 3.15205615612495 2.539
      vertex -7.12541171309896 2.35742388245315 2.539
   endloop
endfacet
facet normal 0 0 1
   outer loop
      vertex -4.34842587979914 8.42351823131979 2.539
      vertex -4.22193033734895 7.78595252044589 2.539
      vertex -3.77574054230973 8.30889484542226 2.539
   endloop
endfacet
facet normal 0 0 1
   outer loop
      vertex -6.88449052660297 3.15205615612495 2.539
      vertex -6.30888600317937 2.53368893266105 2.539
      vertex -6.11142485946871 3.28570066316638 2.539
   endloop
endfacet
facet normal 0 0 1
   outer loop
      vertex 7.11023147394729 0.0148151973932862 2.539
      vertex 6.32857134311794 -0.00221176716788207 2.539
      vertex 6.4538689756799 -0.725721916298724 2.539
   endloop
endfacet
facet normal 0 0 1
   outer loop
      vertex -1.46826812296596 -6.2429737497275 2.539
      vertex -1.06464890544095 -5.58450011809757 2.539
      vertex -1.73738979241518 -5.40987195525678 2.539
   endloop
endfacet
facet normal 0 0 1
   outer loop
      vertex -4.8167668220233 8.07779099357941 2.539
      vertex -5.45194674952265 8.38309469351083 2.539
      vertex -5.42459578496359 7.61142448022923 2.539
   endloop
endfacet
facet normal 0 0 1
   outer loop
      vertex -4.72561063062043 7.46745184207909 2.539
      vertex -4.8167668220233 8.07779099357941 2.539
      vertex -5.42459578496359 7.61142448022923 2.539
   endloop
endfacet
facet normal 0 0 1
   outer loop
      vertex -1.35592378416368 6.2230831779915 2.539
      vertex -1.02350848902498 5.52929506969835 2.539
      vertex -0.586502582835962 6.31627860025997 2.539
   endloop
endfacet
facet normal 0 0 1
   outer loop
      vertex -1.02350848902498 5.52929506969835 2.539
      vertex -1.35592378416368 6.2230831779915 2.539
      vertex -1.76494589834311 5.46578004962173 2.539
   endloop
endfacet
facet normal 0 0 1
   outer loop
      vertex 5.72416005159912 -0.373815368821495 2.539
      vertex 6.32857134311794 -0.00221176716788207 2.539
      vertex 5.71878339866005 0.353936324835753 2.539
   endloop
endfacet
facet normal 0 0 1
   outer loop
      vertex 6.32857134311794 -0.00221176716788207 2.539
      vertex 5.72416005159912 -0.373815368821495 2.539
      vertex 6.4538689756799 -0.725721916298724 2.539
   endloop
endfacet
facet normal 0 0 1
   outer loop
      vertex -1.81697174421365 6.96738555716837 2.539
      vertex -1.97789368753876 6.27343330577612 2.539
      vertex -1.35592378416368 6.2230831779915 2.539
   endloop
endfacet
facet normal 0 0 1
   outer loop
      vertex 4.84761947695944 -8.15411818555097 2.539
      vertex 4.47924602077454 -7.50879761928674 2.539
      vertex 4.09884953290593 -8.19404481409727 2.539
   endloop
endfacet
facet normal 0 0 1
   outer loop
      vertex -1.76494589834311 5.46578004962173 2.539
      vertex -1.97789368753876 6.27343330577612 2.539
      vertex -2.54489614629962 6.00233592936281 2.539
   endloop
endfacet
facet normal 0 0 1
   outer loop
      vertex -1.97789368753876 6.27343330577612 2.539
      vertex -1.76494589834311 5.46578004962173 2.539
      vertex -1.35592378416368 6.2230831779915 2.539
   endloop
endfacet
facet normal 0 0 1
   outer loop
      vertex 1.20622623264606 -6.63334904191772 2.539
      vertex 0.637880217353246 -6.96523901220477 2.539
      vertex 1.03519064545163 -7.30879372712867 2.539
   endloop
endfacet
facet normal 0 0 1
   outer loop
      vertex 4.47924602077454 -7.50879761928674 2.539
      vertex 4.84761947695944 -8.15411818555097 2.539
      vertex 5.19689154699235 -7.4965453357734 2.539
   endloop
endfacet
facet normal 0 0 1
   outer loop
      vertex 2.89777749401032 -0.776457078792686 2.539
      vertex 3.50247232194298 -0.638492862141613 2.539
      vertex 3 0 2.539
   endloop
endfacet
facet normal 0 0 1
   outer loop
      vertex 4.20372830089949 -0.380704940090917 2.539
      vertex 3.50247232194298 -0.638492862141613 2.539
      vertex 3.92059908214935 -1.19627418694243 2.539
   endloop
endfacet
facet normal 0 0 1
   outer loop
      vertex -9.12245026357725 -2.60153896406963 2.539
      vertex -8.40466617073196 -2.40935382178019 2.539
      vertex -8.96993628153692 -1.86707012229883 2.539
   endloop
endfacet
facet normal 0 0 1
   outer loop
      vertex 0.637880217353246 -6.96523901220477 2.539
      vertex 0.419631171476752 -7.6655289029029 2.539
      vertex 1.03519064545163 -7.30879372712867 2.539
   endloop
endfacet
facet normal 0 0 1
   outer loop
      vertex 0.637880217353246 -6.96523901220477 2.539
      vertex 1.20622623264606 -6.63334904191772 2.539
      vertex 0.566611267714945 -6.40676690098801 2.539
   endloop
endfacet
facet normal 0 0 1
   outer loop
      vertex -5.10340797684686 -6.94965047286094 2.539
      vertex -5.32156565489551 -7.60920441802699 2.539
      vertex -4.59371444386482 -7.33391944785216 2.539
   endloop
endfacet
facet normal 0 0 1
   outer loop
      vertex -8.40466617073196 -2.40935382178019 2.539
      vertex -9.12245026357725 -2.60153896406963 2.539
      vertex -8.57574145833454 -3.10654961017555 2.539
   endloop
endfacet
facet normal 0 0 1
   outer loop
      vertex -6.7493970433281 0.511577936548999 2.539
      vertex -6.90418458602375 1.13328235659755 2.539
      vertex -7.34531355766572 0.870409909131446 2.539
   endloop
endfacet
facet normal 0 0 1
   outer loop
      vertex -6.90418458602375 1.13328235659755 2.539
      vertex -7.51874607811012 1.55156184521502 2.539
      vertex -7.34531355766572 0.870409909131446 2.539
   endloop
endfacet
facet normal 0 0 1
   outer loop
      vertex 8.02389601782789 -3.15560037413048 2.539
      vertex 8.71701806909115 -3.19870525860655 2.539
      vertex 8.26515757999336 -2.56409404550516 2.539
   endloop
endfacet
facet normal 0 0 1
   outer loop
      vertex 0.776457099901028 2.89777748835436 2.539
      vertex 0.483032950401874 3.49850345163301 2.539
      vertex -1.22943607824602e-8 3 2.539
   endloop
endfacet
facet normal 0 0 1
   outer loop
      vertex 0.494060232593226 -3.48886306479061 2.539
      vertex 0.776457099901024 -2.89777748835436 2.539
      vertex -1.22943686549367e-8 -3 2.539
   endloop
endfacet
facet normal 0 0 1
   outer loop
      vertex 6.69428625497067 2.85169296337404 2.539
      vertex 7.35804270095645 2.96420720723266 2.539
      vertex 6.84824308025387 3.62350239822712 2.539
   endloop
endfacet
facet normal 0 0 1
   outer loop
      vertex 7.35804270095645 2.96420720723266 2.539
      vertex 6.69428625497067 2.85169296337404 2.539
      vertex 6.93135403248638 2.25148121757787 2.539
   endloop
endfacet
facet normal 0 0 1
   outer loop
      vertex 6.06697440190827 2.99970149794359 2.539
      vertex 6.69428625497067 2.85169296337404 2.539
      vertex 6.84824308025387 3.62350239822712 2.539
   endloop
endfacet
facet normal 0 0 1
   outer loop
      vertex -7.80057296300612 -6.25708090476844 2.539
      vertex -7.66335727733011 -5.52861355145982 2.539
      vertex -8.2730403291689 -5.61754427770222 2.539
   endloop
endfacet
facet normal 0 0 1
   outer loop
      vertex -7.21403764580522 -5.11673606044327 2.539
      vertex -7.66335727733011 -5.52861355145982 2.539
      vertex -7.12128673888888 -5.73101842308674 2.539
   endloop
endfacet
facet normal 0 0 1
   outer loop
      vertex -6.90418458602375 1.13328235659755 2.539
      vertex -6.7493970433281 0.511577936548999 2.539
      vertex -6.35843067250147 1.01904728231458 2.539
   endloop
endfacet
facet normal 0 0 1
   outer loop
      vertex -7.66335727733011 -5.52861355145982 2.539
      vertex -7.80057296300612 -6.25708090476844 2.539
      vertex -7.12128673888888 -5.73101842308674 2.539
   endloop
endfacet
facet normal 0 0 1
   outer loop
      vertex 8.04316565211542 -5.94201029051875 2.539
      vertex 7.30448855170303 -5.99522012471803 2.539
      vertex 7.5456462187375 -6.56225747297776 2.539
   endloop
endfacet
facet normal 0 0 1
   outer loop
      vertex 6.79219519261231 -5.66568445947945 2.539
      vertex 7.30448855170303 -5.99522012471803 2.539
      vertex 7.36171264879945 -5.41912465959379 2.539
   endloop
endfacet
facet normal 0 0 1
   outer loop
      vertex -3.48982964459977 0.415009847510809 2.539
      vertex -3 0 2.539
      vertex -2.89777746934155 0.776457170857777 2.539
   endloop
endfacet
facet normal 0 0 1
   outer loop
      vertex 7.30448855170303 -5.99522012471803 2.539
      vertex 8.04316565211542 -5.94201029051875 2.539
      vertex 7.36171264879945 -5.41912465959379 2.539
   endloop
endfacet
facet normal 0 0 1
   outer loop
      vertex 1.38735530738849 -9.90329466647646 2.539
      vertex 1.10839723418423 -9.27942498217909 2.539
      vertex 0.596151244184228 -9.98221436826808 2.539
   endloop
endfacet
facet normal 0 0 1
   outer loop
      vertex -4.46566713823579 5.74218627415345 2.539
      vertex -4.74392936270966 6.35522715265385 2.539
      vertex -5.25558250510115 5.69307480872616 2.539
   endloop
endfacet
facet normal 0 0 1
   outer loop
      vertex -4.74392936270966 6.35522715265385 2.539
      vertex -4.46566713823579 5.74218627415345 2.539
      vertex -3.9614951039485 6.14011815953655 2.539
   endloop
endfacet
facet normal 0 0 1
   outer loop
      vertex -4.45266306047999 5.09489496039996 2.539
      vertex -4.46566713823579 5.74218627415345 2.539
      vertex -5.25558250510115 5.69307480872616 2.539
   endloop
endfacet
facet normal 0 0 1
   outer loop
      vertex 3 0 2.539
      vertex 3.70524139288145 0.105778917605561 2.539
      vertex 3.53072459671976 0.680165480208618 2.539
   endloop
endfacet
facet normal 0 0 1
   outer loop
      vertex 4.43590065400677 7.4735384452107 2.539
      vertex 4.83603195693872 8.1502574565479 2.539
      vertex 4.08001982133453 8.18822610473746 2.539
   endloop
endfacet
facet normal 0 0 1
   outer loop
      vertex 4.83603195693872 8.1502574565479 2.539
      vertex 4.43590065400677 7.4735384452107 2.539
      vertex 5.18954149412951 7.5144588543373 2.539
   endloop
endfacet
facet normal 0 0 1
   outer loop
      vertex 4.22712006340355 0.491211653586197 2.539
      vertex 3.70524139288145 0.105778917605561 2.539
      vertex 4.20372830089949 -0.380704940090917 2.539
   endloop
endfacet
facet normal 0 0 1
   outer loop
      vertex 3.70524139288145 0.105778917605561 2.539
      vertex 4.22712006340355 0.491211653586197 2.539
      vertex 3.53072459671976 0.680165480208618 2.539
   endloop
endfacet
facet normal 0 0 1
   outer loop
      vertex 1.10839723418423 -9.27942498217909 2.539
      vertex 0.425666996069577 -9.10157641745069 2.539
      vertex 0.596151244184228 -9.98221436826808 2.539
   endloop
endfacet
facet normal 0 0 1
   outer loop
      vertex 2.16978805579823 -9.76176314980625 2.539
      vertex 1.70204052322695 -9.39757808119118 2.539
      vertex 1.38735530738849 -9.90329466647646 2.539
   endloop
endfacet
facet normal 0 0 1
   outer loop
      vertex 6.73396912280914 -2.79776195562798 2.539
      vertex 6.06118767095777 -2.98655181318244 2.539
      vertex 6.84264757824968 -3.59438398598374 2.539
   endloop
endfacet
facet normal 0 0 1
   outer loop
      vertex -1.22943607824602e-8 3 2.539
      vertex -0.244347734633724 3.57913258923886 2.539
      vertex -0.776457173860056 2.89777746853709 2.539
   endloop
endfacet
facet normal 0 0 1
   outer loop
      vertex -0.600707023360595 4.22401885978466 2.539
      vertex -0.244347734633724 3.57913258923886 2.539
      vertex 0.279132579757295 4.25856466486234 2.539
   endloop
endfacet
facet normal 0 0 1
   outer loop
      vertex -4.42931053858602 -5.79292007552711 2.539
      vertex -4.4398198625073 -5.09376664268888 2.539
      vertex -5.22616167509931 -5.69443168882374 2.539
   endloop
endfacet
facet normal 0 0 1
   outer loop
      vertex -9.99209397223904 0.397565151823238 2.539
      vertex -9.5259652629095 0.762795250438069 2.539
      vertex -9.92892073547959 1.19018193086751 2.539
   endloop
endfacet
facet normal 0 0 1
   outer loop
      vertex -0.239299505189141 -3.57860788358289 2.539
      vertex -1.22943686549367e-8 -3 2.539
      vertex -0.776457173860046 -2.8977774685371 2.539
   endloop
endfacet
facet normal 0 0 1
   outer loop
      vertex -4.64027685284169 -6.47517567619583 2.539
      vertex -5.10340797684686 -6.94965047286094 2.539
      vertex -4.59371444386482 -7.33391944785216 2.539
   endloop
endfacet
facet normal 0 0 1
   outer loop
      vertex -0.239299505189141 -3.57860788358289 2.539
      vertex -0.593036665006554 -4.2245203603469 2.539
      vertex 0.286516181120597 -4.251624164975 2.539
   endloop
endfacet
facet normal 0 0 1
   outer loop
      vertex -5.45194674952264 -8.38309469351084 2.539
      vertex -4.71146695265894 -8.03280324967198 2.539
      vertex -5.32156565489551 -7.60920441802699 2.539
   endloop
endfacet
facet normal 0 0 1
   outer loop
      vertex -4.71146695265894 -8.03280324967198 2.539
      vertex -4.59371444386482 -7.33391944785216 2.539
      vertex -5.32156565489551 -7.60920441802699 2.539
   endloop
endfacet
facet normal 0 0 1
   outer loop
      vertex 9.49820133244889 -3.12796602415467 2.539
      vertex 8.9703724967267 -2.49957178931696 2.539
      vertex 8.71701806909115 -3.19870525860655 2.539
   endloop
endfacet
facet normal 0 0 1
   outer loop
      vertex 8.9703724967267 -2.49957178931696 2.539
      vertex 8.26515757999336 -2.56409404550516 2.539
      vertex 8.71701806909115 -3.19870525860655 2.539
   endloop
endfacet
facet normal 0 0 1
   outer loop
      vertex 7.44700809678267 -2.82800881834214 2.539
      vertex 8.02389601782789 -3.15560037413048 2.539
      vertex 8.26515757999336 -2.56409404550516 2.539
   endloop
endfacet
facet normal 0 0 1
   outer loop
      vertex 6.4538689756799 -0.725721916298724 2.539
      vertex 7.0891879014231 -0.711640281893333 2.539
      vertex 7.11023147394729 0.0148151973932862 2.539
   endloop
endfacet
facet normal 0 0 1
   outer loop
      vertex -0.228122495741804 -8.7177647978734 2.539
      vertex -0.201713089304406 -9.46967390893776 2.539
      vertex 0.425666996069577 -9.10157641745069 2.539
   endloop
endfacet
facet normal 0 0 1
   outer loop
      vertex -0.201713089304406 -9.46967390893776 2.539
      vertex -0.228122495741804 -8.7177647978734 2.539
      vertex -0.812614214942656 -9.06784308318445 2.539
   endloop
endfacet
facet normal 0 0 1
   outer loop
      vertex -6.87273680942268 -3.27476059907915 2.539
      vertex -6.32089840796743 -2.70177898024213 2.539
      vertex -7.04723834372415 -2.37417872487723 2.539
   endloop
endfacet
facet normal 0 0 1
   outer loop
      vertex -1.30251093809098 7.68995302712026 2.539
      vertex -1.06691061741944 6.97753793638223 2.539
      vertex -0.446451618830228 7.34350177512075 2.539
   endloop
endfacet
facet normal 0 0 1
   outer loop
      vertex -1.06691061741944 6.97753793638223 2.539
      vertex -1.30251093809098 7.68995302712026 2.539
      vertex -1.81697174421365 6.96738555716837 2.539
   endloop
endfacet
facet normal 0 0 1
   outer loop
      vertex 4.92714094463608 -5.80701724710068 2.539
      vertex 4.23454780854938 -5.42050416787633 2.539
      vertex 4.10055476352059 -6.20532676677891 2.539
   endloop
endfacet
facet normal 0 0 1
   outer loop
      vertex -1.06691061741944 6.97753793638223 2.539
      vertex -0.586502582835962 6.31627860025997 2.539
      vertex -0.446451618830228 7.34350177512075 2.539
   endloop
endfacet
facet normal 0 0 1
   outer loop
      vertex -2.12132028332661 2.12132040379267 2.539
      vertex -2.6913532361451 2.3085311646667 2.539
      vertex -2.59807617853735 1.50000005683892 2.539
   endloop
endfacet
facet normal 0 0 1
   outer loop
      vertex 2.95438495111911 -2.01537868855712 2.539
      vertex 2.59807624304469 -1.49999994510893 2.539
      vertex 2.12132034822199 -2.12132033889729 2.539
   endloop
endfacet
facet normal 0 0 1
   outer loop
      vertex 8.7183691743821 3.24562251649416 2.539
      vertex 8.01294581322777 3.04992438558496 2.539
      vertex 8.36295396635988 2.56248458353132 2.539
   endloop
endfacet
facet normal 0 0 1
   outer loop
      vertex -0.857907692545837 3.60842496145817 2.539
      vertex -0.776457173860056 2.89777746853709 2.539
      vertex -0.244347734633724 3.57913258923886 2.539
   endloop
endfacet
facet normal 0 0 1
   outer loop
      vertex 2.59807624304469 -1.49999994510893 2.539
      vertex 2.95438495111911 -2.01537868855712 2.539
      vertex 3.26618681916719 -1.34927322437153 2.539
   endloop
endfacet
facet normal 0 0 1
   outer loop
      vertex 2.59807624304469 1.49999994510894 2.539
      vertex 2.95744291113955 1.99515794824792 2.539
      vertex 2.12132034822198 2.12132033889731 2.539
   endloop
endfacet
facet normal 0 0 1
   outer loop
      vertex -5.42459578496359 7.61142448022923 2.539
      vertex -5.02399964173576 6.97233893008264 2.539
      vertex -4.72561063062043 7.46745184207909 2.539
   endloop
endfacet
facet normal 0 0 1
   outer loop
      vertex -2.71907514384334 -2.34090676758737 2.539
      vertex -2.12132028332661 -2.12132040379267 2.539
      vertex -2.59807617853735 -1.50000005683892 2.539
   endloop
endfacet
facet normal 0 0 1
   outer loop
      vertex -2.12132028332661 -2.12132040379267 2.539
      vertex -2.71907514384334 -2.34090676758737 2.539
      vertex -2.14539054030943 -2.80707316350887 2.539
   endloop
endfacet
facet normal 0 0 1
   outer loop
      vertex -0.857907692545837 3.60842496145817 2.539
      vertex -0.600707023360595 4.22401885978466 2.539
      vertex -1.46916854790442 3.96017989663387 2.539
   endloop
endfacet
facet normal 0 0 1
   outer loop
      vertex -0.600707023360595 4.22401885978466 2.539
      vertex -0.857907692545837 3.60842496145817 2.539
      vertex -0.244347734633724 3.57913258923886 2.539
   endloop
endfacet
facet normal 0 0 1
   outer loop
      vertex -0.776457173860046 -2.8977774685371 2.539
      vertex -0.846879593687706 -3.60886224284775 2.539
      vertex -0.239299505189141 -3.57860788358289 2.539
   endloop
endfacet
facet normal 0 0 1
   outer loop
      vertex -0.846879593687706 -3.60886224284775 2.539
      vertex -0.593036665006554 -4.2245203603469 2.539
      vertex -0.239299505189141 -3.57860788358289 2.539
   endloop
endfacet
facet normal 0 0 1
   outer loop
      vertex -0.593036665006554 -4.2245203603469 2.539
      vertex -0.846879593687706 -3.60886224284775 2.539
      vertex -1.4442486307923 -3.96418206197707 2.539
   endloop
endfacet
facet normal 0 0 1
   outer loop
      vertex -2.20755239380617 -6.12319523741456 2.539
      vertex -2.5055176102354 -6.69700980727771 2.539
      vertex -1.89997002837772 -6.96116284237124 2.539
   endloop
endfacet
facet normal 0 0 1
   outer loop
      vertex -2.66729077248565 -7.32426516065148 2.539
      vertex -2.5055176102354 -6.69700980727771 2.539
      vertex -3.25437876660518 -6.70045351292353 2.539
   endloop
endfacet
facet normal 0 0 1
   outer loop
      vertex -2.5055176102354 -6.69700980727771 2.539
      vertex -2.66729077248565 -7.32426516065148 2.539
      vertex -1.89997002837772 -6.96116284237124 2.539
   endloop
endfacet
facet normal 0 0 1
   outer loop
      vertex -2.49501338948039 -5.45562415885149 2.539
      vertex -2.20755239380617 -6.12319523741456 2.539
      vertex -1.73738979241518 -5.40987195525678 2.539
   endloop
endfacet
facet normal 0 0 -1
   outer loop
      vertex -3.4863335024001 -0.368938231768443 -2.539
      vertex -4.05838367827787 0.0771404892035381 -2.539
      vertex -3.48982964459977 0.415009847510809 -2.539
   endloop
endfacet
facet normal 0 0 -1
   outer loop
      vertex 8.10848870575371 -3.73889876614935 -2.539
      vertex 8.71701806909115 -3.19870525860655 -2.539
      vertex 8.62342791724977 -3.988553963311 -2.539
   endloop
endfacet
facet normal 0 0 -1
   outer loop
      vertex -3.4863335024001 -0.368938231768443 -2.539
      vertex -4.12985853328694 -0.766692838646502 -2.539
      vertex -4.05838367827787 0.0771404892035381 -2.539
   endloop
endfacet
facet normal 0 0 -1
   outer loop
      vertex -4.74392936270966 6.35522715265385 -2.539
      vertex -5.25558250510115 5.69307480872616 -2.539
      vertex -5.48547630617373 6.46501720713219 -2.539
   endloop
endfacet
facet normal 0 0 -1
   outer loop
      vertex 1.25360826163265 -3.27643864338035 -2.539
      vertex 0.971117675105958 -3.94809704608601 -2.539
      vertex 0.494060232593226 -3.48886306479061 -2.539
   endloop
endfacet
facet normal 0 0 -1
   outer loop
      vertex 8.71701806909115 -3.19870525860655 -2.539
      vertex 9.21965858883561 -3.87271164758103 -2.539
      vertex 8.62342791724977 -3.988553963311 -2.539
   endloop
endfacet
facet normal 0 0 -1
   outer loop
      vertex 1.25360826163265 -3.27643864338035 -2.539
      vertex 1.82599730267466 -3.80838871903171 -2.539
      vertex 0.971117675105958 -3.94809704608601 -2.539
   endloop
endfacet
facet normal 0 0 -1
   outer loop
      vertex 7.35804270095645 2.96420720723266 -2.539
      vertex 6.84824308025387 3.62350239822712 -2.539
      vertex 7.64910270297519 3.64574639481689 -2.539
   endloop
endfacet
facet normal 0 0 -1
   outer loop
      vertex -5.68844500322951 -6.88249051178226 -2.539
      vertex -5.32156565489551 -7.60920441802699 -2.539
      vertex -6.06084710414137 -7.31699100337926 -2.539
   endloop
endfacet
facet normal 0 0 -1
   outer loop
      vertex 1.12268102912773 -7.81711109057758 -2.539
      vertex 1.73668469250927 -7.47029393283644 -2.539
      vertex 1.49818975488581 -8.16992701058311 -2.539
   endloop
endfacet
facet normal 0 0 -1
   outer loop
      vertex 2.95744291113955 1.99515794824792 -2.539
      vertex 3.45416132308554 2.53366462475837 -2.539
      vertex 3.63353441117925 1.97518250630878 -2.539
   endloop
endfacet
facet normal 0 0 -1
   outer loop
      vertex 1.42312406914063 8.27544609509328 -2.539
      vertex 1.67705847247995 7.48131167644074 -2.539
      vertex 0.904569620109124 7.83883054113498 -2.539
   endloop
endfacet
facet normal 0 0 -1
   outer loop
      vertex -5.32156565489551 -7.60920441802699 -2.539
      vertex -6.1007512962321 -7.92343572079198 -2.539
      vertex -6.06084710414137 -7.31699100337926 -2.539
   endloop
endfacet
facet normal 0 0 -1
   outer loop
      vertex -7.85707819005315 0.91731401552736 -2.539
      vertex -7.67926331990088 0.236099103816283 -2.539
      vertex -8.30367695148402 0.632313492099744 -2.539
   endloop
endfacet
facet normal 0 0 -1
   outer loop
      vertex 9.27640065393696 0.476167052893754 -2.539
      vertex 9.19572971583007 -0.428838948682111 -2.539
      vertex 8.52776137986 0.252855143787743 -2.539
   endloop
endfacet
facet normal 0 0 -1
   outer loop
      vertex 9.19572971583007 -0.428838948682111 -2.539
      vertex 8.40179228068699 -0.349211242514741 -2.539
      vertex 8.52776137986 0.252855143787743 -2.539
   endloop
endfacet
facet normal 0 0 -1
   outer loop
      vertex -2.79767727269987 8.86158101588207 -2.539
      vertex -1.99630113536404 8.95150457608204 -2.539
      vertex -2.38255268612968 8.24493425957847 -2.539
   endloop
endfacet
facet normal 0 0 -1
   outer loop
      vertex -1.99630113536404 8.95150457608204 -2.539
      vertex -1.77585802854168 8.24872910546198 -2.539
      vertex -2.38255268612968 8.24493425957847 -2.539
   endloop
endfacet
facet normal 0 0 -1
   outer loop
      vertex -7.91223648084601 -4.92100415041856 -2.539
      vertex -8.21320717348097 -4.18770357532511 -2.539
      vertex -7.3796025783641 -4.42197105799433 -2.539
   endloop
endfacet
facet normal 0 0 -1
   outer loop
      vertex -8.21320717348097 -4.18770357532511 -2.539
      vertex -7.46487567192874 -3.68971151321683 -2.539
      vertex -7.3796025783641 -4.42197105799433 -2.539
   endloop
endfacet
facet normal 0 0 -1
   outer loop
      vertex 6.78104206836674 -6.39122909358746 -2.539
      vertex 6.14948478529686 -6.86986400277738 -2.539
      vertex 6.16374996481778 -6.00376044444197 -2.539
   endloop
endfacet
facet normal 0 0 -1
   outer loop
      vertex 6.14948478529686 -6.86986400277738 -2.539
      vertex 5.47894939949988 -6.27397034990073 -2.539
      vertex 6.16374996481778 -6.00376044444197 -2.539
   endloop
endfacet
facet normal 0 0 -1
   outer loop
      vertex 2.0995323436821 4.59919047154067 -2.539
      vertex 2.79666276529571 4.63911374602175 -2.539
      vertex 2.56164978078238 4.05686203701387 -2.539
   endloop
endfacet
facet normal 0 0 -1
   outer loop
      vertex 2.0995323436821 4.59919047154067 -2.539
      vertex 2.65646725973997 5.22400809404886 -2.539
      vertex 2.79666276529571 4.63911374602175 -2.539
   endloop
endfacet
facet normal 0 0 -1
   outer loop
      vertex 2.6595400652436 -4.01204929632662 -2.539
      vertex 1.82599730267466 -3.80838871903171 -2.539
      vertex 2.63031659345168 -3.24386622800627 -2.539
   endloop
endfacet
facet normal 0 0 -1
   outer loop
      vertex 3.28084055448545 1.37171273236816 -2.539
      vertex 2.89777749401031 0.776457078792702 -2.539
      vertex 2.59807624304469 1.49999994510894 -2.539
   endloop
endfacet
facet normal 0 0 -1
   outer loop
      vertex 2.52211425862883 3.39223672166984 -2.539
      vertex 1.76068623024912 3.81692553623086 -2.539
      vertex 2.56164978078238 4.05686203701387 -2.539
   endloop
endfacet
facet normal 0 0 -1
   outer loop
      vertex 0.483032950401874 3.49850345163301 -2.539
      vertex 0.951368095531882 3.97712238443525 -2.539
      vertex 1.23891156057195 3.29446892856549 -2.539
   endloop
endfacet
facet normal 0 0 -1
   outer loop
      vertex 3.32645684513134 -4.96144273606913 -2.539
      vertex 2.78657138529397 -4.63868140071469 -2.539
      vertex 3.16080391081473 -4.2234107544496 -2.539
   endloop
endfacet
facet normal 0 0 -1
   outer loop
      vertex -4.55657409271756 -1.54156265009598 -2.539
      vertex -5.19915651901311 -1.5041232123429 -2.539
      vertex -4.97157827248772 -0.877031689760297 -2.539
   endloop
endfacet
facet normal 0 0 -1
   outer loop
      vertex 3.22689355040001 4.20578836214106 -2.539
      vertex 2.79666276529571 4.63911374602175 -2.539
      vertex 3.52138743914447 4.94244175513238 -2.539
   endloop
endfacet
facet normal 0 0 -1
   outer loop
      vertex -5.19915651901311 -1.5041232123429 -2.539
      vertex -5.7243730062484 -1.20389416588823 -2.539
      vertex -4.97157827248772 -0.877031689760297 -2.539
   endloop
endfacet
facet normal 0 0 -1
   outer loop
      vertex -5.64824023121632 -1.94385965992122 -2.539
      vertex -5.19915651901311 -1.5041232123429 -2.539
      vertex -4.89230087626355 -1.96989610579079 -2.539
   endloop
endfacet
facet normal 0 0 -1
   outer loop
      vertex -4.55657409271756 -1.54156265009598 -2.539
      vertex -4.12985853328694 -0.766692838646502 -2.539
      vertex -3.81091530139446 -1.70909184276255 -2.539
   endloop
endfacet
facet normal 0 0 -1
   outer loop
      vertex 0.951368095531882 3.97712238443525 -2.539
      vertex 1.76068623024912 3.81692553623086 -2.539
      vertex 1.23891156057195 3.29446892856549 -2.539
   endloop
endfacet
facet normal 0 0 -1
   outer loop
      vertex 3.26618681916719 -1.34927322437153 -2.539
      vertex 3.74104988222137 -1.93914941228653 -2.539
      vertex 2.95438495111911 -2.01537868855712 -2.539
   endloop
endfacet
facet normal 0 0 -1
   outer loop
      vertex 4.64174898443336 -4.518170404087 -2.539
      vertex 4.23454780854938 -5.42050416787633 -2.539
      vertex 3.85383330009583 -4.41759003446136 -2.539
   endloop
endfacet
facet normal 0 0 -1
   outer loop
      vertex 4.23454780854938 -5.42050416787633 -2.539
      vertex 3.32645684513134 -4.96144273606913 -2.539
      vertex 3.85383330009583 -4.41759003446136 -2.539
   endloop
endfacet
facet normal 0 0 -1
   outer loop
      vertex 2.6595400652436 -4.01204929632662 -2.539
      vertex 2.78657138529397 -4.63868140071469 -2.539
      vertex 2.09793553779798 -4.5892453537643 -2.539
   endloop
endfacet
facet normal 0 0 -1
   outer loop
      vertex 2.78657138529397 -4.63868140071469 -2.539
      vertex 2.62235863150049 -5.22328905008441 -2.539
      vertex 2.09793553779798 -4.5892453537643 -2.539
   endloop
endfacet
facet normal 0 0 -1
   outer loop
      vertex -3.82159793002792 1.71016172406856 -2.539
      vertex -4.14991046090288 0.785095107221865 -2.539
      vertex -4.58134400129855 1.45275205687641 -2.539
   endloop
endfacet
facet normal 0 0 -1
   outer loop
      vertex 3.74104988222137 -1.93914941228653 -2.539
      vertex 3.38911443910107 -2.69793582158752 -2.539
      vertex 2.95438495111911 -2.01537868855712 -2.539
   endloop
endfacet
facet normal 0 0 -1
   outer loop
      vertex 7.18138833533147 -1.32876793023673 -2.539
      vertex 7.74463090204967 -0.696048555269025 -2.539
      vertex 7.95645449207089 -1.387453178362 -2.539
   endloop
endfacet
facet normal 0 0 -1
   outer loop
      vertex 6.67561838862822 5.54712203281928 -2.539
      vertex 6.25445019971095 6.07333046155623 -2.539
      vertex 6.83231042218755 6.32275372033948 -2.539
   endloop
endfacet
facet normal 0 0 -1
   outer loop
      vertex -5.55516272962958 -3.32757188989502 -2.539
      vertex -6.32089840796743 -2.70177898024213 -2.539
      vertex -5.25682626225603 -2.5910196889654 -2.539
   endloop
endfacet
facet normal 0 0 -1
   outer loop
      vertex -6.32089840796743 -2.70177898024213 -2.539
      vertex -5.64824023121632 -1.94385965992122 -2.539
      vertex -5.25682626225603 -2.5910196889654 -2.539
   endloop
endfacet
facet normal 0 0 -1
   outer loop
      vertex 7.97108235261295 1.49851371047136 -2.539
      vertex 7.7813397476216 0.719397788656586 -2.539
      vertex 7.20722540647369 1.41684914184051 -2.539
   endloop
endfacet
facet normal 0 0 -1
   outer loop
      vertex 6.67561838862822 5.54712203281928 -2.539
      vertex 5.97610252116474 5.47737345042513 -2.539
      vertex 6.25445019971095 6.07333046155623 -2.539
   endloop
endfacet
facet normal 0 0 -1
   outer loop
      vertex 0.336405171922887 -5.11860034728193 -2.539
      vertex -0.366570266503988 -5.45535763300514 -2.539
      vertex -0.1476529122735 -4.73673886665066 -2.539
   endloop
endfacet
facet normal 0 0 -1
   outer loop
      vertex 0.336405171922887 -5.11860034728193 -2.539
      vertex 0.110688400644843 -5.9666994058377 -2.539
      vertex -0.366570266503988 -5.45535763300514 -2.539
   endloop
endfacet
facet normal 0 0 -1
   outer loop
      vertex -0.593036665006554 -4.2245203603469 -2.539
      vertex 0.286516181120597 -4.251624164975 -2.539
      vertex -0.1476529122735 -4.73673886665066 -2.539
   endloop
endfacet
facet normal 0 0 -1
   outer loop
      vertex -1.89997002837772 -6.96116284237124 -2.539
      vertex -1.46826812296596 -6.2429737497275 -2.539
      vertex -1.06718978064825 -6.98850398646034 -2.539
   endloop
endfacet
facet normal 0 0 -1
   outer loop
      vertex -0.152835756005327 4.73832077775901 -2.539
      vertex -0.3269848530287 5.43729249680753 -2.539
      vertex 0.34500136801157 5.11722742511978 -2.539
   endloop
endfacet
facet normal 0 0 -1
   outer loop
      vertex -0.3269848530287 5.43729249680753 -2.539
      vertex 0.147262867102596 5.94867383680045 -2.539
      vertex 0.34500136801157 5.11722742511978 -2.539
   endloop
endfacet
facet normal 0 0 -1
   outer loop
      vertex 2.63031659345168 -3.24386622800627 -2.539
      vertex 3.38911443910107 -2.69793582158752 -2.539
      vertex 3.45561566142861 -3.56870332199314 -2.539
   endloop
endfacet
facet normal 0 0 -1
   outer loop
      vertex -2.6913532361451 2.3085311646667 -2.539
      vertex -3.45947459212059 2.56251518570546 -2.539
      vertex -2.84064175862619 2.91357343069931 -2.539
   endloop
endfacet
facet normal 0 0 -1
   outer loop
      vertex -0.152835756005327 4.73832077775901 -2.539
      vertex 0.279132579757295 4.25856466486234 -2.539
      vertex -0.600707023360595 4.22401885978466 -2.539
   endloop
endfacet
facet normal 0 0 -1
   outer loop
      vertex -1.46826812296596 -6.2429737497275 -2.539
      vertex -0.750577284606088 -6.35092454548881 -2.539
      vertex -1.06718978064825 -6.98850398646034 -2.539
   endloop
endfacet
facet normal 0 0 -1
   outer loop
      vertex 4.67245678149908 -0.990328319806135 -2.539
      vertex 5.50512220733792 -1.10157250663266 -2.539
      vertex 4.71360899900423 -1.70828857009683 -2.539
   endloop
endfacet
facet normal 0 0 -1
   outer loop
      vertex 5.50512220733792 -1.10157250663266 -2.539
      vertex 5.59750082292569 -1.77121541658871 -2.539
      vertex 4.71360899900423 -1.70828857009683 -2.539
   endloop
endfacet
facet normal 0 0 -1
   outer loop
      vertex 4.67245678149908 -0.990328319806135 -2.539
      vertex 3.92059908214935 -1.19627418694243 -2.539
      vertex 4.20372830089949 -0.380704940090917 -2.539
   endloop
endfacet
facet normal 0 0 -1
   outer loop
      vertex -2.15957896864535 2.79320539883027 -2.539
      vertex -1.50000000002581 2.59807621133841 -2.539
      vertex -2.12132028332661 2.12132040379267 -2.539
   endloop
endfacet
facet normal 0 0 -1
   outer loop
      vertex 4.88828136232246 1.68567921588894 -2.539
      vertex 5.55848672119265 1.12621234251078 -2.539
      vertex 4.7596387693453 1.04951887646801 -2.539
   endloop
endfacet
facet normal 0 0 -1
   outer loop
      vertex -5.8023271379659 0.494614113439152 -2.539
      vertex -6.7493970433281 0.511577936548999 -2.539
      vertex -6.35843067250147 1.01904728231458 -2.539
   endloop
endfacet
facet normal 0 0 -1
   outer loop
      vertex 4.88828136232246 1.68567921588894 -2.539
      vertex 5.60633894025082 1.77559168363614 -2.539
      vertex 5.55848672119265 1.12621234251078 -2.539
   endloop
endfacet
facet normal 0 0 -1
   outer loop
      vertex 0.951430372663683 -5.63524040730122 -2.539
      vertex 1.20622623264606 -6.63334904191772 -2.539
      vertex 0.566611267714945 -6.40676690098801 -2.539
   endloop
endfacet
facet normal 0 0 -1
   outer loop
      vertex 4.22712006340355 0.491211653586197 -2.539
      vertex 4.07336807553777 1.33583249889909 -2.539
      vertex 4.7596387693453 1.04951887646801 -2.539
   endloop
endfacet
facet normal 0 0 -1
   outer loop
      vertex 0.583262257504924 6.3799399330809 -2.539
      vertex 1.20243917258577 6.63037606465123 -2.539
      vertex 0.951017189206498 5.644885661417 -2.539
   endloop
endfacet
facet normal 0 0 -1
   outer loop
      vertex -2.14539054030943 -2.80707316350887 -2.539
      vertex -2.83629910015323 -3.11568928116877 -2.539
      vertex -2.71907514384334 -2.34090676758737 -2.539
   endloop
endfacet
facet normal 0 0 -1
   outer loop
      vertex 6.21157619325002 -2.31165836287314 -2.539
      vertex 6.06118767095777 -2.98655181318244 -2.539
      vertex 5.28036643167759 -2.51194183749356 -2.539
   endloop
endfacet
facet normal 0 0 -1
   outer loop
      vertex -2.12473412570048 -4.21701626631232 -2.539
      vertex -2.35666955310609 -4.800980650044 -2.539
      vertex -2.85880138417228 -4.1200073707448 -2.539
   endloop
endfacet
facet normal 0 0 -1
   outer loop
      vertex 5.30669079477938 2.4876519877801 -2.539
      vertex 6.06697440190827 2.99970149794359 -2.539
      vertex 6.21411339610054 2.35939992486721 -2.539
   endloop
endfacet
facet normal 0 0 -1
   outer loop
      vertex -2.35666955310609 -4.800980650044 -2.539
      vertex -3.14846086036575 -4.95600221302782 -2.539
      vertex -2.85880138417228 -4.1200073707448 -2.539
   endloop
endfacet
facet normal 0 0 -1
   outer loop
      vertex -3.82684349684582 -5.41177407933601 -2.539
      vertex -4.4398198625073 -5.09376664268888 -2.539
      vertex -3.78186722002979 -4.45984588260549 -2.539
   endloop
endfacet
facet normal 0 0 -1
   outer loop
      vertex -4.32587229693672 2.53090720910166 -2.539
      vertex -3.45947459212059 2.56251518570546 -2.539
      vertex -3.82159793002792 1.71016172406856 -2.539
   endloop
endfacet
facet normal 0 0 -1
   outer loop
      vertex -3.76148858099017 4.48495142368883 -2.539
      vertex -4.45266306047999 5.09489496039996 -2.539
      vertex -3.86666611644085 5.3967772452983 -2.539
   endloop
endfacet
facet normal 0 0 -1
   outer loop
      vertex 5.19689154699235 -7.4965453357734 -2.539
      vertex 4.47924602077454 -7.50879761928674 -2.539
      vertex 4.79751941121548 -6.70722583788803 -2.539
   endloop
endfacet
facet normal 0 0 -1
   outer loop
      vertex -2.83629910015323 -3.11568928116877 -2.539
      vertex -3.47837245068302 -2.58123441747795 -2.539
      vertex -2.71907514384334 -2.34090676758737 -2.539
   endloop
endfacet
facet normal 0 0 -1
   outer loop
      vertex 4.77468066520684 6.65322990481766 -2.539
      vertex 4.43590065400677 7.4735384452107 -2.539
      vertex 5.18954149412951 7.5144588543373 -2.539
   endloop
endfacet
facet normal 0 0 -1
   outer loop
      vertex -2.12473412570048 -4.21701626631232 -2.539
      vertex -2.16709160115581 -3.47888124940655 -2.539
      vertex -1.4442486307923 -3.96418206197707 -2.539
   endloop
endfacet
facet normal 0 0 -1
   outer loop
      vertex -8.57574145833454 -3.10654961017555 -2.539
      vertex -8.40466617073196 -2.40935382178019 -2.539
      vertex -7.71008881357477 -2.92050892856237 -2.539
   endloop
endfacet
facet normal 0 0 -1
   outer loop
      vertex 5.51860084669141 4.71356703655131 -2.539
      vertex 4.71337418739036 4.30666693515644 -2.539
      vertex 4.55291653402038 5.00299247603868 -2.539
   endloop
endfacet
facet normal 0 0 -1
   outer loop
      vertex -7.76119920455021 2.9518225174502 -2.539
      vertex -8.26686164020674 2.43334921577118 -2.539
      vertex -8.74751470368587 2.96920818848369 -2.539
   endloop
endfacet
facet normal 0 0 -1
   outer loop
      vertex -2.86931706596937 4.28698115147626 -2.539
      vertex -2.5138042248078 5.07014988163851 -2.539
      vertex -2.20187612385814 4.32345369318396 -2.539
   endloop
endfacet
facet normal 0 0 -1
   outer loop
      vertex -0.748966638092746 -8.25590774469807 -2.539
      vertex -0.228122495741804 -8.7177647978734 -2.539
      vertex -0.812614214942656 -9.06784308318445 -2.539
   endloop
endfacet
facet normal 0 0 -1
   outer loop
      vertex -2.86931706596937 4.28698115147626 -2.539
      vertex -3.15260966495924 4.96712182446151 -2.539
      vertex -2.5138042248078 5.07014988163851 -2.539
   endloop
endfacet
facet normal 0 0 -1
   outer loop
      vertex 5.51860084669141 4.71356703655131 -2.539
      vertex 5.24418536509105 3.82892109617534 -2.539
      vertex 4.71337418739036 4.30666693515644 -2.539
   endloop
endfacet
facet normal 0 0 -1
   outer loop
      vertex -1.46916854790442 3.96017989663387 -2.539
      vertex -2.32093818635742 3.57338463409962 -2.539
      vertex -2.20187612385814 4.32345369318396 -2.539
   endloop
endfacet
facet normal 0 0 -1
   outer loop
      vertex -0.497565848679432 -7.59981523171215 -2.539
      vertex -1.06718978064825 -6.98850398646034 -2.539
      vertex -0.0731688902374206 -6.83330664502566 -2.539
   endloop
endfacet
facet normal 0 0 -1
   outer loop
      vertex -1.06718978064825 -6.98850398646034 -2.539
      vertex -0.750577284606088 -6.35092454548881 -2.539
      vertex -0.0731688902374206 -6.83330664502566 -2.539
   endloop
endfacet
facet normal 0 0 -1
   outer loop
      vertex -5.42459578496359 7.61142448022923 -2.539
      vertex -5.02399964173576 6.97233893008264 -2.539
      vertex -5.62362520923505 7.04516060854891 -2.539
   endloop
endfacet
facet normal 0 0 -1
   outer loop
      vertex -3.53408787840942 -3.51078678079949 -2.539
      vertex -3.78186722002979 -4.45984588260549 -2.539
      vertex -4.25086993065822 -3.72547293143051 -2.539
   endloop
endfacet
facet normal 0 0 -1
   outer loop
      vertex 6.73396912280914 -2.79776195562798 -2.539
      vertex 6.21157619325002 -2.31165836287314 -2.539
      vertex 6.94319676071524 -2.15496799637219 -2.539
   endloop
endfacet
facet normal 0 0 -1
   outer loop
      vertex -3.78186722002979 -4.45984588260549 -2.539
      vertex -4.41418713938311 -4.40111116742667 -2.539
      vertex -4.25086993065822 -3.72547293143051 -2.539
   endloop
endfacet
facet normal 0 0 -1
   outer loop
      vertex -3.52427758024682 7.54830692497542 -2.539
      vertex -4.22193033734895 7.78595252044589 -2.539
      vertex -3.77574054230973 8.30889484542226 -2.539
   endloop
endfacet
facet normal 0 0 -1
   outer loop
      vertex 8.7183691743821 3.24562251649416 -2.539
      vertex 8.01294581322777 3.04992438558496 -2.539
      vertex 8.24890910713708 3.63239965617601 -2.539
   endloop
endfacet
facet normal 0 0 -1
   outer loop
      vertex -6.5076540089288 -5.1698743208468 -2.539
      vertex -6.51218298271058 -5.97789309053752 -2.539
      vertex -7.12128673888888 -5.73101842308674 -2.539
   endloop
endfacet
facet normal 0 0 -1
   outer loop
      vertex 6.06118767095777 -2.98655181318244 -2.539
      vertex 6.21157619325002 -2.31165836287314 -2.539
      vertex 6.73396912280914 -2.79776195562798 -2.539
   endloop
endfacet
facet normal 0 0 -1
   outer loop
      vertex -4.42931053858602 -5.79292007552711 -2.539
      vertex -3.82684349684582 -5.41177407933601 -2.539
      vertex -3.86244955245284 -6.15990863089161 -2.539
   endloop
endfacet
facet normal 0 0 -1
   outer loop
      vertex -4.23729398573908 3.72221285785128 -2.539
      vertex -3.76148858099017 4.48495142368883 -2.539
      vertex -3.34273441581789 3.50950410249415 -2.539
   endloop
endfacet
facet normal 0 0 -1
   outer loop
      vertex 6.662698859819 -4.96881891247532 -2.539
      vertex 7.44489652298662 -4.76669786380165 -2.539
      vertex 7.36171264879945 -5.41912465959379 -2.539
   endloop
endfacet
facet normal 0 0 -1
   outer loop
      vertex -4.23729398573908 3.72221285785128 -2.539
      vertex -4.40913575752478 4.41716782384035 -2.539
      vertex -3.76148858099017 4.48495142368883 -2.539
   endloop
endfacet
facet normal 0 0 -1
   outer loop
      vertex -4.4398198625073 -5.09376664268888 -2.539
      vertex -3.82684349684582 -5.41177407933601 -2.539
      vertex -4.42931053858602 -5.79292007552711 -2.539
   endloop
endfacet
facet normal 0 0 -1
   outer loop
      vertex -3.81091530139446 -1.70909184276255 -2.539
      vertex -3.47837245068302 -2.58123441747795 -2.539
      vertex -4.33563505385956 -2.42254021127286 -2.539
   endloop
endfacet
facet normal 0 0 -1
   outer loop
      vertex -5.02399964173576 6.97233893008264 -2.539
      vertex -4.72561063062043 7.46745184207909 -2.539
      vertex -4.14076056909426 6.8897522852994 -2.539
   endloop
endfacet
facet normal 0 0 -1
   outer loop
      vertex -4.14076056909426 6.8897522852994 -2.539
      vertex -4.74392936270966 6.35522715265385 -2.539
      vertex -5.02399964173576 6.97233893008264 -2.539
   endloop
endfacet
facet normal 0 0 -1
   outer loop
      vertex -5.68844500322951 -6.88249051178226 -2.539
      vertex -5.10340797684686 -6.94965047286094 -2.539
      vertex -5.32156565489551 -7.60920441802699 -2.539
   endloop
endfacet
facet normal 0 0 -1
   outer loop
      vertex -3.9614951039485 6.14011815953655 -2.539
      vertex -4.74392936270966 6.35522715265385 -2.539
      vertex -4.14076056909426 6.8897522852994 -2.539
   endloop
endfacet
facet normal 0 0 -1
   outer loop
      vertex 8.10848870575371 -3.73889876614935 -2.539
      vertex 8.02389601782789 -3.15560037413048 -2.539
      vertex 8.71701806909115 -3.19870525860655 -2.539
   endloop
endfacet
facet normal 0 0 -1
   outer loop
      vertex -5.05606841255723 0.980308675579993 -2.539
      vertex -5.76948143696285 1.35855695500421 -2.539
      vertex -5.20699637823723 1.75060674191897 -2.539
   endloop
endfacet
facet normal 0 0 -1
   outer loop
      vertex -6.06084710414137 -7.31699100337926 -2.539
      vertex -6.71098418435935 -7.41368270681169 -2.539
      vertex -6.4678764070292 -6.74154557762859 -2.539
   endloop
endfacet
facet normal 0 0 -1
   outer loop
      vertex -5.05606841255723 0.980308675579993 -2.539
      vertex -5.20699637823723 1.75060674191897 -2.539
      vertex -4.58134400129855 1.45275205687641 -2.539
   endloop
endfacet
facet normal 0 0 -1
   outer loop
      vertex 8.62342791724977 -3.988553963311 -2.539
      vertex 8.88282612557943 -4.59297289592737 -2.539
      vertex 8.17131510649964 -4.52906404373566 -2.539
   endloop
endfacet
facet normal 0 0 -1
   outer loop
      vertex -4.65213107971204 2.01888468342356 -2.539
      vertex -4.58134400129855 1.45275205687641 -2.539
      vertex -5.20699637823723 1.75060674191897 -2.539
   endloop
endfacet
facet normal 0 0 -1
   outer loop
      vertex 0.904569620109124 7.83883054113498 -2.539
      vertex 0.145715254350245 8.04854099226436 -2.539
      vertex 0.766401013242066 8.53565785245832 -2.539
   endloop
endfacet
facet normal 0 0 -1
   outer loop
      vertex -5.68844500322951 -6.88249051178226 -2.539
      vertex -6.06084710414137 -7.31699100337926 -2.539
      vertex -6.4678764070292 -6.74154557762859 -2.539
   endloop
endfacet
facet normal 0 0 -1
   outer loop
      vertex -5.86831523162495 -6.22764136473246 -2.539
      vertex -5.68844500322951 -6.88249051178226 -2.539
      vertex -6.4678764070292 -6.74154557762859 -2.539
   endloop
endfacet
facet normal 0 0 -1
   outer loop
      vertex -5.68844500322951 -6.88249051178226 -2.539
      vertex -5.86831523162495 -6.22764136473246 -2.539
      vertex -5.30865764483915 -6.44991023406532 -2.539
   endloop
endfacet
facet normal 0 0 -1
   outer loop
      vertex 8.10848870575371 -3.73889876614935 -2.539
      vertex 8.62342791724977 -3.988553963311 -2.539
      vertex 8.17131510649964 -4.52906404373566 -2.539
   endloop
endfacet
facet normal 0 0 -1
   outer loop
      vertex 7.52176608491 -4.07990856437026 -2.539
      vertex 8.10848870575371 -3.73889876614935 -2.539
      vertex 8.17131510649964 -4.52906404373566 -2.539
   endloop
endfacet
facet normal 0 0 -1
   outer loop
      vertex 8.10848870575371 -3.73889876614935 -2.539
      vertex 7.52176608491 -4.07990856437026 -2.539
      vertex 7.59350903894384 -3.48156039274213 -2.539
   endloop
endfacet
facet normal 0 0 -1
   outer loop
      vertex -0.367785150974253 9.4572416557767 -2.539
      vertex 0.139583053355685 9.49240690345141 -2.539
      vertex -0.00255873048129906 8.79590235187326 -2.539
   endloop
endfacet
facet normal 0 0 -1
   outer loop
      vertex 1.70204052322695 -9.39757808119118 -2.539
      vertex 1.38735530738849 -9.90329466647646 -2.539
      vertex 1.10839723418423 -9.27942498217909 -2.539
   endloop
endfacet
facet normal 0 0 -1
   outer loop
      vertex 7.11023147394729 0.0148151973932862 -2.539
      vertex 7.87757346295475 -0.00799693373817689 -2.539
      vertex 7.74463090204967 -0.696048555269025 -2.539
   endloop
endfacet
facet normal 0 0 -1
   outer loop
      vertex 7.11023147394729 0.0148151973932862 -2.539
      vertex 7.7813397476216 0.719397788656586 -2.539
      vertex 7.87757346295475 -0.00799693373817689 -2.539
   endloop
endfacet
facet normal 0 0 -1
   outer loop
      vertex -1.89997002837772 -6.96116284237124 -2.539
      vertex -2.03113476516585 -7.61997166748665 -2.539
      vertex -2.66729077248565 -7.32426516065148 -2.539
   endloop
endfacet
facet normal 0 0 -1
   outer loop
      vertex -1.89997002837772 -6.96116284237124 -2.539
      vertex -1.35283675333677 -7.73222028758043 -2.539
      vertex -2.03113476516585 -7.61997166748665 -2.539
   endloop
endfacet
facet normal 0 0 -1
   outer loop
      vertex -2.64001299650688 7.44748700309593 -2.539
      vertex -1.97830264375457 7.70878543994449 -2.539
      vertex -1.81697174421365 6.96738555716837 -2.539
   endloop
endfacet
facet normal 0 0 -1
   outer loop
      vertex -1.97830264375457 7.70878543994449 -2.539
      vertex -1.30251093809098 7.68995302712026 -2.539
      vertex -1.81697174421365 6.96738555716837 -2.539
   endloop
endfacet
facet normal 0 0 -1
   outer loop
      vertex 3.97525908239095 3.0962125906106 -2.539
      vertex 3.17092785916853 3.15621287843485 -2.539
      vertex 3.57887348553714 3.70166141897585 -2.539
   endloop
endfacet
facet normal 0 0 -1
   outer loop
      vertex 3.97525908239095 3.0962125906106 -2.539
      vertex 3.45416132308554 2.53366462475837 -2.539
      vertex 3.17092785916853 3.15621287843485 -2.539
   endloop
endfacet
facet normal 0 0 -1
   outer loop
      vertex -8.21320717348097 -4.18770357532511 -2.539
      vertex -8.6791622395408 -3.70263160948708 -2.539
      vertex -8.17174629244628 -3.50215582795772 -2.539
   endloop
endfacet
facet normal 0 0 -1
   outer loop
      vertex -8.21320717348097 -4.18770357532511 -2.539
      vertex -9.05840392259366 -4.23619149415365 -2.539
      vertex -8.6791622395408 -3.70263160948708 -2.539
   endloop
endfacet
facet normal 0 0 -1
   outer loop
      vertex 6.14948478529686 -6.86986400277738 -2.539
      vertex 5.79918971532579 -7.44432705344379 -2.539
      vertex 5.47685465320038 -7.0050873980591 -2.539
   endloop
endfacet
facet normal 0 0 -1
   outer loop
      vertex 6.14948478529686 -6.86986400277738 -2.539
      vertex 6.41093638256734 -7.67462668138811 -2.539
      vertex 5.79918971532579 -7.44432705344379 -2.539
   endloop
endfacet
facet normal 0 0 -1
   outer loop
      vertex -0.00255873048129906 8.79590235187326 -2.539
      vertex 0.766401013242066 8.53565785245832 -2.539
      vertex 0.145715254350245 8.04854099226436 -2.539
   endloop
endfacet
facet normal 0 0 -1
   outer loop
      vertex 0.904569620109124 7.83883054113498 -2.539
      vertex 0.376363461475924 7.37123771752133 -2.539
      vertex 0.145715254350245 8.04854099226436 -2.539
   endloop
endfacet
facet normal 0 0 -1
   outer loop
      vertex 6.662698859819 -4.96881891247532 -2.539
      vertex 7.36171264879945 -5.41912465959379 -2.539
      vertex 6.79219519261231 -5.66568445947945 -2.539
   endloop
endfacet
facet normal 0 0 -1
   outer loop
      vertex 0.145715254350245 8.04854099226436 -2.539
      vertex -0.658314331787926 8.24639826115866 -2.539
      vertex -0.00255873048129906 8.79590235187326 -2.539
   endloop
endfacet
facet normal 0 0 -1
   outer loop
      vertex -0.00255873048129906 8.79590235187326 -2.539
      vertex -0.784589995887961 9.04925421138537 -2.539
      vertex -0.367785150974253 9.4572416557767 -2.539
   endloop
endfacet
facet normal 0 0 -1
   outer loop
      vertex -5.02399964173576 6.97233893008264 -2.539
      vertex -5.48547630617373 6.46501720713219 -2.539
      vertex -5.62362520923505 7.04516060854891 -2.539
   endloop
endfacet
facet normal 0 0 -1
   outer loop
      vertex -6.5076540089288 -5.1698743208468 -2.539
      vertex -7.12128673888888 -5.73101842308674 -2.539
      vertex -7.21403764580522 -5.11673606044327 -2.539
   endloop
endfacet
facet normal 0 0 -1
   outer loop
      vertex -5.02399964173576 6.97233893008264 -2.539
      vertex -4.74392936270966 6.35522715265385 -2.539
      vertex -5.48547630617373 6.46501720713219 -2.539
   endloop
endfacet
facet normal 0 0 -1
   outer loop
      vertex -0.784589995887961 9.04925421138537 -2.539
      vertex -0.00255873048129906 8.79590235187326 -2.539
      vertex -0.658314331787926 8.24639826115866 -2.539
   endloop
endfacet
facet normal 0 0 -1
   outer loop
      vertex -8.26686164020674 2.43334921577118 -2.539
      vertex -8.91066445507129 2.08981649795672 -2.539
      vertex -8.74751470368587 2.96920818848369 -2.539
   endloop
endfacet
facet normal 0 0 -1
   outer loop
      vertex -5.68844500322951 -6.88249051178226 -2.539
      vertex -5.30865764483915 -6.44991023406532 -2.539
      vertex -5.10340797684686 -6.94965047286094 -2.539
   endloop
endfacet
facet normal 0 0 -1
   outer loop
      vertex -8.74751470368587 2.96920818848369 -2.539
      vertex -8.91066445507129 2.08981649795672 -2.539
      vertex -9.61504903550105 2.74787773470916 -2.539
   endloop
endfacet
facet normal 0 0 -1
   outer loop
      vertex -3.52427758024682 7.54830692497542 -2.539
      vertex -3.77574054230973 8.30889484542226 -2.539
      vertex -3.09842815692258 8.17425035737416 -2.539
   endloop
endfacet
facet normal 0 0 -1
   outer loop
      vertex 9.49820133244889 -3.12796602415467 -2.539
      vertex 9.21965858883561 -3.87271164758103 -2.539
      vertex 8.71701806909115 -3.19870525860655 -2.539
   endloop
endfacet
facet normal 0 0 -1
   outer loop
      vertex 4.99065912333204 0.0224141575945325 -2.539
      vertex 5.71878339866005 0.353936324835753 -2.539
      vertex 5.72416005159912 -0.373815368821495 -2.539
   endloop
endfacet
facet normal 0 0 -1
   outer loop
      vertex -5.45194674952264 -8.38309469351084 -2.539
      vertex -6.1007512962321 -7.92343572079198 -2.539
      vertex -5.32156565489551 -7.60920441802699 -2.539
   endloop
endfacet
facet normal 0 0 -1
   outer loop
      vertex -1.21642963823809 -4.80085315773721 -2.539
      vertex -1.06464890544095 -5.58450011809757 -2.539
      vertex -1.73738979241518 -5.40987195525678 -2.539
   endloop
endfacet
facet normal 0 0 -1
   outer loop
      vertex 8.01294581322777 3.04992438558496 -2.539
      vertex 7.64910270297519 3.64574639481689 -2.539
      vertex 8.24890910713708 3.63239965617601 -2.539
   endloop
endfacet
facet normal 0 0 -1
   outer loop
      vertex -1.76494589834311 5.46578004962173 -2.539
      vertex -1.02350848902498 5.52929506969835 -2.539
      vertex -1.2309681791965 4.8133010052721 -2.539
   endloop
endfacet
facet normal 0 0 -1
   outer loop
      vertex 8.01294581322777 3.04992438558496 -2.539
      vertex 7.35804270095645 2.96420720723266 -2.539
      vertex 7.64910270297519 3.64574639481689 -2.539
   endloop
endfacet
facet normal 0 0 -1
   outer loop
      vertex -4.7887202799573 -3.18047128791025 -2.539
      vertex -5.25682626225603 -2.5910196889654 -2.539
      vertex -4.33563505385956 -2.42254021127286 -2.539
   endloop
endfacet
facet normal 0 0 -1
   outer loop
      vertex -4.7887202799573 -3.18047128791025 -2.539
      vertex -5.55516272962958 -3.32757188989502 -2.539
      vertex -5.25682626225603 -2.5910196889654 -2.539
   endloop
endfacet
facet normal 0 0 -1
   outer loop
      vertex -4.32587229693672 2.53090720910166 -2.539
      vertex -5.3248447920598 2.64999568515217 -2.539
      vertex -4.70736638446497 3.19127967769691 -2.539
   endloop
endfacet
facet normal 0 0 -1
   outer loop
      vertex 8.01294581322777 3.04992438558496 -2.539
      vertex 8.36295396635988 2.56248458353132 -2.539
      vertex 7.72733694736776 2.25549834381122 -2.539
   endloop
endfacet
facet normal 0 0 -1
   outer loop
      vertex 4.30382659245201 -3.81330883080307 -2.539
      vertex 3.85383330009583 -4.41759003446136 -2.539
      vertex 3.45561566142861 -3.56870332199314 -2.539
   endloop
endfacet
facet normal 0 0 -1
   outer loop
      vertex 4.30382659245201 -3.81330883080307 -2.539
      vertex 4.64174898443336 -4.518170404087 -2.539
      vertex 3.85383330009583 -4.41759003446136 -2.539
   endloop
endfacet
facet normal 0 0 -1
   outer loop
      vertex 3.57887348553714 3.70166141897585 -2.539
      vertex 3.94953088820203 4.29454693604647 -2.539
      vertex 4.32621094846928 3.71106314028545 -2.539
   endloop
endfacet
facet normal 0 0 -1
   outer loop
      vertex 7.72733694736776 2.25549834381122 -2.539
      vertex 7.35804270095645 2.96420720723266 -2.539
      vertex 8.01294581322777 3.04992438558496 -2.539
   endloop
endfacet
facet normal 0 0 -1
   outer loop
      vertex 4.30058459670778 -2.51466782964828 -2.539
      vertex 5.28036643167759 -2.51194183749356 -2.539
      vertex 4.69204339261743 -3.15285509715208 -2.539
   endloop
endfacet
facet normal 0 0 -1
   outer loop
      vertex 5.28036643167759 -2.51194183749356 -2.539
      vertex 5.38606335328775 -3.13835578340733 -2.539
      vertex 4.69204339261743 -3.15285509715208 -2.539
   endloop
endfacet
facet normal 0 0 -1
   outer loop
      vertex 8.10848870575371 -3.73889876614935 -2.539
      vertex 7.59350903894384 -3.48156039274213 -2.539
      vertex 8.02389601782789 -3.15560037413048 -2.539
   endloop
endfacet
facet normal 0 0 -1
   outer loop
      vertex 6.93135403248638 2.25148121757787 -2.539
      vertex 7.35804270095645 2.96420720723266 -2.539
      vertex 7.72733694736776 2.25549834381122 -2.539
   endloop
endfacet
facet normal 0 0 -1
   outer loop
      vertex 4.68480895842738 3.14027880245342 -2.539
      vertex 5.30669079477938 2.4876519877801 -2.539
      vertex 4.28645502978254 2.3235093621506 -2.539
   endloop
endfacet
facet normal 0 0 -1
   outer loop
      vertex 4.68480895842738 3.14027880245342 -2.539
      vertex 5.39986346092046 3.12940342610237 -2.539
      vertex 5.30669079477938 2.4876519877801 -2.539
   endloop
endfacet
facet normal 0 0 -1
   outer loop
      vertex 2.6595400652436 -4.01204929632662 -2.539
      vertex 3.45561566142861 -3.56870332199314 -2.539
      vertex 3.16080391081473 -4.2234107544496 -2.539
   endloop
endfacet
facet normal 0 0 -1
   outer loop
      vertex 2.63031659345168 -3.24386622800627 -2.539
      vertex 3.45561566142861 -3.56870332199314 -2.539
      vertex 2.6595400652436 -4.01204929632662 -2.539
   endloop
endfacet
facet normal 0 0 -1
   outer loop
      vertex 8.24890910713708 3.63239965617601 -2.539
      vertex 8.64619564316463 4.05677773273777 -2.539
      vertex 8.7183691743821 3.24562251649416 -2.539
   endloop
endfacet
facet normal 0 0 -1
   outer loop
      vertex 8.64619564316463 4.05677773273777 -2.539
      vertex 9.21965858883562 3.872711647581 -2.539
      vertex 8.7183691743821 3.24562251649416 -2.539
   endloop
endfacet
facet normal 0 0 -1
   outer loop
      vertex -9.5259652629095 0.762795250438069 -2.539
      vertex -9.92892073547959 1.19018193086751 -2.539
      vertex -9.21681498155043 1.32282999757118 -2.539
   endloop
endfacet
facet normal 0 0 -1
   outer loop
      vertex 9.21965858883562 3.872711647581 -2.539
      vertex 9.4982013324489 3.12796602415466 -2.539
      vertex 8.7183691743821 3.24562251649416 -2.539
   endloop
endfacet
facet normal 0 0 -1
   outer loop
      vertex -0.748966638092746 -8.25590774469807 -2.539
      vertex -1.35283675333677 -7.73222028758043 -2.539
      vertex -0.497565848679432 -7.59981523171215 -2.539
   endloop
endfacet
facet normal 0 0 -1
   outer loop
      vertex -8.79665140680293 -0.647287217134416 -2.539
      vertex -8.0880618201352 -1.02034412828806 -2.539
      vertex -8.74102737729336 -1.27734451108977 -2.539
   endloop
endfacet
facet normal 0 0 -1
   outer loop
      vertex -0.600707023360595 4.22401885978466 -2.539
      vertex -1.46916854790442 3.96017989663387 -2.539
      vertex -1.2309681791965 4.8133010052721 -2.539
   endloop
endfacet
facet normal 0 0 -1
   outer loop
      vertex -4.55657409271756 -1.54156265009598 -2.539
      vertex -4.33563505385956 -2.42254021127286 -2.539
      vertex -4.89230087626355 -1.96989610579079 -2.539
   endloop
endfacet
facet normal 0 0 -1
   outer loop
      vertex -0.446451618830228 7.34350177512075 -2.539
      vertex -1.30251093809098 7.68995302712026 -2.539
      vertex -0.658314331787926 8.24639826115866 -2.539
   endloop
endfacet
facet normal 0 0 -1
   outer loop
      vertex 5.50512220733792 -1.10157250663266 -2.539
      vertex 6.35503452433497 -1.57683655929128 -2.539
      vertex 5.59750082292569 -1.77121541658871 -2.539
   endloop
endfacet
facet normal 0 0 -1
   outer loop
      vertex 3.45420704423449 8.12058396449489 -2.539
      vertex 3.03625600339453 7.5607674008825 -2.539
      vertex 2.85965442469204 8.37101685330697 -2.539
   endloop
endfacet
facet normal 0 0 -1
   outer loop
      vertex 5.60633894025082 1.77559168363614 -2.539
      vertex 6.39598696239023 1.65302862522383 -2.539
      vertex 5.55848672119265 1.12621234251078 -2.539
   endloop
endfacet
facet normal 0 0 -1
   outer loop
      vertex 1.81873245488025 -5.31039533026127 -2.539
      vertex 0.951430372663683 -5.63524040730122 -2.539
      vertex 1.18401924796348 -4.66594161652509 -2.539
   endloop
endfacet
facet normal 0 0 -1
   outer loop
      vertex -2.35666955310609 -4.800980650044 -2.539
      vertex -2.49501338948039 -5.45562415885149 -2.539
      vertex -3.14846086036575 -4.95600221302782 -2.539
   endloop
endfacet
facet normal 0 0 -1
   outer loop
      vertex 1.81873245488025 -5.31039533026127 -2.539
      vertex 1.62179453493069 -6.01137874819619 -2.539
      vertex 0.951430372663683 -5.63524040730122 -2.539
   endloop
endfacet
facet normal 0 0 -1
   outer loop
      vertex -3.15260966495924 4.96712182446151 -2.539
      vertex -3.22683208034605 5.71880362338134 -2.539
      vertex -2.5138042248078 5.07014988163851 -2.539
   endloop
endfacet
facet normal 0 0 -1
   outer loop
      vertex -3.81091530139446 -1.70909184276255 -2.539
      vertex -4.33563505385956 -2.42254021127286 -2.539
      vertex -4.55657409271756 -1.54156265009598 -2.539
   endloop
endfacet
facet normal 0 0 -1
   outer loop
      vertex 2.88961065865506 -8.35771900023971 -2.539
      vertex 3.05742567187268 -7.55842069873443 -2.539
      vertex 3.47052519963504 -8.12274130646582 -2.539
   endloop
endfacet
facet normal 0 0 -1
   outer loop
      vertex 1.17241618103705 4.67562711307236 -2.539
      vertex 0.951017189206498 5.644885661417 -2.539
      vertex 1.82017546249177 5.31547364391408 -2.539
   endloop
endfacet
facet normal 0 0 -1
   outer loop
      vertex 0.951017189206498 5.644885661417 -2.539
      vertex 1.62430111220462 6.01984095666064 -2.539
      vertex 1.82017546249177 5.31547364391408 -2.539
   endloop
endfacet
facet normal 0 0 -1
   outer loop
      vertex -1.21642963823809 -4.80085315773721 -2.539
      vertex -1.4442486307923 -3.96418206197707 -2.539
      vertex -0.593036665006554 -4.2245203603469 -2.539
   endloop
endfacet
facet normal 0 0 -1
   outer loop
      vertex -5.62362520923505 7.04516060854891 -2.539
      vertex -6.13256380613216 7.32162045000852 -2.539
      vertex -5.42459578496359 7.61142448022923 -2.539
   endloop
endfacet
facet normal 0 0 -1
   outer loop
      vertex 7.23749613005039 4.88123265186028 -2.539
      vertex 6.41354560685605 4.85130527072111 -2.539
      vertex 6.67561838862822 5.54712203281928 -2.539
   endloop
endfacet
facet normal 0 0 -1
   outer loop
      vertex -6.13256380613216 7.32162045000852 -2.539
      vertex -6.10075129623211 7.92343572079197 -2.539
      vertex -5.42459578496359 7.61142448022923 -2.539
   endloop
endfacet
facet normal 0 0 -1
   outer loop
      vertex -0.748966638092746 -8.25590774469807 -2.539
      vertex -0.812614214942656 -9.06784308318445 -2.539
      vertex -1.38178671346373 -8.64287373633697 -2.539
   endloop
endfacet
facet normal 0 0 -1
   outer loop
      vertex -6.58633888861169 5.83413287730407 -2.539
      vertex -6.36877991452475 5.00621768620442 -2.539
      vertex -7.04369203361018 5.20989278718083 -2.539
   endloop
endfacet
facet normal 0 0 -1
   outer loop
      vertex -1.314845438224 8.57588581656139 -2.539
      vertex -0.784589995887961 9.04925421138537 -2.539
      vertex -0.658314331787926 8.24639826115866 -2.539
   endloop
endfacet
facet normal 0 0 -1
   outer loop
      vertex -6.10075129623211 7.92343572079197 -2.539
      vertex -5.45194674952265 8.38309469351083 -2.539
      vertex -5.42459578496359 7.61142448022923 -2.539
   endloop
endfacet
facet normal 0 0 -1
   outer loop
      vertex -5.61455732124816 -0.410350543445494 -2.539
      vertex -5.8023271379659 0.494614113439152 -2.539
      vertex -4.82635105137799 0.0402270685002115 -2.539
   endloop
endfacet
facet normal 0 0 -1
   outer loop
      vertex -5.61455732124816 -0.410350543445494 -2.539
      vertex -6.24200402778554 -0.0370685804284392 -2.539
      vertex -5.8023271379659 0.494614113439152 -2.539
   endloop
endfacet
facet normal 0 0 -1
   outer loop
      vertex -4.04176372125232 -7.69140306403077 -2.539
      vertex -3.37797178661992 -7.33740428979847 -2.539
      vertex -3.27011973318184 -8.00603958933821 -2.539
   endloop
endfacet
facet normal 0 0 -1
   outer loop
      vertex 8.63373241812961 1.10761314611115 -2.539
      vertex 8.49070156996043 1.88908364181268 -2.539
      vertex 9.17352392139653 1.75016782966364 -2.539
   endloop
endfacet
facet normal 0 0 -1
   outer loop
      vertex -6.91425597042334 -0.135338672570152 -2.539
      vertex -6.7493970433281 0.511577936548999 -2.539
      vertex -6.24200402778554 -0.0370685804284392 -2.539
   endloop
endfacet
facet normal 0 0 -1
   outer loop
      vertex -6.91425597042334 -0.135338672570152 -2.539
      vertex -7.67926331990088 0.236099103816283 -2.539
      vertex -6.7493970433281 0.511577936548999 -2.539
   endloop
endfacet
facet normal 0 0 -1
   outer loop
      vertex 1.89399189789892 -6.63573056476871 -2.539
      vertex 1.20622623264606 -6.63334904191772 -2.539
      vertex 1.62179453493069 -6.01137874819619 -2.539
   endloop
endfacet
facet normal 0 0 -1
   outer loop
      vertex 1.89399189789892 -6.63573056476871 -2.539
      vertex 1.73668469250927 -7.47029393283644 -2.539
      vertex 1.20622623264606 -6.63334904191772 -2.539
   endloop
endfacet
facet normal 0 0 -1
   outer loop
      vertex 4.99065912333204 0.0224141575945325 -2.539
      vertex 4.20372830089949 -0.380704940090917 -2.539
      vertex 4.22712006340355 0.491211653586197 -2.539
   endloop
endfacet
facet normal 0 0 -1
   outer loop
      vertex 8.63373241812961 1.10761314611115 -2.539
      vertex 7.97108235261295 1.49851371047136 -2.539
      vertex 8.49070156996043 1.88908364181268 -2.539
   endloop
endfacet
facet normal 0 0 -1
   outer loop
      vertex 1.62430111220462 6.01984095666064 -2.539
      vertex 1.20243917258577 6.63037606465123 -2.539
      vertex 1.89408608723811 6.64466711518091 -2.539
   endloop
endfacet
facet normal 0 0 -1
   outer loop
      vertex -7.04723834372415 -2.37417872487723 -2.539
      vertex -6.87273680942268 -3.27476059907915 -2.539
      vertex -7.71008881357477 -2.92050892856237 -2.539
   endloop
endfacet
facet normal 0 0 -1
   outer loop
      vertex 2.85965442469204 8.37101685330697 -2.539
      vertex 2.3496672864139 9.0587757556127 -2.539
      vertex 3.0581029111392 8.99989406744917 -2.539
   endloop
endfacet
facet normal 0 0 -1
   outer loop
      vertex -8.17174629244628 -3.50215582795772 -2.539
      vertex -8.57574145833454 -3.10654961017555 -2.539
      vertex -7.71008881357477 -2.92050892856237 -2.539
   endloop
endfacet
facet normal 0 0 -1
   outer loop
      vertex 8.46863901572421 -1.93795398398237 -2.539
      vertex 7.95645449207089 -1.387453178362 -2.539
      vertex 8.59578840272591 -1.10208551951804 -2.539
   endloop
endfacet
facet normal 0 0 -1
   outer loop
      vertex -7.76119920455021 2.9518225174502 -2.539
      vertex -6.88449052660297 3.15205615612495 -2.539
      vertex -7.12541171309896 2.35742388245315 -2.539
   endloop
endfacet
facet normal 0 0 -1
   outer loop
      vertex -6.88735845238009 -4.00836943138532 -2.539
      vertex -6.76414399285058 -4.65390842050438 -2.539
      vertex -7.3796025783641 -4.42197105799433 -2.539
   endloop
endfacet
facet normal 0 0 -1
   outer loop
      vertex -7.76119920455021 2.9518225174502 -2.539
      vertex -8.74751470368587 2.96920818848369 -2.539
      vertex -8.39247188429153 3.63177879429417 -2.539
   endloop
endfacet
facet normal 0 0 -1
   outer loop
      vertex -8.74751470368587 2.96920818848369 -2.539
      vertex -9.36633497013625 3.5031085091962 -2.539
      vertex -8.39247188429153 3.63177879429417 -2.539
   endloop
endfacet
facet normal 0 0 -1
   outer loop
      vertex 1.20243917258577 6.63037606465123 -2.539
      vertex 1.67705847247995 7.48131167644074 -2.539
      vertex 1.89408608723811 6.64466711518091 -2.539
   endloop
endfacet
facet normal 0 0 -1
   outer loop
      vertex 5.38606335328775 -3.13835578340733 -2.539
      vertex 6.06118767095777 -2.98655181318244 -2.539
      vertex 5.91250334907346 -3.56520895858329 -2.539
   endloop
endfacet
facet normal 0 0 -1
   outer loop
      vertex 6.06118767095777 -2.98655181318244 -2.539
      vertex 6.84264757824968 -3.59438398598374 -2.539
      vertex 5.91250334907346 -3.56520895858329 -2.539
   endloop
endfacet
facet normal 0 0 -1
   outer loop
      vertex 5.93864942442473 3.54655828731069 -2.539
      vertex 6.06697440190827 2.99970149794359 -2.539
      vertex 5.39986346092046 3.12940342610237 -2.539
   endloop
endfacet
facet normal 0 0 -1
   outer loop
      vertex 5.93864942442473 3.54655828731069 -2.539
      vertex 6.84824308025387 3.62350239822712 -2.539
      vertex 6.06697440190827 2.99970149794359 -2.539
   endloop
endfacet
facet normal 0 0 -1
   outer loop
      vertex -3.52427758024682 7.54830692497542 -2.539
      vertex -2.64001299650688 7.44748700309593 -2.539
      vertex -3.32152122748314 6.73631871043793 -2.539
   endloop
endfacet
facet normal 0 0 -1
   outer loop
      vertex -6.88735845238009 -4.00836943138532 -2.539
      vertex -6.29125176729735 -4.34851499489303 -2.539
      vertex -6.76414399285058 -4.65390842050438 -2.539
   endloop
endfacet
facet normal 0 0 -1
   outer loop
      vertex -3.25437876660518 -6.70045351292353 -2.539
      vertex -2.66729077248565 -7.32426516065148 -2.539
      vertex -3.37797178661992 -7.33740428979847 -2.539
   endloop
endfacet
facet normal 0 0 -1
   outer loop
      vertex -2.49501338948039 -5.45562415885149 -2.539
      vertex -3.03090217555121 -5.95011764434609 -2.539
      vertex -3.14846086036575 -4.95600221302782 -2.539
   endloop
endfacet
facet normal 0 0 -1
   outer loop
      vertex -4.41418713938311 -4.40111116742667 -2.539
      vertex -4.4398198625073 -5.09376664268888 -2.539
      vertex -4.9605491105589 -4.80251696495059 -2.539
   endloop
endfacet
facet normal 0 0 -1
   outer loop
      vertex 4.10055476352059 -6.20532676677891 -2.539
      vertex 4.92714094463608 -5.80701724710068 -2.539
      vertex 4.79751941121548 -6.70722583788803 -2.539
   endloop
endfacet
facet normal 0 0 -1
   outer loop
      vertex 5.18954149412951 7.5144588543373 -2.539
      vertex 4.83603195693872 8.1502574565479 -2.539
      vertex 5.78092000447838 8.15971592041179 -2.539
   endloop
endfacet
facet normal 0 0 -1
   outer loop
      vertex 5.47685465320038 -7.0050873980591 -2.539
      vertex 5.19689154699235 -7.4965453357734 -2.539
      vertex 4.79751941121548 -6.70722583788803 -2.539
   endloop
endfacet
facet normal 0 0 -1
   outer loop
      vertex 4.83603195693872 8.1502574565479 -2.539
      vertex 5.11435479206999 8.59321680518016 -2.539
      vertex 5.78092000447838 8.15971592041179 -2.539
   endloop
endfacet
facet normal 0 0 -1
   outer loop
      vertex 4.77468066520684 6.65322990481766 -2.539
      vertex 4.76502388002551 5.79534834133275 -2.539
      vertex 4.06181174653038 6.19274602445398 -2.539
   endloop
endfacet
facet normal 0 0 -1
   outer loop
      vertex 5.78092000447845 -8.15971592041174 -2.539
      vertex 4.84761947695944 -8.15411818555097 -2.539
      vertex 5.19689154699235 -7.4965453357734 -2.539
   endloop
endfacet
facet normal 0 0 -1
   outer loop
      vertex 4.77468066520684 6.65322990481766 -2.539
      vertex 5.18954149412951 7.5144588543373 -2.539
      vertex 5.6434185951631 7.07791080128501 -2.539
   endloop
endfacet
facet normal 0 0 -1
   outer loop
      vertex 5.78092000447845 -8.15971592041174 -2.539
      vertex 5.11435479207007 -8.59321680518011 -2.539
      vertex 4.84761947695944 -8.15411818555097 -2.539
   endloop
endfacet
facet normal 0 0 -1
   outer loop
      vertex -4.4398198625073 -5.09376664268888 -2.539
      vertex -5.22616167509931 -5.69443168882374 -2.539
      vertex -4.9605491105589 -4.80251696495059 -2.539
   endloop
endfacet
facet normal 0 0 -1
   outer loop
      vertex -4.95743826212335 4.83521217608423 -2.539
      vertex -4.45266306047999 5.09489496039996 -2.539
      vertex -4.40913575752478 4.41716782384035 -2.539
   endloop
endfacet
facet normal 0 0 -1
   outer loop
      vertex -4.95743826212335 4.83521217608423 -2.539
      vertex -5.25558250510115 5.69307480872616 -2.539
      vertex -4.45266306047999 5.09489496039996 -2.539
   endloop
endfacet
facet normal 0 0 -1
   outer loop
      vertex -5.60545616730067 4.87841541637116 -2.539
      vertex -6.03711619024496 4.14691564005429 -2.539
      vertex -6.36877991452475 5.00621768620442 -2.539
   endloop
endfacet
facet normal 0 0 -1
   outer loop
      vertex -5.60545616730067 4.87841541637116 -2.539
      vertex -5.06435382021016 4.09250787108353 -2.539
      vertex -6.03711619024496 4.14691564005429 -2.539
   endloop
endfacet
facet normal 0 0 -1
   outer loop
      vertex -3.03090217555121 -5.95011764434609 -2.539
      vertex -3.82684349684582 -5.41177407933601 -2.539
      vertex -3.14846086036575 -4.95600221302782 -2.539
   endloop
endfacet
facet normal 0 0 -1
   outer loop
      vertex -3.03090217555121 -5.95011764434609 -2.539
      vertex -3.86244955245284 -6.15990863089161 -2.539
      vertex -3.82684349684582 -5.41177407933601 -2.539
   endloop
endfacet
facet normal 0 0 -1
   outer loop
      vertex -3.15260966495924 4.96712182446151 -2.539
      vertex -3.86666611644085 5.3967772452983 -2.539
      vertex -3.22683208034605 5.71880362338134 -2.539
   endloop
endfacet
facet normal 0 0 -1
   outer loop
      vertex -3.86666611644085 5.3967772452983 -2.539
      vertex -3.9614951039485 6.14011815953655 -2.539
      vertex -3.22683208034605 5.71880362338134 -2.539
   endloop
endfacet
facet normal 0 0 -1
   outer loop
      vertex 6.35503452433497 -1.57683655929128 -2.539
      vertex 6.21157619325002 -2.31165836287314 -2.539
      vertex 5.59750082292569 -1.77121541658871 -2.539
   endloop
endfacet
facet normal 0 0 -1
   outer loop
      vertex 6.35503452433497 -1.57683655929128 -2.539
      vertex 6.94319676071524 -2.15496799637219 -2.539
      vertex 6.21157619325002 -2.31165836287314 -2.539
   endloop
endfacet
facet normal 0 0 -1
   outer loop
      vertex -6.5076540089288 -5.1698743208468 -2.539
      vertex -6.29125176729735 -4.34851499489303 -2.539
      vertex -5.67319980086321 -4.79502587189841 -2.539
   endloop
endfacet
facet normal 0 0 -1
   outer loop
      vertex 8.59578840272591 -1.10208551951804 -2.539
      vertex 7.95645449207089 -1.387453178362 -2.539
      vertex 7.74463090204967 -0.696048555269025 -2.539
   endloop
endfacet
facet normal 0 0 -1
   outer loop
      vertex 5.63907634970246 -5.6333912743125 -2.539
      vertex 6.23042103675104 -5.34868224368929 -2.539
      vertex 6.16374996481778 -6.00376044444197 -2.539
   endloop
endfacet
facet normal 0 0 -1
   outer loop
      vertex 7.7813397476216 0.719397788656586 -2.539
      vertex 7.97108235261295 1.49851371047136 -2.539
      vertex 8.63373241812961 1.10761314611115 -2.539
   endloop
endfacet
facet normal 0 0 -1
   outer loop
      vertex 5.60633894025082 1.77559168363614 -2.539
      vertex 6.21411339610054 2.35939992486721 -2.539
      vertex 6.39598696239023 1.65302862522383 -2.539
   endloop
endfacet
facet normal 0 0 -1
   outer loop
      vertex -3.27011973318184 -8.00603958933821 -2.539
      vertex -3.37797178661992 -7.33740428979847 -2.539
      vertex -2.66729077248565 -7.32426516065148 -2.539
   endloop
endfacet
facet normal 0 0 -1
   outer loop
      vertex 6.21411339610054 2.35939992486721 -2.539
      vertex 6.93135403248638 2.25148121757787 -2.539
      vertex 6.39598696239023 1.65302862522383 -2.539
   endloop
endfacet
facet normal 0 0 -1
   outer loop
      vertex -2.64001299650688 7.44748700309593 -2.539
      vertex -3.52427758024682 7.54830692497542 -2.539
      vertex -3.09842815692258 8.17425035737416 -2.539
   endloop
endfacet
facet normal 0 0 -1
   outer loop
      vertex 6.13398079052099 4.15126301568695 -2.539
      vertex 5.51860084669141 4.71356703655131 -2.539
      vertex 6.41354560685605 4.85130527072111 -2.539
   endloop
endfacet
facet normal 0 0 -1
   outer loop
      vertex -1.35283675333677 -7.73222028758043 -2.539
      vertex -0.748966638092746 -8.25590774469807 -2.539
      vertex -1.38178671346373 -8.64287373633697 -2.539
   endloop
endfacet
facet normal 0 0 -1
   outer loop
      vertex 6.13398079052099 4.15126301568695 -2.539
      vertex 5.24418536509105 3.82892109617534 -2.539
      vertex 5.51860084669141 4.71356703655131 -2.539
   endloop
endfacet
facet normal 0 0 -1
   outer loop
      vertex -1.314845438224 8.57588581656139 -2.539
      vertex -0.658314331787926 8.24639826115866 -2.539
      vertex -1.30251093809098 7.68995302712026 -2.539
   endloop
endfacet
facet normal 0 0 -1
   outer loop
      vertex 0.110688400644843 -5.9666994058377 -2.539
      vertex 0.566611267714945 -6.40676690098801 -2.539
      vertex -0.0731688902374206 -6.83330664502566 -2.539
   endloop
endfacet
facet normal 0 0 -1
   outer loop
      vertex 5.63907634970246 -5.6333912743125 -2.539
      vertex 5.8145080647188 -4.96952077832617 -2.539
      vertex 6.23042103675104 -5.34868224368929 -2.539
   endloop
endfacet
facet normal 0 0 -1
   outer loop
      vertex -9.3663349701362 -3.50310850919633 -2.539
      vertex -9.12245026357725 -2.60153896406963 -2.539
      vertex -8.57574145833454 -3.10654961017555 -2.539
   endloop
endfacet
facet normal 0 0 -1
   outer loop
      vertex 6.662698859819 -4.96881891247532 -2.539
      vertex 5.8145080647188 -4.96952077832617 -2.539
      vertex 6.08459203970475 -4.25768302922079 -2.539
   endloop
endfacet
facet normal 0 0 -1
   outer loop
      vertex -9.3663349701362 -3.50310850919633 -2.539
      vertex -9.61504903550101 -2.74787773470928 -2.539
      vertex -9.12245026357725 -2.60153896406963 -2.539
   endloop
endfacet
facet normal 0 0 -1
   outer loop
      vertex -0.0330015756002471 6.75456588442768 -2.539
      vertex 0.583262257504924 6.3799399330809 -2.539
      vertex 0.147262867102596 5.94867383680045 -2.539
   endloop
endfacet
facet normal 0 0 -1
   outer loop
      vertex -0.992538140650722 9.95062149010571 -2.539
      vertex -0.367785150974253 9.4572416557767 -2.539
      vertex -0.784589995887961 9.04925421138537 -2.539
   endloop
endfacet
facet normal 0 0 -1
   outer loop
      vertex -0.992538140650722 9.95062149010571 -2.539
      vertex -0.198821924745086 9.99802329674424 -2.539
      vertex -0.367785150974253 9.4572416557767 -2.539
   endloop
endfacet
facet normal 0 0 -1
   outer loop
      vertex -6.49588631554943 -1.69244580629787 -2.539
      vertex -6.41681938183821 -0.795554083891945 -2.539
      vertex -5.7243730062484 -1.20389416588823 -2.539
   endloop
endfacet
facet normal 0 0 -1
   outer loop
      vertex -6.49588631554943 -1.69244580629787 -2.539
      vertex -7.25221159886468 -1.4882455389999 -2.539
      vertex -6.41681938183821 -0.795554083891945 -2.539
   endloop
endfacet
facet normal 0 0 -1
   outer loop
      vertex -5.76948143696285 1.35855695500421 -2.539
      vertex -6.35843067250147 1.01904728231458 -2.539
      vertex -6.54903557813362 1.71381480923322 -2.539
   endloop
endfacet
facet normal 0 0 -1
   outer loop
      vertex -0.812614214942656 -9.06784308318445 -2.539
      vertex -0.201713089304406 -9.46967390893776 -2.539
      vertex -0.992538140650712 -9.95062149010571 -2.539
   endloop
endfacet
facet normal 0 0 -1
   outer loop
      vertex 3.03625600339453 7.5607674008825 -2.539
      vertex 3.29077068506999 6.61348614954754 -2.539
      vertex 2.45660988730633 7.01314398173378 -2.539
   endloop
endfacet
facet normal 0 0 -1
   outer loop
      vertex 3.29077068506999 6.61348614954754 -2.539
      vertex 2.40524032861848 6.00070644520608 -2.539
      vertex 2.45660988730633 7.01314398173378 -2.539
   endloop
endfacet
facet normal 0 0 -1
   outer loop
      vertex 3.30062603453365 -5.84518100882839 -2.539
      vertex 2.40382953205382 -5.99478847453011 -2.539
      vertex 2.62235863150049 -5.22328905008441 -2.539
   endloop
endfacet
facet normal 0 0 -1
   outer loop
      vertex 3.30062603453365 -5.84518100882839 -2.539
      vertex 3.29397661374869 -6.62838352176695 -2.539
      vertex 2.40382953205382 -5.99478847453011 -2.539
   endloop
endfacet
facet normal 0 0 -1
   outer loop
      vertex 2.65646725973997 5.22400809404886 -2.539
      vertex 2.40524032861848 6.00070644520608 -2.539
      vertex 3.29580521920727 5.84712250247822 -2.539
   endloop
endfacet
facet normal 0 0 -1
   outer loop
      vertex 2.40524032861848 6.00070644520608 -2.539
      vertex 3.29077068506999 6.61348614954754 -2.539
      vertex 3.29580521920727 5.84712250247822 -2.539
   endloop
endfacet
facet normal 0 0 -1
   outer loop
      vertex 2.4712051440355 -7.0103109994379 -2.539
      vertex 3.29397661374869 -6.62838352176695 -2.539
      vertex 3.05742567187268 -7.55842069873443 -2.539
   endloop
endfacet
facet normal 0 0 -1
   outer loop
      vertex -7.51874607811012 1.55156184521502 -2.539
      vertex -7.85707819005315 0.91731401552736 -2.539
      vertex -8.42045625508511 1.29979269303616 -2.539
   endloop
endfacet
facet normal 0 0 -1
   outer loop
      vertex 2.4712051440355 -7.0103109994379 -2.539
      vertex 2.40382953205382 -5.99478847453011 -2.539
      vertex 3.29397661374869 -6.62838352176695 -2.539
   endloop
endfacet
facet normal 0 0 -1
   outer loop
      vertex 4.30382659245201 -3.81330883080307 -2.539
      vertex 3.45561566142861 -3.56870332199314 -2.539
      vertex 3.98732445028907 -3.07783625584911 -2.539
   endloop
endfacet
facet normal 0 0 -1
   outer loop
      vertex -0.201713089304406 -9.46967390893776 -2.539
      vertex -0.198821924745078 -9.99802329674425 -2.539
      vertex -0.992538140650712 -9.95062149010571 -2.539
   endloop
endfacet
facet normal 0 0 -1
   outer loop
      vertex 3.97525908239095 3.0962125906106 -2.539
      vertex 3.57887348553714 3.70166141897585 -2.539
      vertex 4.32621094846928 3.71106314028545 -2.539
   endloop
endfacet
facet normal 0 0 -1
   outer loop
      vertex 2.05028981134643 8.33076659172306 -2.539
      vertex 2.3496672864139 9.0587757556127 -2.539
      vertex 2.85965442469204 8.37101685330697 -2.539
   endloop
endfacet
facet normal 0 0 -1
   outer loop
      vertex 0.419631171476752 -7.6655289029029 -2.539
      vertex 1.12268102912773 -7.81711109057758 -2.539
      vertex 0.92366638784283 -8.46757866033328 -2.539
   endloop
endfacet
facet normal 0 0 -1
   outer loop
      vertex 3.0581029111392 8.99989406744917 -2.539
      vertex 2.3496672864139 9.0587757556127 -2.539
      vertex 2.93850273121602 9.55851461779685 -2.539
   endloop
endfacet
facet normal 0 0 -1
   outer loop
      vertex 9.24674689558233 -1.10982541995357 -2.539
      vertex 9.1565255171372 -1.80526730786248 -2.539
      vertex 8.59578840272591 -1.10208551951804 -2.539
   endloop
endfacet
facet normal 0 0 -1
   outer loop
      vertex 9.87375345395869 -1.58398002842173 -2.539
      vertex 9.71669346596542 -2.36344411579053 -2.539
      vertex 9.1565255171372 -1.80526730786248 -2.539
   endloop
endfacet
facet normal 0 0 -1
   outer loop
      vertex -5.3248447920598 2.64999568515217 -2.539
      vertex -6.30888600317937 2.53368893266105 -2.539
      vertex -6.11142485946871 3.28570066316638 -2.539
   endloop
endfacet
facet normal 0 0 -1
   outer loop
      vertex -5.3248447920598 2.64999568515217 -2.539
      vertex -5.8581085462096 2.043142394811 -2.539
      vertex -6.30888600317937 2.53368893266105 -2.539
   endloop
endfacet
facet normal 0 0 -1
   outer loop
      vertex -3.77574054230973 8.30889484542226 -2.539
      vertex -4.34842587979914 8.42351823131979 -2.539
      vertex -4.05525343121738 9.14083801456955 -2.539
   endloop
endfacet
facet normal 0 0 -1
   outer loop
      vertex -4.34842587979914 8.42351823131979 -2.539
      vertex -4.76867600053793 8.78975137315576 -2.539
      vertex -4.05525343121738 9.14083801456955 -2.539
   endloop
endfacet
facet normal 0 0 -1
   outer loop
      vertex 9.1565255171372 -1.80526730786248 -2.539
      vertex 8.46863901572421 -1.93795398398237 -2.539
      vertex 8.59578840272591 -1.10208551951804 -2.539
   endloop
endfacet
facet normal 0 0 -1
   outer loop
      vertex -4.05525343121737 -9.14083801456955 -2.539
      vertex -4.76867600053793 -8.78975137315576 -2.539
      vertex -4.09113514588045 -8.38944650145535 -2.539
   endloop
endfacet
facet normal 0 0 -1
   outer loop
      vertex 9.87375345395869 -1.58398002842173 -2.539
      vertex 9.1565255171372 -1.80526730786248 -2.539
      vertex 9.24674689558233 -1.10982541995357 -2.539
   endloop
endfacet
facet normal 0 0 -1
   outer loop
      vertex -7.80057296300617 6.25708090476838 -2.539
      vertex -7.27878792064853 6.85705814516845 -2.539
      vertex -6.97665465554321 6.33078577561937 -2.539
   endloop
endfacet
facet normal 0 0 -1
   outer loop
      vertex -4.7887202799573 -3.18047128791025 -2.539
      vertex -4.33563505385956 -2.42254021127286 -2.539
      vertex -3.99831720489622 -3.06247081722634 -2.539
   endloop
endfacet
facet normal 0 0 -1
   outer loop
      vertex -7.12128673888888 -5.73101842308674 -2.539
      vertex -7.02991555555246 -6.33591261046456 -2.539
      vertex -7.80057296300612 -6.25708090476844 -2.539
   endloop
endfacet
facet normal 0 0 -1
   outer loop
      vertex -3.98981899495744 3.05260629052895 -2.539
      vertex -4.32587229693672 2.53090720910166 -2.539
      vertex -4.70736638446497 3.19127967769691 -2.539
   endloop
endfacet
facet normal 0 0 -1
   outer loop
      vertex -7.02991555555246 -6.33591261046456 -2.539
      vertex -7.2787879206485 -6.85705814516849 -2.539
      vertex -7.80057296300612 -6.25708090476844 -2.539
   endloop
endfacet
facet normal 0 0 -1
   outer loop
      vertex -1.77561776650247 -4.64736193607079 -2.539
      vertex -1.21642963823809 -4.80085315773721 -2.539
      vertex -1.73738979241518 -5.40987195525678 -2.539
   endloop
endfacet
facet normal 0 0 -1
   outer loop
      vertex -1.81697174421365 6.96738555716837 -2.539
      vertex -1.06691061741944 6.97753793638223 -2.539
      vertex -1.35592378416368 6.2230831779915 -2.539
   endloop
endfacet
facet normal 0 0 -1
   outer loop
      vertex -1.76494589834311 5.46578004962173 -2.539
      vertex -1.2309681791965 4.8133010052721 -2.539
      vertex -1.83615259425168 4.72657290207152 -2.539
   endloop
endfacet
facet normal 0 0 -1
   outer loop
      vertex -1.06691061741944 6.97753793638223 -2.539
      vertex -0.586502582835962 6.31627860025997 -2.539
      vertex -1.35592378416368 6.2230831779915 -2.539
   endloop
endfacet
facet normal 0 0 -1
   outer loop
      vertex -7.41618315146515 -0.59547077209313 -2.539
      vertex -7.25221159886468 -1.4882455389999 -2.539
      vertex -8.0880618201352 -1.02034412828806 -2.539
   endloop
endfacet
facet normal 0 0 -1
   outer loop
      vertex -7.41618315146515 -0.59547077209313 -2.539
      vertex -6.41681938183821 -0.795554083891945 -2.539
      vertex -7.25221159886468 -1.4882455389999 -2.539
   endloop
endfacet
facet normal 0 0 -1
   outer loop
      vertex -6.36877991452475 5.00621768620442 -2.539
      vertex -6.99060989899445 4.47138509409576 -2.539
      vertex -7.04369203361018 5.20989278718083 -2.539
   endloop
endfacet
facet normal 0 0 -1
   outer loop
      vertex -6.36877991452475 5.00621768620442 -2.539
      vertex -6.03711619024496 4.14691564005429 -2.539
      vertex -6.99060989899445 4.47138509409576 -2.539
   endloop
endfacet
facet normal 0 0 -1
   outer loop
      vertex 8.26515757999336 -2.56409404550516 -2.539
      vertex 7.44700809678267 -2.82800881834214 -2.539
      vertex 7.72668057893951 -2.04769297803335 -2.539
   endloop
endfacet
facet normal 0 0 -1
   outer loop
      vertex 8.04316565211542 5.94201029051875 -2.539
      vertex 8.48983361954522 5.28419578672476 -2.539
      vertex 7.9038634430553 5.12547903141741 -2.539
   endloop
endfacet
facet normal 0 0 -1
   outer loop
      vertex 5.01922529632242 -0.564801395525427 -2.539
      vertex 4.99065912333204 0.0224141575945325 -2.539
      vertex 5.72416005159912 -0.373815368821495 -2.539
   endloop
endfacet
facet normal 0 0 -1
   outer loop
      vertex -7.71008881357477 -2.92050892856237 -2.539
      vertex -7.46487567192874 -3.68971151321683 -2.539
      vertex -8.17174629244628 -3.50215582795772 -2.539
   endloop
endfacet
facet normal 0 0 -1
   outer loop
      vertex 5.71878339866005 0.353936324835753 -2.539
      vertex 4.99065912333204 0.0224141575945325 -2.539
      vertex 5.05093761518672 0.608658670999052 -2.539
   endloop
endfacet
facet normal 0 0 -1
   outer loop
      vertex -7.71008881357477 -2.92050892856237 -2.539
      vertex -6.87273680942268 -3.27476059907915 -2.539
      vertex -7.46487567192874 -3.68971151321683 -2.539
   endloop
endfacet
facet normal 0 0 -1
   outer loop
      vertex -8.39247188429153 3.63177879429417 -2.539
      vertex -7.48982190794312 3.8103985021454 -2.539
      vertex -7.76119920455021 2.9518225174502 -2.539
   endloop
endfacet
facet normal 0 0 -1
   outer loop
      vertex -7.48982190794312 3.8103985021454 -2.539
      vertex -6.88449052660297 3.15205615612495 -2.539
      vertex -7.76119920455021 2.9518225174502 -2.539
   endloop
endfacet
facet normal 0 0 -1
   outer loop
      vertex 7.72668057893951 -2.04769297803335 -2.539
      vertex 7.44700809678267 -2.82800881834214 -2.539
      vertex 6.94319676071524 -2.15496799637219 -2.539
   endloop
endfacet
facet normal 0 0 -1
   outer loop
      vertex 9.71669346596542 -2.36344411579053 -2.539
      vertex 9.49820133244889 -3.12796602415467 -2.539
      vertex 8.9703724967267 -2.49957178931696 -2.539
   endloop
endfacet
facet normal 0 0 -1
   outer loop
      vertex -1.06464890544095 -5.58450011809757 -2.539
      vertex -1.21642963823809 -4.80085315773721 -2.539
      vertex -0.683636069271099 -4.97468251467415 -2.539
   endloop
endfacet
facet normal 0 0 -1
   outer loop
      vertex 6.41354560685605 4.85130527072111 -2.539
      vertex 5.97610252116474 5.47737345042513 -2.539
      vertex 6.67561838862822 5.54712203281928 -2.539
   endloop
endfacet
facet normal 0 0 -1
   outer loop
      vertex -0.691326525374938 4.97395927109989 -2.539
      vertex -1.2309681791965 4.8133010052721 -2.539
      vertex -1.02350848902498 5.52929506969835 -2.539
   endloop
endfacet
facet normal 0 0 -1
   outer loop
      vertex 6.41354560685605 4.85130527072111 -2.539
      vertex 5.51860084669141 4.71356703655131 -2.539
      vertex 5.97610252116474 5.47737345042513 -2.539
   endloop
endfacet
facet normal 0 0 -1
   outer loop
      vertex -4.59371444386482 -7.33391944785216 -2.539
      vertex -4.64027685284169 -6.47517567619583 -2.539
      vertex -3.95823613820285 -6.94548918334996 -2.539
   endloop
endfacet
facet normal 0 0 -1
   outer loop
      vertex -3.95823613820285 -6.94548918334996 -2.539
      vertex -4.64027685284169 -6.47517567619583 -2.539
      vertex -3.86244955245284 -6.15990863089161 -2.539
   endloop
endfacet
facet normal 0 0 -1
   outer loop
      vertex 4.79751941121548 -6.70722583788803 -2.539
      vertex 5.47894939949988 -6.27397034990073 -2.539
      vertex 5.47685465320038 -7.0050873980591 -2.539
   endloop
endfacet
facet normal 0 0 -1
   outer loop
      vertex 4.79751941121548 -6.70722583788803 -2.539
      vertex 4.92714094463608 -5.80701724710068 -2.539
      vertex 5.47894939949988 -6.27397034990073 -2.539
   endloop
endfacet
facet normal 0 0 -1
   outer loop
      vertex 7.36171264879945 -5.41912465959379 -2.539
      vertex 7.92283111356035 -5.17631630656954 -2.539
      vertex 8.04316565211542 -5.94201029051875 -2.539
   endloop
endfacet
facet normal 0 0 -1
   outer loop
      vertex 7.92283111356035 -5.17631630656954 -2.539
      vertex 8.48983361954523 -5.28419578672473 -2.539
      vertex 8.04316565211542 -5.94201029051875 -2.539
   endloop
endfacet
facet normal 0 0 -1
   outer loop
      vertex 5.6434185951631 7.07791080128501 -2.539
      vertex 5.55270469987563 6.20486850555493 -2.539
      vertex 4.77468066520684 6.65322990481766 -2.539
   endloop
endfacet
facet normal 0 0 -1
   outer loop
      vertex 5.55270469987563 6.20486850555493 -2.539
      vertex 4.76502388002551 5.79534834133275 -2.539
      vertex 4.77468066520684 6.65322990481766 -2.539
   endloop
endfacet
facet normal 0 0 -1
   outer loop
      vertex -4.89230087626355 -1.96989610579079 -2.539
      vertex -4.33563505385956 -2.42254021127286 -2.539
      vertex -5.25682626225603 -2.5910196889654 -2.539
   endloop
endfacet
facet normal 0 0 -1
   outer loop
      vertex 3.05742567187268 -7.55842069873443 -2.539
      vertex 3.77791396316925 -7.45712058583158 -2.539
      vertex 3.47052519963504 -8.12274130646582 -2.539
   endloop
endfacet
facet normal 0 0 -1
   outer loop
      vertex -5.3248447920598 2.64999568515217 -2.539
      vertex -4.32587229693672 2.53090720910166 -2.539
      vertex -4.65213107971204 2.01888468342356 -2.539
   endloop
endfacet
facet normal 0 0 -1
   outer loop
      vertex 3.05742567187268 -7.55842069873443 -2.539
      vertex 3.29397661374869 -6.62838352176695 -2.539
      vertex 3.77791396316925 -7.45712058583158 -2.539
   endloop
endfacet
facet normal 0 0 -1
   outer loop
      vertex -0.239299505189141 -3.57860788358289 -2.539
      vertex 0.494060232593226 -3.48886306479061 -2.539
      vertex 0.286516181120597 -4.251624164975 -2.539
   endloop
endfacet
facet normal 0 0 -1
   outer loop
      vertex 3.0581029111392 8.99989406744917 -2.539
      vertex 2.93850273121602 9.55851461779685 -2.539
      vertex 3.68863924008639 9.2948340790191 -2.539
   endloop
endfacet
facet normal 0 0 -1
   outer loop
      vertex 3.45420704423449 8.12058396449489 -2.539
      vertex 3.72004623469277 7.4684483419067 -2.539
      vertex 3.03625600339453 7.5607674008825 -2.539
   endloop
endfacet
facet normal 0 0 -1
   outer loop
      vertex 3.72004623469277 7.4684483419067 -2.539
      vertex 3.29077068506999 6.61348614954754 -2.539
      vertex 3.03625600339453 7.5607674008825 -2.539
   endloop
endfacet
facet normal 0 0 -1
   outer loop
      vertex -1.22943686549367e-8 -3 -2.539
      vertex 0.494060232593226 -3.48886306479061 -2.539
      vertex -0.239299505189141 -3.57860788358289 -2.539
   endloop
endfacet
facet normal 0 0 -1
   outer loop
      vertex -4.76867600053793 -8.78975137315576 -2.539
      vertex -5.45194674952264 -8.38309469351084 -2.539
      vertex -4.71146695265894 -8.03280324967198 -2.539
   endloop
endfacet
facet normal 0 0 -1
   outer loop
      vertex -3.44911832705193 -8.65503054125853 -2.539
      vertex -4.09113514588045 -8.38944650145535 -2.539
      vertex -3.27011973318184 -8.00603958933821 -2.539
   endloop
endfacet
facet normal 0 0 -1
   outer loop
      vertex 3.68863924008639 -9.2948340790191 -2.539
      vertex 2.93850273121602 -9.55851461779685 -2.539
      vertex 3.05896585377968 -8.93144570302665 -2.539
   endloop
endfacet
facet normal 0 0 -1
   outer loop
      vertex 3.16080391081473 -4.2234107544496 -2.539
      vertex 3.45561566142861 -3.56870332199314 -2.539
      vertex 3.85383330009583 -4.41759003446136 -2.539
   endloop
endfacet
facet normal 0 0 -1
   outer loop
      vertex -8.0880618201352 -1.02034412828806 -2.539
      vertex -8.17581056958715 -1.74427541776573 -2.539
      vertex -8.74102737729336 -1.27734451108977 -2.539
   endloop
endfacet
facet normal 0 0 -1
   outer loop
      vertex 3.94953088820203 4.29454693604647 -2.539
      vertex 3.57887348553714 3.70166141897585 -2.539
      vertex 3.22689355040001 4.20578836214106 -2.539
   endloop
endfacet
facet normal 0 0 -1
   outer loop
      vertex -8.0880618201352 -1.02034412828806 -2.539
      vertex -7.25221159886468 -1.4882455389999 -2.539
      vertex -8.17581056958715 -1.74427541776573 -2.539
   endloop
endfacet
facet normal 0 0 -1
   outer loop
      vertex -4.09113514588045 -8.38944650145535 -2.539
      vertex -4.04176372125232 -7.69140306403077 -2.539
      vertex -3.27011973318184 -8.00603958933821 -2.539
   endloop
endfacet
facet normal 0 0 -1
   outer loop
      vertex -4.8167668220233 8.07779099357941 -2.539
      vertex -5.45194674952265 8.38309469351083 -2.539
      vertex -4.76867600053793 8.78975137315576 -2.539
   endloop
endfacet
facet normal 0 0 -1
   outer loop
      vertex -4.05525343121737 -9.14083801456955 -2.539
      vertex -4.09113514588045 -8.38944650145535 -2.539
      vertex -3.44911832705193 -8.65503054125853 -2.539
   endloop
endfacet
facet normal 0 0 -1
   outer loop
      vertex -9.92892073547957 -1.19018193086764 -2.539
      vertex -9.99209397223903 -0.397565151823375 -2.539
      vertex -9.41775245573645 -0.67304710532224 -2.539
   endloop
endfacet
facet normal 0 0 -1
   outer loop
      vertex 4.30382659245201 -3.81330883080307 -2.539
      vertex 5.18802610316736 -3.84907018112212 -2.539
      vertex 4.64174898443336 -4.518170404087 -2.539
   endloop
endfacet
facet normal 0 0 -1
   outer loop
      vertex -1.97789368753876 6.27343330577612 -2.539
      vertex -2.46437976301904 6.74953002629769 -2.539
      vertex -1.81697174421365 6.96738555716837 -2.539
   endloop
endfacet
facet normal 0 0 -1
   outer loop
      vertex -1.97789368753876 6.27343330577612 -2.539
      vertex -2.54489614629962 6.00233592936281 -2.539
      vertex -2.46437976301904 6.74953002629769 -2.539
   endloop
endfacet
facet normal 0 0 -1
   outer loop
      vertex -7.40327343414284 5.69981117506679 -2.539
      vertex -6.58633888861169 5.83413287730407 -2.539
      vertex -7.04369203361018 5.20989278718083 -2.539
   endloop
endfacet
facet normal 0 0 -1
   outer loop
      vertex -6.4678764070292 -6.74154557762859 -2.539
      vertex -6.71098418435935 -7.41368270681169 -2.539
      vertex -7.2787879206485 -6.85705814516849 -2.539
   endloop
endfacet
facet normal 0 0 -1
   outer loop
      vertex -6.58633888861169 5.83413287730407 -2.539
      vertex -7.40327343414284 5.69981117506679 -2.539
      vertex -6.97665465554321 6.33078577561937 -2.539
   endloop
endfacet
facet normal 0 0 -1
   outer loop
      vertex -7.80057296300617 6.25708090476838 -2.539
      vertex -6.97665465554321 6.33078577561937 -2.539
      vertex -7.40327343414284 5.69981117506679 -2.539
   endloop
endfacet
facet normal 0 0 -1
   outer loop
      vertex 7.40230953572835 5.6965535012474 -2.539
      vertex 7.23749613005039 4.88123265186028 -2.539
      vertex 6.67561838862822 5.54712203281928 -2.539
   endloop
endfacet
facet normal 0 0 -1
   outer loop
      vertex -6.03711619024496 4.14691564005429 -2.539
      vertex -5.45569987047612 3.44783957577582 -2.539
      vertex -6.11142485946871 3.28570066316638 -2.539
   endloop
endfacet
facet normal 0 0 -1
   outer loop
      vertex -6.03711619024496 4.14691564005429 -2.539
      vertex -5.06435382021016 4.09250787108353 -2.539
      vertex -5.45569987047612 3.44783957577582 -2.539
   endloop
endfacet
facet normal 0 0 -1
   outer loop
      vertex 7.23749613005039 4.88123265186028 -2.539
      vertex 7.40230953572835 5.6965535012474 -2.539
      vertex 7.9038634430553 5.12547903141741 -2.539
   endloop
endfacet
facet normal 0 0 -1
   outer loop
      vertex 0.748300476593289 9.28366950703716 -2.539
      vertex 0.596151244184225 9.98221436826807 -2.539
      vertex 1.3873553073885 9.90329466647645 -2.539
   endloop
endfacet
facet normal 0 0 -1
   outer loop
      vertex 4.92714094463608 -5.80701724710068 -2.539
      vertex 5.63907634970246 -5.6333912743125 -2.539
      vertex 5.47894939949988 -6.27397034990073 -2.539
   endloop
endfacet
facet normal 0 0 -1
   outer loop
      vertex 8.17131510649964 -4.52906404373566 -2.539
      vertex 8.88282612557943 -4.59297289592737 -2.539
      vertex 8.48983361954523 -5.28419578672473 -2.539
   endloop
endfacet
facet normal 0 0 -1
   outer loop
      vertex 8.04316565211542 5.94201029051875 -2.539
      vertex 7.9038634430553 5.12547903141741 -2.539
      vertex 7.40230953572835 5.6965535012474 -2.539
   endloop
endfacet
facet normal 0 0 -1
   outer loop
      vertex 7.0004207521695 -7.14101598461974 -2.539
      vertex 6.41093638256734 -7.67462668138811 -2.539
      vertex 6.14948478529686 -6.86986400277738 -2.539
   endloop
endfacet
facet normal 0 0 -1
   outer loop
      vertex 5.55270469987563 6.20486850555493 -2.539
      vertex 5.33851523237004 5.43976855282289 -2.539
      vertex 4.76502388002551 5.79534834133275 -2.539
   endloop
endfacet
facet normal 0 0 -1
   outer loop
      vertex 5.33851523237004 5.43976855282289 -2.539
      vertex 4.55291653402038 5.00299247603868 -2.539
      vertex 4.76502388002551 5.79534834133275 -2.539
   endloop
endfacet
facet normal 0 0 -1
   outer loop
      vertex -4.7887202799573 -3.18047128791025 -2.539
      vertex -5.04937707647192 -4.02824945445342 -2.539
      vertex -5.55516272962958 -3.32757188989502 -2.539
   endloop
endfacet
facet normal 0 0 -1
   outer loop
      vertex 6.2355149666986 6.81453459864235 -2.539
      vertex 6.41093638256726 7.67462668138818 -2.539
      vertex 7.00042075216948 7.14101598461976 -2.539
   endloop
endfacet
facet normal 0 0 -1
   outer loop
      vertex -6.87273680942268 -3.27476059907915 -2.539
      vertex -6.88735845238009 -4.00836943138532 -2.539
      vertex -7.46487567192874 -3.68971151321683 -2.539
   endloop
endfacet
facet normal 0 0 -1
   outer loop
      vertex 0.279132579757295 4.25856466486234 -2.539
      vertex 0.483032950401874 3.49850345163301 -2.539
      vertex -0.244347734633724 3.57913258923886 -2.539
   endloop
endfacet
facet normal 0 0 -1
   outer loop
      vertex -0.244347734633724 3.57913258923886 -2.539
      vertex 0.483032950401874 3.49850345163301 -2.539
      vertex -1.22943607824602e-8 3 -2.539
   endloop
endfacet
facet normal 0 0 -1
   outer loop
      vertex -8.69320272134852 -4.94249192670446 -2.539
      vertex -9.05840392259366 -4.23619149415365 -2.539
      vertex -8.21320717348097 -4.18770357532511 -2.539
   endloop
endfacet
facet normal 0 0 -1
   outer loop
      vertex -7.48982190794312 3.8103985021454 -2.539
      vertex -6.65751176690243 3.78370797867938 -2.539
      vertex -6.88449052660297 3.15205615612495 -2.539
   endloop
endfacet
facet normal 0 0 -1
   outer loop
      vertex -6.65751176690243 3.78370797867938 -2.539
      vertex -6.11142485946871 3.28570066316638 -2.539
      vertex -6.88449052660297 3.15205615612495 -2.539
   endloop
endfacet
facet normal 0 0 -1
   outer loop
      vertex 8.49070156996043 1.88908364181268 -2.539
      vertex 8.99670453786375 2.4322626929187 -2.539
      vertex 9.17352392139653 1.75016782966364 -2.539
   endloop
endfacet
facet normal 0 0 -1
   outer loop
      vertex -8.16354511638508 4.32502550294312 -2.539
      vertex -9.05840392259372 4.23619149415353 -2.539
      vertex -8.69320272134858 4.94249192670434 -2.539
   endloop
endfacet
facet normal 0 0 -1
   outer loop
      vertex 9.17352392139653 1.75016782966364 -2.539
      vertex 9.71669346596543 2.36344411579047 -2.539
      vertex 9.87375345395869 1.58398002842173 -2.539
   endloop
endfacet
facet normal 0 0 -1
   outer loop
      vertex 2.3496672864139 9.0587757556127 -2.539
      vertex 2.16978805579826 9.76176314980625 -2.539
      vertex 2.93850273121602 9.55851461779685 -2.539
   endloop
endfacet
facet normal 0 0 -1
   outer loop
      vertex 9.17352392139653 1.75016782966364 -2.539
      vertex 8.99670453786375 2.4322626929187 -2.539
      vertex 9.71669346596543 2.36344411579047 -2.539
   endloop
endfacet
facet normal 0 0 -1
   outer loop
      vertex 0.766401013242066 8.53565785245832 -2.539
      vertex 0.748300476593289 9.28366950703716 -2.539
      vertex 1.55598686831511 9.02012406673979 -2.539
   endloop
endfacet
facet normal 0 0 -1
   outer loop
      vertex -2.0144966513039 -8.30074082593456 -2.539
      vertex -2.03113476516585 -7.61997166748665 -2.539
      vertex -1.35283675333677 -7.73222028758043 -2.539
   endloop
endfacet
facet normal 0 0 -1
   outer loop
      vertex -5.55516272962958 -3.32757188989502 -2.539
      vertex -6.21220380840202 -3.49833586067462 -2.539
      vertex -6.32089840796743 -2.70177898024213 -2.539
   endloop
endfacet
facet normal 0 0 -1
   outer loop
      vertex -6.21220380840202 -3.49833586067462 -2.539
      vertex -6.87273680942268 -3.27476059907915 -2.539
      vertex -6.32089840796743 -2.70177898024213 -2.539
   endloop
endfacet
facet normal 0 0 -1
   outer loop
      vertex -2.03782410696768 -9.07827272999837 -2.539
      vertex -1.77997897504667 -9.8403086764792 -2.539
      vertex -2.55616654190729 -9.66778219707259 -2.539
   endloop
endfacet
facet normal 0 0 -1
   outer loop
      vertex -1.30251093809098 7.68995302712026 -2.539
      vertex -1.97830264375457 7.70878543994449 -2.539
      vertex -1.77585802854168 8.24872910546198 -2.539
   endloop
endfacet
facet normal 0 0 -1
   outer loop
      vertex 4.64174898443336 -4.518170404087 -2.539
      vertex 4.97485508758547 -5.11064003593476 -2.539
      vertex 4.23454780854938 -5.42050416787633 -2.539
   endloop
endfacet
facet normal 0 0 -1
   outer loop
      vertex 4.97485508758547 -5.11064003593476 -2.539
      vertex 4.92714094463608 -5.80701724710068 -2.539
      vertex 4.23454780854938 -5.42050416787633 -2.539
   endloop
endfacet
facet normal 0 0 -1
   outer loop
      vertex -2.55616654190727 9.6677821970726 -2.539
      vertex -1.77997897504668 9.8403086764792 -2.539
      vertex -1.99630113536404 8.95150457608204 -2.539
   endloop
endfacet
facet normal 0 0 -1
   outer loop
      vertex -8.79665140680293 -0.647287217134416 -2.539
      vertex -8.52925305501925 0.0911117451895898 -2.539
      vertex -8.14648681679789 -0.369441312645428 -2.539
   endloop
endfacet
facet normal 0 0 -1
   outer loop
      vertex -8.79665140680293 -0.647287217134416 -2.539
      vertex -9.33617421110259 0.0158598736881785 -2.539
      vertex -8.52925305501925 0.0911117451895898 -2.539
   endloop
endfacet
facet normal 0 0 -1
   outer loop
      vertex 2.43624774999899 7.77792509146088 -2.539
      vertex 2.05028981134643 8.33076659172306 -2.539
      vertex 2.85965442469204 8.37101685330697 -2.539
   endloop
endfacet
facet normal 0 0 -1
   outer loop
      vertex 1.55598686831511 9.02012406673979 -2.539
      vertex 1.3873553073885 9.90329466647645 -2.539
      vertex 2.16978805579826 9.76176314980625 -2.539
   endloop
endfacet
facet normal 0 0 -1
   outer loop
      vertex 7.74463090204967 -0.696048555269025 -2.539
      vertex 7.87757346295475 -0.00799693373817689 -2.539
      vertex 8.40179228068699 -0.349211242514741 -2.539
   endloop
endfacet
facet normal 0 0 -1
   outer loop
      vertex 2.88961065865506 -8.35771900023971 -2.539
      vertex 2.09241371855588 -8.27034366981331 -2.539
      vertex 2.44132245199255 -7.77424877866461 -2.539
   endloop
endfacet
facet normal 0 0 -1
   outer loop
      vertex -3.03090217555121 -5.95011764434609 -2.539
      vertex -2.5055176102354 -6.69700980727771 -2.539
      vertex -3.25437876660518 -6.70045351292353 -2.539
   endloop
endfacet
facet normal 0 0 -1
   outer loop
      vertex 10 0 -2.539
      vertex 9.96838841148248 -0.794501402026323 -2.539
      vertex 9.19572971583007 -0.428838948682111 -2.539
   endloop
endfacet
facet normal 0 0 -1
   outer loop
      vertex 8.52776137986 0.252855143787743 -2.539
      vertex 7.87757346295475 -0.00799693373817689 -2.539
      vertex 7.7813397476216 0.719397788656586 -2.539
   endloop
endfacet
facet normal 0 0 -1
   outer loop
      vertex 2.88961065865506 -8.35771900023971 -2.539
      vertex 2.37317183714743 -9.02556559405709 -2.539
      vertex 2.09241371855588 -8.27034366981331 -2.539
   endloop
endfacet
facet normal 0 0 -1
   outer loop
      vertex 7.23749613005039 4.88123265186028 -2.539
      vertex 7.36115306042692 4.18114971037751 -2.539
      vertex 6.84066041980881 4.34372400513616 -2.539
   endloop
endfacet
facet normal 0 0 -1
   outer loop
      vertex 9.27640065393696 0.476167052893754 -2.539
      vertex 9.96838841148248 0.794501402026312 -2.539
      vertex 10 0 -2.539
   endloop
endfacet
facet normal 0 0 -1
   outer loop
      vertex -2.66729077248565 -7.32426516065148 -2.539
      vertex -2.03113476516585 -7.61997166748665 -2.539
      vertex -2.53798244787723 -7.99411920382745 -2.539
   endloop
endfacet
facet normal 0 0 -1
   outer loop
      vertex 1.55598686831511 9.02012406673979 -2.539
      vertex 0.748300476593289 9.28366950703716 -2.539
      vertex 1.3873553073885 9.90329466647645 -2.539
   endloop
endfacet
facet normal 0 0 -1
   outer loop
      vertex 6.91056652159553 -4.35433937799659 -2.539
      vertex 7.52176608491 -4.07990856437026 -2.539
      vertex 7.44489652298662 -4.76669786380165 -2.539
   endloop
endfacet
facet normal 0 0 -1
   outer loop
      vertex -2.55616654190729 -9.66778219707259 -2.539
      vertex -3.31619296496333 -9.43413293414544 -2.539
      vertex -2.74541512101217 -8.73698733037752 -2.539
   endloop
endfacet
facet normal 0 0 -1
   outer loop
      vertex -2.38255268612968 8.24493425957847 -2.539
      vertex -1.97830264375457 7.70878543994449 -2.539
      vertex -2.64001299650688 7.44748700309593 -2.539
   endloop
endfacet
facet normal 0 0 -1
   outer loop
      vertex -8.14648681679789 -0.369441312645428 -2.539
      vertex -8.0880618201352 -1.02034412828806 -2.539
      vertex -8.79665140680293 -0.647287217134416 -2.539
   endloop
endfacet
facet normal 0 0 -1
   outer loop
      vertex -8.14648681679789 -0.369441312645428 -2.539
      vertex -7.41618315146515 -0.59547077209313 -2.539
      vertex -8.0880618201352 -1.02034412828806 -2.539
   endloop
endfacet
facet normal 0 0 -1
   outer loop
      vertex -2.79767727269987 8.86158101588207 -2.539
      vertex -3.3161929649633 9.43413293414545 -2.539
      vertex -2.55616654190727 9.6677821970726 -2.539
   endloop
endfacet
facet normal 0 0 -1
   outer loop
      vertex 3.26618681916719 -1.34927322437153 -2.539
      vertex 3.50247232194298 -0.638492862141613 -2.539
      vertex 3.92059908214935 -1.19627418694243 -2.539
   endloop
endfacet
facet normal 0 0 -1
   outer loop
      vertex -6.58633888861169 5.83413287730407 -2.539
      vertex -5.92495593094119 6.04499052634769 -2.539
      vertex -5.9494663081664 5.49656430126966 -2.539
   endloop
endfacet
facet normal 0 0 -1
   outer loop
      vertex 2.59807624304469 -1.49999994510893 -2.539
      vertex 2.89777749401032 -0.776457078792686 -2.539
      vertex 3.26618681916719 -1.34927322437153 -2.539
   endloop
endfacet
facet normal 0 0 -1
   outer loop
      vertex -5.97747513473474 -5.56602338516652 -2.539
      vertex -5.86831523162495 -6.22764136473246 -2.539
      vertex -6.51218298271058 -5.97789309053752 -2.539
   endloop
endfacet
facet normal 0 0 -1
   outer loop
      vertex 2.89777749401032 -0.776457078792686 -2.539
      vertex 3.50247232194298 -0.638492862141613 -2.539
      vertex 3.26618681916719 -1.34927322437153 -2.539
   endloop
endfacet
facet normal 0 0 -1
   outer loop
      vertex 2.44132245199255 -7.77424877866461 -2.539
      vertex 3.05742567187268 -7.55842069873443 -2.539
      vertex 2.88961065865506 -8.35771900023971 -2.539
   endloop
endfacet
facet normal 0 0 -1
   outer loop
      vertex 2.44132245199255 -7.77424877866461 -2.539
      vertex 2.4712051440355 -7.0103109994379 -2.539
      vertex 3.05742567187268 -7.55842069873443 -2.539
   endloop
endfacet
facet normal 0 0 -1
   outer loop
      vertex -7.91223648084601 -4.92100415041856 -2.539
      vertex -8.2730403291689 -5.61754427770222 -2.539
      vertex -8.69320272134852 -4.94249192670446 -2.539
   endloop
endfacet
facet normal 0 0 -1
   outer loop
      vertex -6.03711619024496 4.14691564005429 -2.539
      vertex -6.65751176690243 3.78370797867938 -2.539
      vertex -6.99060989899445 4.47138509409576 -2.539
   endloop
endfacet
facet normal 0 0 -1
   outer loop
      vertex -6.03711619024496 4.14691564005429 -2.539
      vertex -6.11142485946871 3.28570066316638 -2.539
      vertex -6.65751176690243 3.78370797867938 -2.539
   endloop
endfacet
facet normal 0 0 -1
   outer loop
      vertex -3.52427758024682 7.54830692497542 -2.539
      vertex -3.32152122748314 6.73631871043793 -2.539
      vertex -4.14076056909426 6.8897522852994 -2.539
   endloop
endfacet
facet normal 0 0 -1
   outer loop
      vertex -8.69320272134858 4.94249192670434 -2.539
      vertex -8.27304032916897 5.61754427770211 -2.539
      vertex -7.73934172472328 4.94943038408224 -2.539
   endloop
endfacet
facet normal 0 0 -1
   outer loop
      vertex -4.14076056909426 6.8897522852994 -2.539
      vertex -4.72561063062043 7.46745184207909 -2.539
      vertex -4.22193033734895 7.78595252044589 -2.539
   endloop
endfacet
facet normal 0 0 -1
   outer loop
      vertex 2.85965442469204 8.37101685330697 -2.539
      vertex 3.03625600339453 7.5607674008825 -2.539
      vertex 2.43624774999899 7.77792509146088 -2.539
   endloop
endfacet
facet normal 0 0 -1
   outer loop
      vertex 3.03625600339453 7.5607674008825 -2.539
      vertex 2.45660988730633 7.01314398173378 -2.539
      vertex 2.43624774999899 7.77792509146088 -2.539
   endloop
endfacet
facet normal 0 0 -1
   outer loop
      vertex -4.04176372125232 -7.69140306403077 -2.539
      vertex -4.59371444386482 -7.33391944785216 -2.539
      vertex -3.95823613820285 -6.94548918334996 -2.539
   endloop
endfacet
facet normal 0 0 -1
   outer loop
      vertex -4.22193033734895 7.78595252044589 -2.539
      vertex -3.52427758024682 7.54830692497542 -2.539
      vertex -4.14076056909426 6.8897522852994 -2.539
   endloop
endfacet
facet normal 0 0 -1
   outer loop
      vertex 6.48943997802979 0.757072999331987 -2.539
      vertex 7.20722540647369 1.41684914184051 -2.539
      vertex 7.14177175321282 0.753135087675446 -2.539
   endloop
endfacet
facet normal 0 0 -1
   outer loop
      vertex -2.14539054030943 -2.80707316350887 -2.539
      vertex -1.51441126189516 -3.21807667711718 -2.539
      vertex -2.16709160115581 -3.47888124940655 -2.539
   endloop
endfacet
facet normal 0 0 -1
   outer loop
      vertex 6.78104206836674 -6.39122909358746 -2.539
      vertex 7.5456462187375 -6.56225747297776 -2.539
      vertex 7.0004207521695 -7.14101598461974 -2.539
   endloop
endfacet
facet normal 0 0 -1
   outer loop
      vertex 5.51860084669141 4.71356703655131 -2.539
      vertex 5.33851523237004 5.43976855282289 -2.539
      vertex 5.97610252116474 5.47737345042513 -2.539
   endloop
endfacet
facet normal 0 0 -1
   outer loop
      vertex 5.51860084669141 4.71356703655131 -2.539
      vertex 4.55291653402038 5.00299247603868 -2.539
      vertex 5.33851523237004 5.43976855282289 -2.539
   endloop
endfacet
facet normal 0 0 -1
   outer loop
      vertex 7.7813397476216 0.719397788656586 -2.539
      vertex 7.11023147394729 0.0148151973932862 -2.539
      vertex 7.14177175321282 0.753135087675446 -2.539
   endloop
endfacet
facet normal 0 0 -1
   outer loop
      vertex 7.00042075216948 7.14101598461976 -2.539
      vertex 7.54564621873752 6.56225747297774 -2.539
      vertex 6.83231042218755 6.32275372033948 -2.539
   endloop
endfacet
facet normal 0 0 -1
   outer loop
      vertex 8.36295396635988 2.56248458353132 -2.539
      vertex 8.99670453786375 2.4322626929187 -2.539
      vertex 8.49070156996043 1.88908364181268 -2.539
   endloop
endfacet
facet normal 0 0 -1
   outer loop
      vertex 8.46863901572421 -1.93795398398237 -2.539
      vertex 8.26515757999336 -2.56409404550516 -2.539
      vertex 7.72668057893951 -2.04769297803335 -2.539
   endloop
endfacet
facet normal 0 0 -1
   outer loop
      vertex 7.44489652298662 -4.76669786380165 -2.539
      vertex 6.662698859819 -4.96881891247532 -2.539
      vertex 6.91056652159553 -4.35433937799659 -2.539
   endloop
endfacet
facet normal 0 0 -1
   outer loop
      vertex 6.662698859819 -4.96881891247532 -2.539
      vertex 6.08459203970475 -4.25768302922079 -2.539
      vertex 6.91056652159553 -4.35433937799659 -2.539
   endloop
endfacet
facet normal 0 0 -1
   outer loop
      vertex 3.29397661374869 -6.62838352176695 -2.539
      vertex 4.04951776844023 -6.82364881721309 -2.539
      vertex 3.77791396316925 -7.45712058583158 -2.539
   endloop
endfacet
facet normal 0 0 -1
   outer loop
      vertex -2.12132028332661 -2.12132040379267 -2.539
      vertex -1.50000000002581 -2.59807621133841 -2.539
      vertex -2.14539054030943 -2.80707316350887 -2.539
   endloop
endfacet
facet normal 0 0 -1
   outer loop
      vertex 2.52211425862883 3.39223672166984 -2.539
      vertex 3.17092785916853 3.15621287843485 -2.539
      vertex 2.70134864485243 2.65571246279746 -2.539
   endloop
endfacet
facet normal 0 0 -1
   outer loop
      vertex 3.17092785916853 3.15621287843485 -2.539
      vertex 3.45416132308554 2.53366462475837 -2.539
      vertex 2.70134864485243 2.65571246279746 -2.539
   endloop
endfacet
facet normal 0 0 -1
   outer loop
      vertex 3.72004623469277 7.4684483419067 -2.539
      vertex 4.0269555589284 6.83361099169082 -2.539
      vertex 3.29077068506999 6.61348614954754 -2.539
   endloop
endfacet
facet normal 0 0 -1
   outer loop
      vertex 6.84066041980881 4.34372400513616 -2.539
      vertex 6.41354560685605 4.85130527072111 -2.539
      vertex 7.23749613005039 4.88123265186028 -2.539
   endloop
endfacet
facet normal 0 0 -1
   outer loop
      vertex 6.84066041980881 4.34372400513616 -2.539
      vertex 6.13398079052099 4.15126301568695 -2.539
      vertex 6.41354560685605 4.85130527072111 -2.539
   endloop
endfacet
facet normal 0 0 -1
   outer loop
      vertex -0.0731688902374206 -6.83330664502566 -2.539
      vertex 0.637880217353246 -6.96523901220477 -2.539
      vertex 0.419631171476752 -7.6655289029029 -2.539
   endloop
endfacet
facet normal 0 0 -1
   outer loop
      vertex -0.0731688902374206 -6.83330664502566 -2.539
      vertex 0.566611267714945 -6.40676690098801 -2.539
      vertex 0.637880217353246 -6.96523901220477 -2.539
   endloop
endfacet
facet normal 0 0 -1
   outer loop
      vertex 0.376363461475924 7.37123771752133 -2.539
      vertex 0.648593639500339 6.92119819674652 -2.539
      vertex -0.0330015756002471 6.75456588442768 -2.539
   endloop
endfacet
facet normal 0 0 -1
   outer loop
      vertex 0.648593639500339 6.92119819674652 -2.539
      vertex 0.583262257504924 6.3799399330809 -2.539
      vertex -0.0330015756002471 6.75456588442768 -2.539
   endloop
endfacet
facet normal 0 0 -1
   outer loop
      vertex -6.54903557813362 1.71381480923322 -2.539
      vertex -6.90418458602375 1.13328235659755 -2.539
      vertex -7.51874607811012 1.55156184521502 -2.539
   endloop
endfacet
facet normal 0 0 -1
   outer loop
      vertex -7.25221159886468 -1.4882455389999 -2.539
      vertex -7.63160811696595 -2.16733249608195 -2.539
      vertex -8.17581056958715 -1.74427541776573 -2.539
   endloop
endfacet
facet normal 0 0 -1
   outer loop
      vertex -6.54903557813362 1.71381480923322 -2.539
      vertex -6.35843067250147 1.01904728231458 -2.539
      vertex -6.90418458602375 1.13328235659755 -2.539
   endloop
endfacet
facet normal 0 0 -1
   outer loop
      vertex 3.30062603453365 -5.84518100882839 -2.539
      vertex 4.23454780854938 -5.42050416787633 -2.539
      vertex 4.10055476352059 -6.20532676677891 -2.539
   endloop
endfacet
facet normal 0 0 -1
   outer loop
      vertex 3.30062603453365 -5.84518100882839 -2.539
      vertex 3.32645684513134 -4.96144273606913 -2.539
      vertex 4.23454780854938 -5.42050416787633 -2.539
   endloop
endfacet
facet normal 0 0 -1
   outer loop
      vertex -8.16936826329815 1.92322385720271 -2.539
      vertex -7.73011288801747 2.24159903403448 -2.539
      vertex -7.51874607811012 1.55156184521502 -2.539
   endloop
endfacet
facet normal 0 0 -1
   outer loop
      vertex -6.51218298271058 -5.97789309053752 -2.539
      vertex -6.5076540089288 -5.1698743208468 -2.539
      vertex -5.97747513473474 -5.56602338516652 -2.539
   endloop
endfacet
facet normal 0 0 -1
   outer loop
      vertex -6.5076540089288 -5.1698743208468 -2.539
      vertex -5.67319980086321 -4.79502587189841 -2.539
      vertex -5.97747513473474 -5.56602338516652 -2.539
   endloop
endfacet
facet normal 0 0 -1
   outer loop
      vertex -8.91066445507129 2.08981649795672 -2.539
      vertex -9.80297366505604 1.97527398662 -2.539
      vertex -9.61504903550105 2.74787773470916 -2.539
   endloop
endfacet
facet normal 0 0 -1
   outer loop
      vertex 0.275595571681839 -8.41517452043316 -2.539
      vertex -0.162864201238161 -8.12342382360552 -2.539
      vertex 0.419631171476752 -7.6655289029029 -2.539
   endloop
endfacet
facet normal 0 0 -1
   outer loop
      vertex 4.06181174653038 6.19274602445398 -2.539
      vertex 4.06398326431882 5.52860777522855 -2.539
      vertex 3.29580521920727 5.84712250247822 -2.539
   endloop
endfacet
facet normal 0 0 -1
   outer loop
      vertex 4.06398326431882 5.52860777522855 -2.539
      vertex 3.52138743914447 4.94244175513238 -2.539
      vertex 3.29580521920727 5.84712250247822 -2.539
   endloop
endfacet
facet normal 0 0 -1
   outer loop
      vertex -6.49588631554943 -1.69244580629787 -2.539
      vertex -6.32089840796743 -2.70177898024213 -2.539
      vertex -7.04723834372415 -2.37417872487723 -2.539
   endloop
endfacet
facet normal 0 0 -1
   outer loop
      vertex -6.49588631554943 -1.69244580629787 -2.539
      vertex -5.64824023121632 -1.94385965992122 -2.539
      vertex -6.32089840796743 -2.70177898024213 -2.539
   endloop
endfacet
facet normal 0 0 -1
   outer loop
      vertex -5.9494663081664 5.49656430126966 -2.539
      vertex -6.36877991452475 5.00621768620442 -2.539
      vertex -6.58633888861169 5.83413287730407 -2.539
   endloop
endfacet
facet normal 0 0 -1
   outer loop
      vertex -7.12541171309896 2.35742388245315 -2.539
      vertex -6.30888600317937 2.53368893266105 -2.539
      vertex -6.54903557813362 1.71381480923322 -2.539
   endloop
endfacet
facet normal 0 0 -1
   outer loop
      vertex -6.30888600317937 2.53368893266105 -2.539
      vertex -5.8581085462096 2.043142394811 -2.539
      vertex -6.54903557813362 1.71381480923322 -2.539
   endloop
endfacet
facet normal 0 0 -1
   outer loop
      vertex -5.9494663081664 5.49656430126966 -2.539
      vertex -5.60545616730067 4.87841541637116 -2.539
      vertex -6.36877991452475 5.00621768620442 -2.539
   endloop
endfacet
facet normal 0 0 -1
   outer loop
      vertex -1.50000000002581 -2.59807621133841 -2.539
      vertex -1.51441126189516 -3.21807667711718 -2.539
      vertex -2.14539054030943 -2.80707316350887 -2.539
   endloop
endfacet
facet normal 0 0 -1
   outer loop
      vertex -3.32152122748314 6.73631871043793 -2.539
      vertex -3.9614951039485 6.14011815953655 -2.539
      vertex -4.14076056909426 6.8897522852994 -2.539
   endloop
endfacet
facet normal 0 0 -1
   outer loop
      vertex -3.95823613820285 -6.94548918334996 -2.539
      vertex -3.37797178661992 -7.33740428979847 -2.539
      vertex -4.04176372125232 -7.69140306403077 -2.539
   endloop
endfacet
facet normal 0 0 -1
   outer loop
      vertex -3.95823613820285 -6.94548918334996 -2.539
      vertex -3.25437876660518 -6.70045351292353 -2.539
      vertex -3.37797178661992 -7.33740428979847 -2.539
   endloop
endfacet
facet normal 0 0 -1
   outer loop
      vertex -6.51218298271058 -5.97789309053752 -2.539
      vertex -6.4678764070292 -6.74154557762859 -2.539
      vertex -7.02991555555246 -6.33591261046456 -2.539
   endloop
endfacet
facet normal 0 0 -1
   outer loop
      vertex 7.20722540647369 1.41684914184051 -2.539
      vertex 6.93135403248638 2.25148121757787 -2.539
      vertex 7.72733694736776 2.25549834381122 -2.539
   endloop
endfacet
facet normal 0 0 -1
   outer loop
      vertex -5.86831523162495 -6.22764136473246 -2.539
      vertex -6.4678764070292 -6.74154557762859 -2.539
      vertex -6.51218298271058 -5.97789309053752 -2.539
   endloop
endfacet
facet normal 0 0 -1
   outer loop
      vertex -7.02991555555246 -6.33591261046456 -2.539
      vertex -6.4678764070292 -6.74154557762859 -2.539
      vertex -7.2787879206485 -6.85705814516849 -2.539
   endloop
endfacet
facet normal 0 0 -1
   outer loop
      vertex 7.44489652298662 -4.76669786380165 -2.539
      vertex 8.17131510649964 -4.52906404373566 -2.539
      vertex 7.92283111356035 -5.17631630656954 -2.539
   endloop
endfacet
facet normal 0 0 -1
   outer loop
      vertex 0.748300476593289 9.28366950703716 -2.539
      vertex 0.139583053355685 9.49240690345141 -2.539
      vertex 0.596151244184225 9.98221436826807 -2.539
   endloop
endfacet
facet normal 0 0 -1
   outer loop
      vertex 0.139583053355685 9.49240690345141 -2.539
      vertex -0.198821924745086 9.99802329674424 -2.539
      vertex 0.596151244184225 9.98221436826807 -2.539
   endloop
endfacet
facet normal 0 0 -1
   outer loop
      vertex 0.596151244184228 -9.98221436826808 -2.539
      vertex -0.201713089304406 -9.46967390893776 -2.539
      vertex 0.425666996069577 -9.10157641745069 -2.539
   endloop
endfacet
facet normal 0 0 -1
   outer loop
      vertex 0.596151244184228 -9.98221436826808 -2.539
      vertex -0.198821924745078 -9.99802329674425 -2.539
      vertex -0.201713089304406 -9.46967390893776 -2.539
   endloop
endfacet
facet normal 0 0 -1
   outer loop
      vertex -8.96993628153692 -1.86707012229883 -2.539
      vertex -9.12245026357725 -2.60153896406963 -2.539
      vertex -9.80297366505602 -1.97527398662015 -2.539
   endloop
endfacet
facet normal 0 0 -1
   outer loop
      vertex 7.72668057893951 -2.04769297803335 -2.539
      vertex 7.95645449207089 -1.387453178362 -2.539
      vertex 8.46863901572421 -1.93795398398237 -2.539
   endloop
endfacet
facet normal 0 0 -1
   outer loop
      vertex 7.72668057893951 -2.04769297803335 -2.539
      vertex 7.18138833533147 -1.32876793023673 -2.539
      vertex 7.95645449207089 -1.387453178362 -2.539
   endloop
endfacet
facet normal 0 0 -1
   outer loop
      vertex -9.12245026357725 -2.60153896406963 -2.539
      vertex -9.61504903550101 -2.74787773470928 -2.539
      vertex -9.80297366505602 -1.97527398662015 -2.539
   endloop
endfacet
facet normal 0 0 -1
   outer loop
      vertex 4.41545497561351 8.97238860941332 -2.539
      vertex 4.83603195693872 8.1502574565479 -2.539
      vertex 4.08001982133453 8.18822610473746 -2.539
   endloop
endfacet
facet normal 0 0 -1
   outer loop
      vertex 7.52176608491 -4.07990856437026 -2.539
      vertex 8.17131510649964 -4.52906404373566 -2.539
      vertex 7.44489652298662 -4.76669786380165 -2.539
   endloop
endfacet
facet normal 0 0 -1
   outer loop
      vertex 7.92283111356035 -5.17631630656954 -2.539
      vertex 8.17131510649964 -4.52906404373566 -2.539
      vertex 8.48983361954523 -5.28419578672473 -2.539
   endloop
endfacet
facet normal 0 0 -1
   outer loop
      vertex 4.41545497561351 8.97238860941332 -2.539
      vertex 5.11435479206999 8.59321680518016 -2.539
      vertex 4.83603195693872 8.1502574565479 -2.539
   endloop
endfacet
facet normal 0 0 -1
   outer loop
      vertex 4.09884953290593 -8.19404481409727 -2.539
      vertex 4.84761947695944 -8.15411818555097 -2.539
      vertex 4.41545497561351 -8.97238860941332 -2.539
   endloop
endfacet
facet normal 0 0 -1
   outer loop
      vertex -0.228122495741804 -8.7177647978734 -2.539
      vertex -0.748966638092746 -8.25590774469807 -2.539
      vertex -0.162864201238161 -8.12342382360552 -2.539
   endloop
endfacet
facet normal 0 0 -1
   outer loop
      vertex -0.748966638092746 -8.25590774469807 -2.539
      vertex -0.497565848679432 -7.59981523171215 -2.539
      vertex -0.162864201238161 -8.12342382360552 -2.539
   endloop
endfacet
facet normal 0 0 -1
   outer loop
      vertex 4.84761947695944 -8.15411818555097 -2.539
      vertex 5.11435479207007 -8.59321680518011 -2.539
      vertex 4.41545497561351 -8.97238860941332 -2.539
   endloop
endfacet
facet normal 0 0 -1
   outer loop
      vertex 1.82599730267466 -3.80838871903171 -2.539
      vertex 1.25360826163265 -3.27643864338035 -2.539
      vertex 1.99911840255342 -2.93041227606523 -2.539
   endloop
endfacet
facet normal 0 0 -1
   outer loop
      vertex 1.99911840255342 -2.93041227606523 -2.539
      vertex 1.25360826163265 -3.27643864338035 -2.539
      vertex 1.49999999994225 -2.59807621138666 -2.539
   endloop
endfacet
facet normal 0 0 -1
   outer loop
      vertex 0.145715254350245 8.04854099226436 -2.539
      vertex -0.446451618830228 7.34350177512075 -2.539
      vertex -0.658314331787926 8.24639826115866 -2.539
   endloop
endfacet
facet normal 0 0 -1
   outer loop
      vertex -4.12985853328694 -0.766692838646502 -2.539
      vertex -3.4863335024001 -0.368938231768443 -2.539
      vertex -3.34299221583514 -1.17355057060187 -2.539
   endloop
endfacet
facet normal 0 0 -1
   outer loop
      vertex -4.42931053858602 -5.79292007552711 -2.539
      vertex -3.86244955245284 -6.15990863089161 -2.539
      vertex -4.64027685284169 -6.47517567619583 -2.539
   endloop
endfacet
facet normal 0 0 -1
   outer loop
      vertex 3.94953088820203 4.29454693604647 -2.539
      vertex 3.52138743914447 4.94244175513238 -2.539
      vertex 4.55291653402038 5.00299247603868 -2.539
   endloop
endfacet
facet normal 0 0 -1
   outer loop
      vertex -3.34299221583514 -1.17355057060187 -2.539
      vertex -3.4863335024001 -0.368938231768443 -2.539
      vertex -2.89777746934155 -0.77645717085778 -2.539
   endloop
endfacet
facet normal 0 0 -1
   outer loop
      vertex 6.73396912280914 -2.79776195562798 -2.539
      vertex 6.94319676071524 -2.15496799637219 -2.539
      vertex 7.44700809678267 -2.82800881834214 -2.539
   endloop
endfacet
facet normal 0 0 -1
   outer loop
      vertex -3.53408787840942 -3.51078678079949 -2.539
      vertex -2.83629910015323 -3.11568928116877 -2.539
      vertex -2.85880138417228 -4.1200073707448 -2.539
   endloop
endfacet
facet normal 0 0 -1
   outer loop
      vertex -7.63160811696595 -2.16733249608195 -2.539
      vertex -7.71008881357477 -2.92050892856237 -2.539
      vertex -8.40466617073196 -2.40935382178019 -2.539
   endloop
endfacet
facet normal 0 0 -1
   outer loop
      vertex -7.63160811696595 -2.16733249608195 -2.539
      vertex -7.04723834372415 -2.37417872487723 -2.539
      vertex -7.71008881357477 -2.92050892856237 -2.539
   endloop
endfacet
facet normal 0 0 -1
   outer loop
      vertex -2.83629910015323 -3.11568928116877 -2.539
      vertex -2.16709160115581 -3.47888124940655 -2.539
      vertex -2.85880138417228 -4.1200073707448 -2.539
   endloop
endfacet
facet normal 0 0 -1
   outer loop
      vertex -9.61504903550105 2.74787773470916 -2.539
      vertex -9.36633497013625 3.5031085091962 -2.539
      vertex -8.74751470368587 2.96920818848369 -2.539
   endloop
endfacet
facet normal 0 0 -1
   outer loop
      vertex -8.26686164020674 2.43334921577118 -2.539
      vertex -7.76119920455021 2.9518225174502 -2.539
      vertex -7.73011288801747 2.24159903403448 -2.539
   endloop
endfacet
facet normal 0 0 -1
   outer loop
      vertex -7.76119920455021 2.9518225174502 -2.539
      vertex -7.12541171309896 2.35742388245315 -2.539
      vertex -7.73011288801747 2.24159903403448 -2.539
   endloop
endfacet
facet normal 0 0 -1
   outer loop
      vertex 2.78657138529397 -4.63868140071469 -2.539
      vertex 2.6595400652436 -4.01204929632662 -2.539
      vertex 3.16080391081473 -4.2234107544496 -2.539
   endloop
endfacet
facet normal 0 0 -1
   outer loop
      vertex 4.30058459670778 -2.51466782964828 -2.539
      vertex 3.74104988222137 -1.93914941228653 -2.539
      vertex 4.71360899900423 -1.70828857009683 -2.539
   endloop
endfacet
facet normal 0 0 -1
   outer loop
      vertex 2.78657138529397 -4.63868140071469 -2.539
      vertex 3.32645684513134 -4.96144273606913 -2.539
      vertex 2.62235863150049 -5.22328905008441 -2.539
   endloop
endfacet
facet normal 0 0 -1
   outer loop
      vertex 3.32645684513134 -4.96144273606913 -2.539
      vertex 3.30062603453365 -5.84518100882839 -2.539
      vertex 2.62235863150049 -5.22328905008441 -2.539
   endloop
endfacet
facet normal 0 0 -1
   outer loop
      vertex 3.74104988222137 -1.93914941228653 -2.539
      vertex 3.92059908214935 -1.19627418694243 -2.539
      vertex 4.71360899900423 -1.70828857009683 -2.539
   endloop
endfacet
facet normal 0 0 -1
   outer loop
      vertex 3.22689355040001 4.20578836214106 -2.539
      vertex 2.56164978078238 4.05686203701387 -2.539
      vertex 2.79666276529571 4.63911374602175 -2.539
   endloop
endfacet
facet normal 0 0 -1
   outer loop
      vertex -3.35182463400287 1.18537761653657 -2.539
      vertex -3.48982964459977 0.415009847510809 -2.539
      vertex -4.14991046090288 0.785095107221865 -2.539
   endloop
endfacet
facet normal 0 0 -1
   outer loop
      vertex 2.65646725973997 5.22400809404886 -2.539
      vertex 3.52138743914447 4.94244175513238 -2.539
      vertex 2.79666276529571 4.63911374602175 -2.539
   endloop
endfacet
facet normal 0 0 -1
   outer loop
      vertex -5.76948143696285 1.35855695500421 -2.539
      vertex -5.8581085462096 2.043142394811 -2.539
      vertex -5.20699637823723 1.75060674191897 -2.539
   endloop
endfacet
facet normal 0 0 -1
   outer loop
      vertex 2.65646725973997 5.22400809404886 -2.539
      vertex 3.29580521920727 5.84712250247822 -2.539
      vertex 3.52138743914447 4.94244175513238 -2.539
   endloop
endfacet
facet normal 0 0 -1
   outer loop
      vertex -2.89777746934155 0.776457170857777 -2.539
      vertex -3.48982964459977 0.415009847510809 -2.539
      vertex -3.35182463400287 1.18537761653657 -2.539
   endloop
endfacet
facet normal 0 0 -1
   outer loop
      vertex 1.61550296024402 -8.82430769791935 -2.539
      vertex 1.70204052322695 -9.39757808119118 -2.539
      vertex 1.10839723418423 -9.27942498217909 -2.539
   endloop
endfacet
facet normal 0 0 -1
   outer loop
      vertex 0.92366638784283 -8.46757866033328 -2.539
      vertex 1.61550296024402 -8.82430769791935 -2.539
      vertex 1.10839723418423 -9.27942498217909 -2.539
   endloop
endfacet
facet normal 0 0 -1
   outer loop
      vertex 1.61550296024402 -8.82430769791935 -2.539
      vertex 0.92366638784283 -8.46757866033328 -2.539
      vertex 1.49818975488581 -8.16992701058311 -2.539
   endloop
endfacet
facet normal 0 0 -1
   outer loop
      vertex 4.04951776844023 -6.82364881721309 -2.539
      vertex 4.79751941121548 -6.70722583788803 -2.539
      vertex 4.47924602077454 -7.50879761928674 -2.539
   endloop
endfacet
facet normal 0 0 -1
   outer loop
      vertex 4.04951776844023 -6.82364881721309 -2.539
      vertex 4.10055476352059 -6.20532676677891 -2.539
      vertex 4.79751941121548 -6.70722583788803 -2.539
   endloop
endfacet
facet normal 0 0 -1
   outer loop
      vertex 2.52211425862883 3.39223672166984 -2.539
      vertex 2.96400953643852 3.68791738447905 -2.539
      vertex 3.17092785916853 3.15621287843485 -2.539
   endloop
endfacet
facet normal 0 0 -1
   outer loop
      vertex 3.17092785916853 3.15621287843485 -2.539
      vertex 2.96400953643852 3.68791738447905 -2.539
      vertex 3.57887348553714 3.70166141897585 -2.539
   endloop
endfacet
facet normal 0 0 -1
   outer loop
      vertex 7.97108235261295 1.49851371047136 -2.539
      vertex 7.20722540647369 1.41684914184051 -2.539
      vertex 7.72733694736776 2.25549834381122 -2.539
   endloop
endfacet
facet normal 0 0 -1
   outer loop
      vertex 4.43590065400677 7.4735384452107 -2.539
      vertex 4.77468066520684 6.65322990481766 -2.539
      vertex 4.0269555589284 6.83361099169082 -2.539
   endloop
endfacet
facet normal 0 0 -1
   outer loop
      vertex 7.72733694736776 2.25549834381122 -2.539
      vertex 8.36295396635988 2.56248458353132 -2.539
      vertex 8.49070156996043 1.88908364181268 -2.539
   endloop
endfacet
facet normal 0 0 -1
   outer loop
      vertex 4.77468066520684 6.65322990481766 -2.539
      vertex 4.06181174653038 6.19274602445398 -2.539
      vertex 4.0269555589284 6.83361099169082 -2.539
   endloop
endfacet
facet normal 0 0 -1
   outer loop
      vertex -5.19915651901311 -1.5041232123429 -2.539
      vertex -4.55657409271756 -1.54156265009598 -2.539
      vertex -4.89230087626355 -1.96989610579079 -2.539
   endloop
endfacet
facet normal 0 0 -1
   outer loop
      vertex 8.49070156996043 1.88908364181268 -2.539
      vertex 7.97108235261295 1.49851371047136 -2.539
      vertex 7.72733694736776 2.25549834381122 -2.539
   endloop
endfacet
facet normal 0 0 -1
   outer loop
      vertex -8.91326562402722 0.679126531313181 -2.539
      vertex -9.5259652629095 0.762795250438069 -2.539
      vertex -9.21681498155043 1.32282999757118 -2.539
   endloop
endfacet
facet normal 0 0 -1
   outer loop
      vertex -5.19915651901311 -1.5041232123429 -2.539
      vertex -5.64824023121632 -1.94385965992122 -2.539
      vertex -5.7243730062484 -1.20389416588823 -2.539
   endloop
endfacet
facet normal 0 0 -1
   outer loop
      vertex -5.64824023121632 -1.94385965992122 -2.539
      vertex -6.49588631554943 -1.69244580629787 -2.539
      vertex -5.7243730062484 -1.20389416588823 -2.539
   endloop
endfacet
facet normal 0 0 -1
   outer loop
      vertex -8.42045625508511 1.29979269303616 -2.539
      vertex -8.91326562402722 0.679126531313181 -2.539
      vertex -9.21681498155043 1.32282999757118 -2.539
   endloop
endfacet
facet normal 0 0 -1
   outer loop
      vertex -8.91326562402722 0.679126531313181 -2.539
      vertex -8.42045625508511 1.29979269303616 -2.539
      vertex -8.30367695148402 0.632313492099744 -2.539
   endloop
endfacet
facet normal 0 0 -1
   outer loop
      vertex -4.89230087626355 -1.96989610579079 -2.539
      vertex -5.25682626225603 -2.5910196889654 -2.539
      vertex -5.64824023121632 -1.94385965992122 -2.539
   endloop
endfacet
facet normal 0 0 -1
   outer loop
      vertex 1.55598686831511 9.02012406673979 -2.539
      vertex 2.16978805579826 9.76176314980625 -2.539
      vertex 2.3496672864139 9.0587757556127 -2.539
   endloop
endfacet
facet normal 0 0 -1
   outer loop
      vertex 2.05028981134643 8.33076659172306 -2.539
      vertex 1.55598686831511 9.02012406673979 -2.539
      vertex 2.3496672864139 9.0587757556127 -2.539
   endloop
endfacet
facet normal 0 0 -1
   outer loop
      vertex 1.55598686831511 9.02012406673979 -2.539
      vertex 2.05028981134643 8.33076659172306 -2.539
      vertex 1.42312406914063 8.27544609509328 -2.539
   endloop
endfacet
facet normal 0 0 -1
   outer loop
      vertex -4.65213107971204 2.01888468342356 -2.539
      vertex -3.82159793002792 1.71016172406856 -2.539
      vertex -4.58134400129855 1.45275205687641 -2.539
   endloop
endfacet
facet normal 0 0 -1
   outer loop
      vertex 3.16080391081473 -4.2234107544496 -2.539
      vertex 3.85383330009583 -4.41759003446136 -2.539
      vertex 3.32645684513134 -4.96144273606913 -2.539
   endloop
endfacet
facet normal 0 0 -1
   outer loop
      vertex -4.14991046090288 0.785095107221865 -2.539
      vertex -3.48982964459977 0.415009847510809 -2.539
      vertex -4.05838367827787 0.0771404892035381 -2.539
   endloop
endfacet
facet normal 0 0 -1
   outer loop
      vertex -4.12985853328694 -0.766692838646502 -2.539
      vertex -4.82635105137799 0.0402270685002115 -2.539
      vertex -4.05838367827787 0.0771404892035381 -2.539
   endloop
endfacet
facet normal 0 0 -1
   outer loop
      vertex 3.52138743914447 4.94244175513238 -2.539
      vertex 3.94953088820203 4.29454693604647 -2.539
      vertex 3.22689355040001 4.20578836214106 -2.539
   endloop
endfacet
facet normal 0 0 -1
   outer loop
      vertex -5.76948143696285 1.35855695500421 -2.539
      vertex -6.54903557813362 1.71381480923322 -2.539
      vertex -5.8581085462096 2.043142394811 -2.539
   endloop
endfacet
facet normal 0 0 -1
   outer loop
      vertex -4.05838367827787 0.0771404892035381 -2.539
      vertex -4.82635105137799 0.0402270685002115 -2.539
      vertex -4.14991046090288 0.785095107221865 -2.539
   endloop
endfacet
facet normal 0 0 -1
   outer loop
      vertex 0.286516181120597 -4.251624164975 -2.539
      vertex 0.494060232593226 -3.48886306479061 -2.539
      vertex 0.971117675105958 -3.94809704608601 -2.539
   endloop
endfacet
facet normal 0 0 -1
   outer loop
      vertex 6.78104206836674 -6.39122909358746 -2.539
      vertex 7.0004207521695 -7.14101598461974 -2.539
      vertex 6.14948478529686 -6.86986400277738 -2.539
   endloop
endfacet
facet normal 0 0 -1
   outer loop
      vertex 1.82599730267466 -3.80838871903171 -2.539
      vertex 1.18401924796348 -4.66594161652509 -2.539
      vertex 0.971117675105958 -3.94809704608601 -2.539
   endloop
endfacet
facet normal 0 0 -1
   outer loop
      vertex 6.2355149666986 6.81453459864235 -2.539
      vertex 7.00042075216948 7.14101598461976 -2.539
      vertex 6.83231042218755 6.32275372033948 -2.539
   endloop
endfacet
facet normal 0 0 -1
   outer loop
      vertex 0.971117675105958 -3.94809704608601 -2.539
      vertex 1.18401924796348 -4.66594161652509 -2.539
      vertex 0.286516181120597 -4.251624164975 -2.539
   endloop
endfacet
facet normal 0 0 -1
   outer loop
      vertex -7.91223648084601 -4.92100415041856 -2.539
      vertex -8.69320272134852 -4.94249192670446 -2.539
      vertex -8.21320717348097 -4.18770357532511 -2.539
   endloop
endfacet
facet normal 0 0 -1
   outer loop
      vertex 2.95744291113955 1.99515794824792 -2.539
      vertex 3.63353441117925 1.97518250630878 -2.539
      vertex 3.28084055448545 1.37171273236816 -2.539
   endloop
endfacet
facet normal 0 0 -1
   outer loop
      vertex -8.16354511638508 4.32502550294312 -2.539
      vertex -8.69320272134858 4.94249192670434 -2.539
      vertex -7.73934172472328 4.94943038408224 -2.539
   endloop
endfacet
facet normal 0 0 -1
   outer loop
      vertex -6.71098418435938 7.41368270681165 -2.539
      vertex -6.10075129623211 7.92343572079197 -2.539
      vertex -6.13256380613216 7.32162045000852 -2.539
   endloop
endfacet
facet normal 0 0 -1
   outer loop
      vertex -0.683636069271099 -4.97468251467415 -2.539
      vertex -0.1476529122735 -4.73673886665066 -2.539
      vertex -0.366570266503988 -5.45535763300514 -2.539
   endloop
endfacet
facet normal 0 0 -1
   outer loop
      vertex -0.683636069271099 -4.97468251467415 -2.539
      vertex -0.593036665006554 -4.2245203603469 -2.539
      vertex -0.1476529122735 -4.73673886665066 -2.539
   endloop
endfacet
facet normal 0 0 -1
   outer loop
      vertex 0.110688400644843 -5.9666994058377 -2.539
      vertex -0.750577284606088 -6.35092454548881 -2.539
      vertex -0.366570266503988 -5.45535763300514 -2.539
   endloop
endfacet
facet normal 0 0 -1
   outer loop
      vertex 4.07336807553777 1.33583249889909 -2.539
      vertex 3.28084055448545 1.37171273236816 -2.539
      vertex 3.63353441117925 1.97518250630878 -2.539
   endloop
endfacet
facet normal 0 0 -1
   outer loop
      vertex 0.110688400644843 -5.9666994058377 -2.539
      vertex -0.0731688902374206 -6.83330664502566 -2.539
      vertex -0.750577284606088 -6.35092454548881 -2.539
   endloop
endfacet
facet normal 0 0 -1
   outer loop
      vertex 2.95744291113955 1.99515794824792 -2.539
      vertex 3.28084055448545 1.37171273236816 -2.539
      vertex 2.59807624304469 1.49999994510894 -2.539
   endloop
endfacet
facet normal 0 0 -1
   outer loop
      vertex -0.3269848530287 5.43729249680753 -2.539
      vertex -0.152835756005327 4.73832077775901 -2.539
      vertex -0.691326525374938 4.97395927109989 -2.539
   endloop
endfacet
facet normal 0 0 -1
   outer loop
      vertex -2.6913532361451 2.3085311646667 -2.539
      vertex -2.84064175862619 2.91357343069931 -2.539
      vertex -2.15957896864535 2.79320539883027 -2.539
   endloop
endfacet
facet normal 0 0 -1
   outer loop
      vertex -0.152835756005327 4.73832077775901 -2.539
      vertex -0.600707023360595 4.22401885978466 -2.539
      vertex -0.691326525374938 4.97395927109989 -2.539
   endloop
endfacet
facet normal 0 0 -1
   outer loop
      vertex -0.3269848530287 5.43729249680753 -2.539
      vertex -0.586502582835962 6.31627860025997 -2.539
      vertex 0.147262867102596 5.94867383680045 -2.539
   endloop
endfacet
facet normal 0 0 -1
   outer loop
      vertex -0.586502582835962 6.31627860025997 -2.539
      vertex -0.0330015756002471 6.75456588442768 -2.539
      vertex 0.147262867102596 5.94867383680045 -2.539
   endloop
endfacet
facet normal 0 0 -1
   outer loop
      vertex -2.32093818635742 3.57338463409962 -2.539
      vertex -2.15957896864535 2.79320539883027 -2.539
      vertex -2.84064175862619 2.91357343069931 -2.539
   endloop
endfacet
facet normal 0 0 -1
   outer loop
      vertex -0.586502582835962 6.31627860025997 -2.539
      vertex -0.446451618830228 7.34350177512075 -2.539
      vertex -0.0330015756002471 6.75456588442768 -2.539
   endloop
endfacet
facet normal 0 0 -1
   outer loop
      vertex -2.03782410696768 -9.07827272999837 -2.539
      vertex -2.74541512101217 -8.73698733037752 -2.539
      vertex -2.0144966513039 -8.30074082593456 -2.539
   endloop
endfacet
facet normal 0 0 -1
   outer loop
      vertex -2.03782410696768 -9.07827272999837 -2.539
      vertex -2.55616654190729 -9.66778219707259 -2.539
      vertex -2.74541512101217 -8.73698733037752 -2.539
   endloop
endfacet
facet normal 0 0 -1
   outer loop
      vertex -2.6913532361451 2.3085311646667 -2.539
      vertex -2.15957896864535 2.79320539883027 -2.539
      vertex -2.12132028332661 2.12132040379267 -2.539
   endloop
endfacet
facet normal 0 0 -1
   outer loop
      vertex -2.79767727269987 8.86158101588207 -2.539
      vertex -2.55616654190727 9.6677821970726 -2.539
      vertex -1.99630113536404 8.95150457608204 -2.539
   endloop
endfacet
facet normal 0 0 -1
   outer loop
      vertex 5.50512220733792 -1.10157250663266 -2.539
      vertex 4.67245678149908 -0.990328319806135 -2.539
      vertex 5.01922529632242 -0.564801395525427 -2.539
   endloop
endfacet
facet normal 0 0 -1
   outer loop
      vertex 4.67245678149908 -0.990328319806135 -2.539
      vertex 4.20372830089949 -0.380704940090917 -2.539
      vertex 5.01922529632242 -0.564801395525427 -2.539
   endloop
endfacet
facet normal 0 0 -1
   outer loop
      vertex 0.951368095531882 3.97712238443525 -2.539
      vertex 0.483032950401874 3.49850345163301 -2.539
      vertex 0.279132579757295 4.25856466486234 -2.539
   endloop
endfacet
facet normal 0 0 -1
   outer loop
      vertex 5.50512220733792 -1.10157250663266 -2.539
      vertex 6.4538689756799 -0.725721916298724 -2.539
      vertex 6.35503452433497 -1.57683655929128 -2.539
   endloop
endfacet
facet normal 0 0 -1
   outer loop
      vertex 6.4538689756799 -0.725721916298724 -2.539
      vertex 7.18138833533147 -1.32876793023673 -2.539
      vertex 6.35503452433497 -1.57683655929128 -2.539
   endloop
endfacet
facet normal 0 0 -1
   outer loop
      vertex 5.05093761518672 0.608658670999052 -2.539
      vertex 4.7596387693453 1.04951887646801 -2.539
      vertex 5.55848672119265 1.12621234251078 -2.539
   endloop
endfacet
facet normal 0 0 -1
   outer loop
      vertex 0.951368095531882 3.97712238443525 -2.539
      vertex 1.17241618103705 4.67562711307236 -2.539
      vertex 1.76068623024912 3.81692553623086 -2.539
   endloop
endfacet
facet normal 0 0 -1
   outer loop
      vertex 5.05093761518672 0.608658670999052 -2.539
      vertex 4.22712006340355 0.491211653586197 -2.539
      vertex 4.7596387693453 1.04951887646801 -2.539
   endloop
endfacet
facet normal 0 0 -1
   outer loop
      vertex 6.39598696239023 1.65302862522383 -2.539
      vertex 6.48943997802979 0.757072999331987 -2.539
      vertex 5.55848672119265 1.12621234251078 -2.539
   endloop
endfacet
facet normal 0 0 -1
   outer loop
      vertex 6.39598696239023 1.65302862522383 -2.539
      vertex 7.20722540647369 1.41684914184051 -2.539
      vertex 6.48943997802979 0.757072999331987 -2.539
   endloop
endfacet
facet normal 0 0 -1
   outer loop
      vertex 0.279132579757295 4.25856466486234 -2.539
      vertex 1.17241618103705 4.67562711307236 -2.539
      vertex 0.951368095531882 3.97712238443525 -2.539
   endloop
endfacet
facet normal 0 0 -1
   outer loop
      vertex 9.27640065393696 0.476167052893754 -2.539
      vertex 10 0 -2.539
      vertex 9.19572971583007 -0.428838948682111 -2.539
   endloop
endfacet
facet normal 0 0 -1
   outer loop
      vertex -2.53798244787723 -7.99411920382745 -2.539
      vertex -2.0144966513039 -8.30074082593456 -2.539
      vertex -2.74541512101217 -8.73698733037752 -2.539
   endloop
endfacet
facet normal 0 0 -1
   outer loop
      vertex -2.35666955310609 -4.800980650044 -2.539
      vertex -2.12473412570048 -4.21701626631232 -2.539
      vertex -1.77561776650247 -4.64736193607079 -2.539
   endloop
endfacet
facet normal 0 0 -1
   outer loop
      vertex 1.97406350367987 2.97979003216043 -2.539
      vertex 1.23891156057195 3.29446892856549 -2.539
      vertex 1.76068623024912 3.81692553623086 -2.539
   endloop
endfacet
facet normal 0 0 -1
   outer loop
      vertex -2.12473412570048 -4.21701626631232 -2.539
      vertex -1.4442486307923 -3.96418206197707 -2.539
      vertex -1.77561776650247 -4.64736193607079 -2.539
   endloop
endfacet
facet normal 0 0 -1
   outer loop
      vertex -3.03090217555121 -5.95011764434609 -2.539
      vertex -2.20755239380617 -6.12319523741456 -2.539
      vertex -2.5055176102354 -6.69700980727771 -2.539
   endloop
endfacet
facet normal 0 0 -1
   outer loop
      vertex -2.20755239380617 -6.12319523741456 -2.539
      vertex -3.03090217555121 -5.95011764434609 -2.539
      vertex -2.49501338948039 -5.45562415885149 -2.539
   endloop
endfacet
facet normal 0 0 -1
   outer loop
      vertex 8.88282612557944 4.59297289592736 -2.539
      vertex 9.21965858883562 3.872711647581 -2.539
      vertex 8.64619564316463 4.05677773273777 -2.539
   endloop
endfacet
facet normal 0 0 -1
   outer loop
      vertex -1.83615259425168 4.72657290207152 -2.539
      vertex -2.20187612385814 4.32345369318396 -2.539
      vertex -2.5138042248078 5.07014988163851 -2.539
   endloop
endfacet
facet normal 0 0 -1
   outer loop
      vertex -1.83615259425168 4.72657290207152 -2.539
      vertex -1.46916854790442 3.96017989663387 -2.539
      vertex -2.20187612385814 4.32345369318396 -2.539
   endloop
endfacet
facet normal 0 0 -1
   outer loop
      vertex -3.22683208034605 5.71880362338134 -2.539
      vertex -2.54489614629962 6.00233592936281 -2.539
      vertex -2.5138042248078 5.07014988163851 -2.539
   endloop
endfacet
facet normal 0 0 -1
   outer loop
      vertex 5.69713336250112 7.60574626297302 -2.539
      vertex 5.18954149412951 7.5144588543373 -2.539
      vertex 5.78092000447838 8.15971592041179 -2.539
   endloop
endfacet
facet normal 0 0 -1
   outer loop
      vertex -3.22683208034605 5.71880362338134 -2.539
      vertex -3.32152122748314 6.73631871043793 -2.539
      vertex -2.54489614629962 6.00233592936281 -2.539
   endloop
endfacet
facet normal 0 0 -1
   outer loop
      vertex 5.69713336250112 7.60574626297302 -2.539
      vertex 6.41093638256726 7.67462668138818 -2.539
      vertex 5.6434185951631 7.07791080128501 -2.539
   endloop
endfacet
facet normal 0 0 -1
   outer loop
      vertex -3.99831720489622 -3.06247081722634 -2.539
      vertex -3.53408787840942 -3.51078678079949 -2.539
      vertex -4.25086993065822 -3.72547293143051 -2.539
   endloop
endfacet
facet normal 0 0 -1
   outer loop
      vertex 5.6434185951631 7.07791080128501 -2.539
      vertex 5.18954149412951 7.5144588543373 -2.539
      vertex 5.69713336250112 7.60574626297302 -2.539
   endloop
endfacet
facet normal 0 0 -1
   outer loop
      vertex -3.99831720489622 -3.06247081722634 -2.539
      vertex -3.47837245068302 -2.58123441747795 -2.539
      vertex -3.53408787840942 -3.51078678079949 -2.539
   endloop
endfacet
facet normal 0 0 -1
   outer loop
      vertex -4.41418713938311 -4.40111116742667 -2.539
      vertex -5.04937707647192 -4.02824945445342 -2.539
      vertex -4.25086993065822 -3.72547293143051 -2.539
   endloop
endfacet
facet normal 0 0 -1
   outer loop
      vertex -4.41418713938311 -4.40111116742667 -2.539
      vertex -4.9605491105589 -4.80251696495059 -2.539
      vertex -5.04937707647192 -4.02824945445342 -2.539
   endloop
endfacet
facet normal 0 0 -1
   outer loop
      vertex 5.78092000447838 8.15971592041179 -2.539
      vertex 6.41093638256726 7.67462668138818 -2.539
      vertex 5.69713336250112 7.60574626297302 -2.539
   endloop
endfacet
facet normal 0 0 -1
   outer loop
      vertex -4.9605491105589 -4.80251696495059 -2.539
      vertex -5.67319980086321 -4.79502587189841 -2.539
      vertex -5.04937707647192 -4.02824945445342 -2.539
   endloop
endfacet
facet normal 0 0 -1
   outer loop
      vertex -4.23729398573908 3.72221285785128 -2.539
      vertex -3.34273441581789 3.50950410249415 -2.539
      vertex -3.98981899495744 3.05260629052895 -2.539
   endloop
endfacet
facet normal 0 0 -1
   outer loop
      vertex -3.34273441581789 3.50950410249415 -2.539
      vertex -3.45947459212059 2.56251518570546 -2.539
      vertex -3.98981899495744 3.05260629052895 -2.539
   endloop
endfacet
facet normal 0 0 -1
   outer loop
      vertex 1.49999999994224 2.59807621138666 -2.539
      vertex 1.23891156057195 3.29446892856549 -2.539
      vertex 1.97406350367987 2.97979003216043 -2.539
   endloop
endfacet
facet normal 0 0 -1
   outer loop
      vertex -4.23729398573908 3.72221285785128 -2.539
      vertex -5.06435382021016 4.09250787108353 -2.539
      vertex -4.40913575752478 4.41716782384035 -2.539
   endloop
endfacet
facet normal 0 0 -1
   outer loop
      vertex -5.06435382021016 4.09250787108353 -2.539
      vertex -4.95743826212335 4.83521217608423 -2.539
      vertex -4.40913575752478 4.41716782384035 -2.539
   endloop
endfacet
facet normal 0 0 -1
   outer loop
      vertex -5.06435382021016 4.09250787108353 -2.539
      vertex -5.60545616730067 4.87841541637116 -2.539
      vertex -4.95743826212335 4.83521217608423 -2.539
   endloop
endfacet
facet normal 0 0 -1
   outer loop
      vertex 6.2355149666986 6.81453459864235 -2.539
      vertex 5.55270469987563 6.20486850555493 -2.539
      vertex 5.6434185951631 7.07791080128501 -2.539
   endloop
endfacet
facet normal 0 0 -1
   outer loop
      vertex -6.06084710414137 -7.31699100337926 -2.539
      vertex -6.1007512962321 -7.92343572079198 -2.539
      vertex -6.71098418435935 -7.41368270681169 -2.539
   endloop
endfacet
facet normal 0 0 -1
   outer loop
      vertex 3.98732445028907 -3.07783625584911 -2.539
      vertex 4.30058459670778 -2.51466782964828 -2.539
      vertex 4.69204339261743 -3.15285509715208 -2.539
   endloop
endfacet
facet normal 0 0 -1
   outer loop
      vertex 3.98732445028907 -3.07783625584911 -2.539
      vertex 3.38911443910107 -2.69793582158752 -2.539
      vertex 4.30058459670778 -2.51466782964828 -2.539
   endloop
endfacet
facet normal 0 0 -1
   outer loop
      vertex 5.38606335328775 -3.13835578340733 -2.539
      vertex 5.18802610316736 -3.84907018112212 -2.539
      vertex 4.69204339261743 -3.15285509715208 -2.539
   endloop
endfacet
facet normal 0 0 -1
   outer loop
      vertex 5.38606335328775 -3.13835578340733 -2.539
      vertex 5.91250334907346 -3.56520895858329 -2.539
      vertex 5.18802610316736 -3.84907018112212 -2.539
   endloop
endfacet
facet normal 0 0 -1
   outer loop
      vertex 5.91250334907346 -3.56520895858329 -2.539
      vertex 6.08459203970475 -4.25768302922079 -2.539
      vertex 5.18802610316736 -3.84907018112212 -2.539
   endloop
endfacet
facet normal 0 0 -1
   outer loop
      vertex 4.68480895842738 3.14027880245342 -2.539
      vertex 4.28645502978254 2.3235093621506 -2.539
      vertex 3.97525908239095 3.0962125906106 -2.539
   endloop
endfacet
facet normal 0 0 -1
   outer loop
      vertex 4.28645502978254 2.3235093621506 -2.539
      vertex 3.45416132308554 2.53366462475837 -2.539
      vertex 3.97525908239095 3.0962125906106 -2.539
   endloop
endfacet
facet normal 0 0 -1
   outer loop
      vertex 4.68480895842738 3.14027880245342 -2.539
      vertex 5.24418536509105 3.82892109617534 -2.539
      vertex 5.39986346092046 3.12940342610237 -2.539
   endloop
endfacet
facet normal 0 0 -1
   outer loop
      vertex 5.24418536509105 3.82892109617534 -2.539
      vertex 5.93864942442473 3.54655828731069 -2.539
      vertex 5.39986346092046 3.12940342610237 -2.539
   endloop
endfacet
facet normal 0 0 -1
   outer loop
      vertex 5.24418536509105 3.82892109617534 -2.539
      vertex 6.13398079052099 4.15126301568695 -2.539
      vertex 5.93864942442473 3.54655828731069 -2.539
   endloop
endfacet
facet normal 0 0 -1
   outer loop
      vertex 5.47685465320038 -7.0050873980591 -2.539
      vertex 5.47894939949988 -6.27397034990073 -2.539
      vertex 6.14948478529686 -6.86986400277738 -2.539
   endloop
endfacet
facet normal 0 0 -1
   outer loop
      vertex 3.77791396316925 -7.45712058583158 -2.539
      vertex 4.47924602077454 -7.50879761928674 -2.539
      vertex 4.09884953290593 -8.19404481409727 -2.539
   endloop
endfacet
facet normal 0 0 -1
   outer loop
      vertex -6.97665465554321 6.33078577561937 -2.539
      vertex -6.34076521826706 6.67931120501402 -2.539
      vertex -6.58633888861169 5.83413287730407 -2.539
   endloop
endfacet
facet normal 0 0 -1
   outer loop
      vertex 4.08001982133453 8.18822610473746 -2.539
      vertex 4.43590065400677 7.4735384452107 -2.539
      vertex 3.72004623469277 7.4684483419067 -2.539
   endloop
endfacet
facet normal 0 0 -1
   outer loop
      vertex 8.62342791724977 -3.988553963311 -2.539
      vertex 9.21965858883561 -3.87271164758103 -2.539
      vertex 8.88282612557943 -4.59297289592737 -2.539
   endloop
endfacet
facet normal 0 0 -1
   outer loop
      vertex 1.81873245488025 -5.31039533026127 -2.539
      vertex 1.18401924796348 -4.66594161652509 -2.539
      vertex 2.09793553779798 -4.5892453537643 -2.539
   endloop
endfacet
facet normal 0 0 -1
   outer loop
      vertex 1.18401924796348 -4.66594161652509 -2.539
      vertex 1.82599730267466 -3.80838871903171 -2.539
      vertex 2.09793553779798 -4.5892453537643 -2.539
   endloop
endfacet
facet normal 0 0 -1
   outer loop
      vertex 1.81873245488025 -5.31039533026127 -2.539
      vertex 2.40382953205382 -5.99478847453011 -2.539
      vertex 1.62179453493069 -6.01137874819619 -2.539
   endloop
endfacet
facet normal 0 0 -1
   outer loop
      vertex 2.40382953205382 -5.99478847453011 -2.539
      vertex 1.89399189789892 -6.63573056476871 -2.539
      vertex 1.62179453493069 -6.01137874819619 -2.539
   endloop
endfacet
facet normal 0 0 -1
   outer loop
      vertex 2.40382953205382 -5.99478847453011 -2.539
      vertex 2.4712051440355 -7.0103109994379 -2.539
      vertex 1.89399189789892 -6.63573056476871 -2.539
   endloop
endfacet
facet normal 0 0 -1
   outer loop
      vertex -8.16354511638508 4.32502550294312 -2.539
      vertex -7.48982190794312 3.8103985021454 -2.539
      vertex -8.39247188429153 3.63177879429417 -2.539
   endloop
endfacet
facet normal 0 0 -1
   outer loop
      vertex 2.0995323436821 4.59919047154067 -2.539
      vertex 1.17241618103705 4.67562711307236 -2.539
      vertex 1.82017546249177 5.31547364391408 -2.539
   endloop
endfacet
facet normal 0 0 -1
   outer loop
      vertex 2.0995323436821 4.59919047154067 -2.539
      vertex 1.76068623024912 3.81692553623086 -2.539
      vertex 1.17241618103705 4.67562711307236 -2.539
   endloop
endfacet
facet normal 0 0 -1
   outer loop
      vertex 1.62430111220462 6.01984095666064 -2.539
      vertex 2.40524032861848 6.00070644520608 -2.539
      vertex 1.82017546249177 5.31547364391408 -2.539
   endloop
endfacet
facet normal 0 0 -1
   outer loop
      vertex 1.62430111220462 6.01984095666064 -2.539
      vertex 1.89408608723811 6.64466711518091 -2.539
      vertex 2.40524032861848 6.00070644520608 -2.539
   endloop
endfacet
facet normal 0 0 -1
   outer loop
      vertex 1.89408608723811 6.64466711518091 -2.539
      vertex 2.45660988730633 7.01314398173378 -2.539
      vertex 2.40524032861848 6.00070644520608 -2.539
   endloop
endfacet
facet normal 0 0 -1
   outer loop
      vertex -8.17581056958715 -1.74427541776573 -2.539
      vertex -8.40466617073196 -2.40935382178019 -2.539
      vertex -8.96993628153692 -1.86707012229883 -2.539
   endloop
endfacet
facet normal 0 0 -1
   outer loop
      vertex -6.58633888861169 5.83413287730407 -2.539
      vertex -6.34076521826706 6.67931120501402 -2.539
      vertex -5.92495593094119 6.04499052634769 -2.539
   endloop
endfacet
facet normal 0 0 -1
   outer loop
      vertex 7.9038634430553 5.12547903141741 -2.539
      vertex 8.06532245584907 4.42329501130307 -2.539
      vertex 7.23749613005039 4.88123265186028 -2.539
   endloop
endfacet
facet normal 0 0 -1
   outer loop
      vertex -8.17174629244628 -3.50215582795772 -2.539
      vertex -7.46487567192874 -3.68971151321683 -2.539
      vertex -8.21320717348097 -4.18770357532511 -2.539
   endloop
endfacet
facet normal 0 0 -1
   outer loop
      vertex -8.91066445507129 2.08981649795672 -2.539
      vertex -8.26686164020674 2.43334921577118 -2.539
      vertex -8.16936826329815 1.92322385720271 -2.539
   endloop
endfacet
facet normal 0 0 -1
   outer loop
      vertex -8.52925305501925 0.0911117451895898 -2.539
      vertex -8.30367695148402 0.632313492099744 -2.539
      vertex -7.67926331990088 0.236099103816283 -2.539
   endloop
endfacet
facet normal 0 0 -1
   outer loop
      vertex 7.23749613005039 4.88123265186028 -2.539
      vertex 8.06532245584907 4.42329501130307 -2.539
      vertex 7.36115306042692 4.18114971037751 -2.539
   endloop
endfacet
facet normal 0 0 -1
   outer loop
      vertex 1.10839723418423 -9.27942498217909 -2.539
      vertex 0.425666996069577 -9.10157641745069 -2.539
      vertex 0.92366638784283 -8.46757866033328 -2.539
   endloop
endfacet
facet normal 0 0 -1
   outer loop
      vertex 9.1565255171372 -1.80526730786248 -2.539
      vertex 8.9703724967267 -2.49957178931696 -2.539
      vertex 8.46863901572421 -1.93795398398237 -2.539
   endloop
endfacet
facet normal 0 0 -1
   outer loop
      vertex 0.425666996069577 -9.10157641745069 -2.539
      vertex -0.228122495741804 -8.7177647978734 -2.539
      vertex 0.275595571681839 -8.41517452043316 -2.539
   endloop
endfacet
facet normal 0 0 -1
   outer loop
      vertex 2.09241371855588 -8.27034366981331 -2.539
      vertex 1.49818975488581 -8.16992701058311 -2.539
      vertex 1.73668469250927 -7.47029393283644 -2.539
   endloop
endfacet
facet normal 0 0 -1
   outer loop
      vertex 8.46863901572421 -1.93795398398237 -2.539
      vertex 8.9703724967267 -2.49957178931696 -2.539
      vertex 8.26515757999336 -2.56409404550516 -2.539
   endloop
endfacet
facet normal 0 0 -1
   outer loop
      vertex 9.71669346596542 -2.36344411579053 -2.539
      vertex 8.9703724967267 -2.49957178931696 -2.539
      vertex 9.1565255171372 -1.80526730786248 -2.539
   endloop
endfacet
facet normal 0 0 -1
   outer loop
      vertex -4.09113514588045 -8.38944650145535 -2.539
      vertex -4.71146695265894 -8.03280324967198 -2.539
      vertex -4.04176372125232 -7.69140306403077 -2.539
   endloop
endfacet
facet normal 0 0 -1
   outer loop
      vertex -1.314845438224 8.57588581656139 -2.539
      vertex -1.77585802854168 8.24872910546198 -2.539
      vertex -1.99630113536404 8.95150457608204 -2.539
   endloop
endfacet
facet normal 0 0 -1
   outer loop
      vertex -1.314845438224 8.57588581656139 -2.539
      vertex -1.30251093809098 7.68995302712026 -2.539
      vertex -1.77585802854168 8.24872910546198 -2.539
   endloop
endfacet
facet normal 0 0 -1
   outer loop
      vertex 1.67705847247995 7.48131167644074 -2.539
      vertex 1.42312406914063 8.27544609509328 -2.539
      vertex 2.05028981134643 8.33076659172306 -2.539
   endloop
endfacet
facet normal 0 0 -1
   outer loop
      vertex 1.25360826163265 -3.27643864338035 -2.539
      vertex 0.494060232593226 -3.48886306479061 -2.539
      vertex 0.776457099901024 -2.89777748835436 -2.539
   endloop
endfacet
facet normal 0 0 -1
   outer loop
      vertex 0.776457099901024 -2.89777748835436 -2.539
      vertex 1.49999999994225 -2.59807621138666 -2.539
      vertex 1.25360826163265 -3.27643864338035 -2.539
   endloop
endfacet
facet normal 0 0 -1
   outer loop
      vertex -5.61455732124816 -0.410350543445494 -2.539
      vertex -4.82635105137799 0.0402270685002115 -2.539
      vertex -4.97157827248772 -0.877031689760297 -2.539
   endloop
endfacet
facet normal 0 0 -1
   outer loop
      vertex -4.82635105137799 0.0402270685002115 -2.539
      vertex -4.12985853328694 -0.766692838646502 -2.539
      vertex -4.97157827248772 -0.877031689760297 -2.539
   endloop
endfacet
facet normal 0 0 -1
   outer loop
      vertex 6.84264757824968 -3.59438398598374 -2.539
      vertex 7.59350903894384 -3.48156039274213 -2.539
      vertex 7.52176608491 -4.07990856437026 -2.539
   endloop
endfacet
facet normal 0 0 -1
   outer loop
      vertex -3.4863335024001 -0.368938231768443 -2.539
      vertex -3.48982964459977 0.415009847510809 -2.539
      vertex -3 0 -2.539
   endloop
endfacet
facet normal 0 0 -1
   outer loop
      vertex -5.61455732124816 -0.410350543445494 -2.539
      vertex -6.41681938183821 -0.795554083891945 -2.539
      vertex -6.24200402778554 -0.0370685804284392 -2.539
   endloop
endfacet
facet normal 0 0 -1
   outer loop
      vertex -3 0 -2.539
      vertex -2.89777746934155 -0.77645717085778 -2.539
      vertex -3.4863335024001 -0.368938231768443 -2.539
   endloop
endfacet
facet normal 0 0 -1
   outer loop
      vertex -6.41681938183821 -0.795554083891945 -2.539
      vertex -6.91425597042334 -0.135338672570152 -2.539
      vertex -6.24200402778554 -0.0370685804284392 -2.539
   endloop
endfacet
facet normal 0 0 -1
   outer loop
      vertex 7.36115306042692 4.18114971037751 -2.539
      vertex 7.64910270297519 3.64574639481689 -2.539
      vertex 6.84824308025387 3.62350239822712 -2.539
   endloop
endfacet
facet normal 0 0 -1
   outer loop
      vertex -6.41681938183821 -0.795554083891945 -2.539
      vertex -7.41618315146515 -0.59547077209313 -2.539
      vertex -6.91425597042334 -0.135338672570152 -2.539
   endloop
endfacet
facet normal 0 0 -1
   outer loop
      vertex 0.776457099901028 2.89777748835436 -2.539
      vertex 0.483032950401874 3.49850345163301 -2.539
      vertex 1.23891156057195 3.29446892856549 -2.539
   endloop
endfacet
facet normal 0 0 -1
   outer loop
      vertex 1.23891156057195 3.29446892856549 -2.539
      vertex 1.49999999994224 2.59807621138666 -2.539
      vertex 0.776457099901028 2.89777748835436 -2.539
   endloop
endfacet
facet normal 0 0 -1
   outer loop
      vertex -5.05606841255723 0.980308675579993 -2.539
      vertex -4.82635105137799 0.0402270685002115 -2.539
      vertex -5.8023271379659 0.494614113439152 -2.539
   endloop
endfacet
facet normal 0 0 -1
   outer loop
      vertex -5.05606841255723 0.980308675579993 -2.539
      vertex -4.14991046090288 0.785095107221865 -2.539
      vertex -4.82635105137799 0.0402270685002115 -2.539
   endloop
endfacet
facet normal 0 0 -1
   outer loop
      vertex -5.22616167509931 -5.69443168882374 -2.539
      vertex -5.30865764483915 -6.44991023406532 -2.539
      vertex -5.86831523162495 -6.22764136473246 -2.539
   endloop
endfacet
facet normal 0 0 -1
   outer loop
      vertex -4.04176372125232 -7.69140306403077 -2.539
      vertex -4.71146695265894 -8.03280324967198 -2.539
      vertex -4.59371444386482 -7.33391944785216 -2.539
   endloop
endfacet
facet normal 0 0 -1
   outer loop
      vertex -4.76867600053793 -8.78975137315576 -2.539
      vertex -4.71146695265894 -8.03280324967198 -2.539
      vertex -4.09113514588045 -8.38944650145535 -2.539
   endloop
endfacet
facet normal 0 0 -1
   outer loop
      vertex -5.8023271379659 0.494614113439152 -2.539
      vertex -6.24200402778554 -0.0370685804284392 -2.539
      vertex -6.7493970433281 0.511577936548999 -2.539
   endloop
endfacet
facet normal 0 0 -1
   outer loop
      vertex -2.03782410696768 -9.07827272999837 -2.539
      vertex -2.0144966513039 -8.30074082593456 -2.539
      vertex -1.38178671346373 -8.64287373633697 -2.539
   endloop
endfacet
facet normal 0 0 -1
   outer loop
      vertex -5.92495593094119 6.04499052634769 -2.539
      vertex -5.48547630617373 6.46501720713219 -2.539
      vertex -5.25558250510115 5.69307480872616 -2.539
   endloop
endfacet
facet normal 0 0 -1
   outer loop
      vertex 6.93135403248638 2.25148121757787 -2.539
      vertex 6.21411339610054 2.35939992486721 -2.539
      vertex 6.69428625497067 2.85169296337404 -2.539
   endloop
endfacet
facet normal 0 0 -1
   outer loop
      vertex -2.0144966513039 -8.30074082593456 -2.539
      vertex -1.35283675333677 -7.73222028758043 -2.539
      vertex -1.38178671346373 -8.64287373633697 -2.539
   endloop
endfacet
facet normal 0 0 -1
   outer loop
      vertex 6.69428625497067 2.85169296337404 -2.539
      vertex 6.21411339610054 2.35939992486721 -2.539
      vertex 6.06697440190827 2.99970149794359 -2.539
   endloop
endfacet
facet normal 0 0 -1
   outer loop
      vertex 7.9038634430553 5.12547903141741 -2.539
      vertex 8.48983361954522 5.28419578672476 -2.539
      vertex 8.06532245584907 4.42329501130307 -2.539
   endloop
endfacet
facet normal 0 0 -1
   outer loop
      vertex 8.06532245584907 4.42329501130307 -2.539
      vertex 8.88282612557944 4.59297289592736 -2.539
      vertex 8.64619564316463 4.05677773273777 -2.539
   endloop
endfacet
facet normal 0 0 -1
   outer loop
      vertex 8.06532245584907 4.42329501130307 -2.539
      vertex 8.48983361954522 5.28419578672476 -2.539
      vertex 8.88282612557944 4.59297289592736 -2.539
   endloop
endfacet
facet normal 0 0 -1
   outer loop
      vertex -6.97665465554321 6.33078577561937 -2.539
      vertex -7.27878792064853 6.85705814516845 -2.539
      vertex -6.34076521826706 6.67931120501402 -2.539
   endloop
endfacet
facet normal 0 0 -1
   outer loop
      vertex -6.34076521826706 6.67931120501402 -2.539
      vertex -6.71098418435938 7.41368270681165 -2.539
      vertex -6.13256380613216 7.32162045000852 -2.539
   endloop
endfacet
facet normal 0 0 -1
   outer loop
      vertex -6.34076521826706 6.67931120501402 -2.539
      vertex -7.27878792064853 6.85705814516845 -2.539
      vertex -6.71098418435938 7.41368270681165 -2.539
   endloop
endfacet
facet normal 0 0 -1
   outer loop
      vertex -3.9614951039485 6.14011815953655 -2.539
      vertex -3.86666611644085 5.3967772452983 -2.539
      vertex -4.46566713823579 5.74218627415345 -2.539
   endloop
endfacet
facet normal 0 0 -1
   outer loop
      vertex -4.46566713823579 5.74218627415345 -2.539
      vertex -3.86666611644085 5.3967772452983 -2.539
      vertex -4.45266306047999 5.09489496039996 -2.539
   endloop
endfacet
facet normal 0 0 -1
   outer loop
      vertex 2.52211425862883 3.39223672166984 -2.539
      vertex 2.70134864485243 2.65571246279746 -2.539
      vertex 1.97406350367987 2.97979003216043 -2.539
   endloop
endfacet
facet normal 0 0 -1
   outer loop
      vertex 1.97406350367987 2.97979003216043 -2.539
      vertex 2.70134864485243 2.65571246279746 -2.539
      vertex 2.12132034822198 2.12132033889731 -2.539
   endloop
endfacet
facet normal 0 0 -1
   outer loop
      vertex 0.336405171922887 -5.11860034728193 -2.539
      vertex 1.18401924796348 -4.66594161652509 -2.539
      vertex 0.951430372663683 -5.63524040730122 -2.539
   endloop
endfacet
facet normal 0 0 -1
   outer loop
      vertex -6.88735845238009 -4.00836943138532 -2.539
      vertex -6.21220380840202 -3.49833586067462 -2.539
      vertex -6.29125176729735 -4.34851499489303 -2.539
   endloop
endfacet
facet normal 0 0 -1
   outer loop
      vertex 0.336405171922887 -5.11860034728193 -2.539
      vertex 0.286516181120597 -4.251624164975 -2.539
      vertex 1.18401924796348 -4.66594161652509 -2.539
   endloop
endfacet
facet normal 0 0 -1
   outer loop
      vertex -6.87273680942268 -3.27476059907915 -2.539
      vertex -6.21220380840202 -3.49833586067462 -2.539
      vertex -6.88735845238009 -4.00836943138532 -2.539
   endloop
endfacet
facet normal 0 0 -1
   outer loop
      vertex 5.63907634970246 -5.6333912743125 -2.539
      vertex 4.97485508758547 -5.11064003593476 -2.539
      vertex 5.8145080647188 -4.96952077832617 -2.539
   endloop
endfacet
facet normal 0 0 -1
   outer loop
      vertex 4.92714094463608 -5.80701724710068 -2.539
      vertex 4.97485508758547 -5.11064003593476 -2.539
      vertex 5.63907634970246 -5.6333912743125 -2.539
   endloop
endfacet
facet normal 0 0 -1
   outer loop
      vertex 0.951430372663683 -5.63524040730122 -2.539
      vertex 1.62179453493069 -6.01137874819619 -2.539
      vertex 1.20622623264606 -6.63334904191772 -2.539
   endloop
endfacet
facet normal 0 0 -1
   outer loop
      vertex -9.21681498155043 1.32282999757118 -2.539
      vertex -9.80297366505604 1.97527398662 -2.539
      vertex -8.91066445507129 2.08981649795672 -2.539
   endloop
endfacet
facet normal 0 0 -1
   outer loop
      vertex 0.951017189206498 5.644885661417 -2.539
      vertex 1.17241618103705 4.67562711307236 -2.539
      vertex 0.34500136801157 5.11722742511978 -2.539
   endloop
endfacet
facet normal 0 0 -1
   outer loop
      vertex -9.92892073547959 1.19018193086751 -2.539
      vertex -9.80297366505604 1.97527398662 -2.539
      vertex -9.21681498155043 1.32282999757118 -2.539
   endloop
endfacet
facet normal 0 0 -1
   outer loop
      vertex 1.17241618103705 4.67562711307236 -2.539
      vertex 0.279132579757295 4.25856466486234 -2.539
      vertex 0.34500136801157 5.11722742511978 -2.539
   endloop
endfacet
facet normal 0 0 -1
   outer loop
      vertex 1.20243917258577 6.63037606465123 -2.539
      vertex 1.62430111220462 6.01984095666064 -2.539
      vertex 0.951017189206498 5.644885661417 -2.539
   endloop
endfacet
facet normal 0 0 -1
   outer loop
      vertex 9.27640065393696 0.476167052893754 -2.539
      vertex 8.52776137986 0.252855143787743 -2.539
      vertex 8.63373241812961 1.10761314611115 -2.539
   endloop
endfacet
facet normal 0 0 -1
   outer loop
      vertex -9.33617421110259 0.0158598736881785 -2.539
      vertex -9.5259652629095 0.762795250438069 -2.539
      vertex -8.91326562402722 0.679126531313181 -2.539
   endloop
endfacet
facet normal 0 0 -1
   outer loop
      vertex 8.52776137986 0.252855143787743 -2.539
      vertex 7.7813397476216 0.719397788656586 -2.539
      vertex 8.63373241812961 1.10761314611115 -2.539
   endloop
endfacet
facet normal 0 0 -1
   outer loop
      vertex -9.33617421110259 0.0158598736881785 -2.539
      vertex -8.91326562402722 0.679126531313181 -2.539
      vertex -8.52925305501925 0.0911117451895898 -2.539
   endloop
endfacet
facet normal 0 0 -1
   outer loop
      vertex -9.33617421110259 0.0158598736881785 -2.539
      vertex -9.99209397223904 0.397565151823238 -2.539
      vertex -9.5259652629095 0.762795250438069 -2.539
   endloop
endfacet
facet normal 0 0 -1
   outer loop
      vertex -9.99209397223903 -0.397565151823375 -2.539
      vertex -9.99209397223904 0.397565151823238 -2.539
      vertex -9.33617421110259 0.0158598736881785 -2.539
   endloop
endfacet
facet normal 0 0 -1
   outer loop
      vertex 2.37317183714743 -9.02556559405709 -2.539
      vertex 1.70204052322695 -9.39757808119118 -2.539
      vertex 1.61550296024402 -8.82430769791935 -2.539
   endloop
endfacet
facet normal 0 0 -1
   outer loop
      vertex 2.37317183714743 -9.02556559405709 -2.539
      vertex 1.61550296024402 -8.82430769791935 -2.539
      vertex 2.09241371855588 -8.27034366981331 -2.539
   endloop
endfacet
facet normal 0 0 -1
   outer loop
      vertex 5.28036643167759 -2.51194183749356 -2.539
      vertex 4.30058459670778 -2.51466782964828 -2.539
      vertex 4.71360899900423 -1.70828857009683 -2.539
   endloop
endfacet
facet normal 0 0 -1
   outer loop
      vertex 2.37317183714743 -9.02556559405709 -2.539
      vertex 2.16978805579823 -9.76176314980625 -2.539
      vertex 1.70204052322695 -9.39757808119118 -2.539
   endloop
endfacet
facet normal 0 0 -1
   outer loop
      vertex 6.06118767095777 -2.98655181318244 -2.539
      vertex 5.38606335328775 -3.13835578340733 -2.539
      vertex 5.28036643167759 -2.51194183749356 -2.539
   endloop
endfacet
facet normal 0 0 -1
   outer loop
      vertex 4.88828136232246 1.68567921588894 -2.539
      vertex 4.28645502978254 2.3235093621506 -2.539
      vertex 5.30669079477938 2.4876519877801 -2.539
   endloop
endfacet
facet normal 0 0 -1
   outer loop
      vertex 4.88828136232246 1.68567921588894 -2.539
      vertex 4.07336807553777 1.33583249889909 -2.539
      vertex 4.28645502978254 2.3235093621506 -2.539
   endloop
endfacet
facet normal 0 0 -1
   outer loop
      vertex 5.30669079477938 2.4876519877801 -2.539
      vertex 5.39986346092046 3.12940342610237 -2.539
      vertex 6.06697440190827 2.99970149794359 -2.539
   endloop
endfacet
facet normal 0 0 -1
   outer loop
      vertex 8.59578840272591 -1.10208551951804 -2.539
      vertex 8.40179228068699 -0.349211242514741 -2.539
      vertex 9.19572971583007 -0.428838948682111 -2.539
   endloop
endfacet
facet normal 0 0 -1
   outer loop
      vertex 8.59578840272591 -1.10208551951804 -2.539
      vertex 7.74463090204967 -0.696048555269025 -2.539
      vertex 8.40179228068699 -0.349211242514741 -2.539
   endloop
endfacet
facet normal 0 0 -1
   outer loop
      vertex 2.93850273121602 -9.55851461779685 -2.539
      vertex 2.16978805579823 -9.76176314980625 -2.539
      vertex 2.37317183714743 -9.02556559405709 -2.539
   endloop
endfacet
facet normal 0 0 -1
   outer loop
      vertex 7.44700809678267 -2.82800881834214 -2.539
      vertex 6.84264757824968 -3.59438398598374 -2.539
      vertex 6.73396912280914 -2.79776195562798 -2.539
   endloop
endfacet
facet normal 0 0 -1
   outer loop
      vertex -5.97747513473474 -5.56602338516652 -2.539
      vertex -5.22616167509931 -5.69443168882374 -2.539
      vertex -5.86831523162495 -6.22764136473246 -2.539
   endloop
endfacet
facet normal 0 0 -1
   outer loop
      vertex 7.59350903894384 -3.48156039274213 -2.539
      vertex 6.84264757824968 -3.59438398598374 -2.539
      vertex 7.44700809678267 -2.82800881834214 -2.539
   endloop
endfacet
facet normal 0 0 -1
   outer loop
      vertex -5.92495593094119 6.04499052634769 -2.539
      vertex -5.25558250510115 5.69307480872616 -2.539
      vertex -5.9494663081664 5.49656430126966 -2.539
   endloop
endfacet
facet normal 0 0 -1
   outer loop
      vertex 7.59350903894384 -3.48156039274213 -2.539
      vertex 7.44700809678267 -2.82800881834214 -2.539
      vertex 8.02389601782789 -3.15560037413048 -2.539
   endloop
endfacet
facet normal 0 0 -1
   outer loop
      vertex -3.78186722002979 -4.45984588260549 -2.539
      vertex -3.53408787840942 -3.51078678079949 -2.539
      vertex -2.85880138417228 -4.1200073707448 -2.539
   endloop
endfacet
facet normal 0 0 -1
   outer loop
      vertex -4.64027685284169 -6.47517567619583 -2.539
      vertex -5.22616167509931 -5.69443168882374 -2.539
      vertex -4.42931053858602 -5.79292007552711 -2.539
   endloop
endfacet
facet normal 0 0 -1
   outer loop
      vertex -5.30865764483915 -6.44991023406532 -2.539
      vertex -5.22616167509931 -5.69443168882374 -2.539
      vertex -4.64027685284169 -6.47517567619583 -2.539
   endloop
endfacet
facet normal 0 0 -1
   outer loop
      vertex -4.4398198625073 -5.09376664268888 -2.539
      vertex -4.41418713938311 -4.40111116742667 -2.539
      vertex -3.78186722002979 -4.45984588260549 -2.539
   endloop
endfacet
facet normal 0 0 -1
   outer loop
      vertex -2.86931706596937 4.28698115147626 -2.539
      vertex -3.34273441581789 3.50950410249415 -2.539
      vertex -3.76148858099017 4.48495142368883 -2.539
   endloop
endfacet
facet normal 0 0 -1
   outer loop
      vertex -2.86931706596937 4.28698115147626 -2.539
      vertex -2.32093818635742 3.57338463409962 -2.539
      vertex -3.34273441581789 3.50950410249415 -2.539
   endloop
endfacet
facet normal 0 0 -1
   outer loop
      vertex -3.76148858099017 4.48495142368883 -2.539
      vertex -4.40913575752478 4.41716782384035 -2.539
      vertex -4.45266306047999 5.09489496039996 -2.539
   endloop
endfacet
facet normal 0 0 -1
   outer loop
      vertex -2.79767727269987 8.86158101588207 -2.539
      vertex -2.38255268612968 8.24493425957847 -2.539
      vertex -3.09842815692258 8.17425035737416 -2.539
   endloop
endfacet
facet normal 0 0 -1
   outer loop
      vertex -5.30865764483915 -6.44991023406532 -2.539
      vertex -4.64027685284169 -6.47517567619583 -2.539
      vertex -5.10340797684686 -6.94965047286094 -2.539
   endloop
endfacet
facet normal 0 0 -1
   outer loop
      vertex -2.38255268612968 8.24493425957847 -2.539
      vertex -2.64001299650688 7.44748700309593 -2.539
      vertex -3.09842815692258 8.17425035737416 -2.539
   endloop
endfacet
facet normal 0 0 -1
   outer loop
      vertex -1.46826812296596 -6.2429737497275 -2.539
      vertex -2.20755239380617 -6.12319523741456 -2.539
      vertex -1.73738979241518 -5.40987195525678 -2.539
   endloop
endfacet
facet normal 0 0 -1
   outer loop
      vertex -1.89997002837772 -6.96116284237124 -2.539
      vertex -2.20755239380617 -6.12319523741456 -2.539
      vertex -1.46826812296596 -6.2429737497275 -2.539
   endloop
endfacet
facet normal 0 0 -1
   outer loop
      vertex 6.91056652159553 -4.35433937799659 -2.539
      vertex 6.84264757824968 -3.59438398598374 -2.539
      vertex 7.52176608491 -4.07990856437026 -2.539
   endloop
endfacet
facet normal 0 0 -1
   outer loop
      vertex 1.42312406914063 8.27544609509328 -2.539
      vertex 0.766401013242066 8.53565785245832 -2.539
      vertex 1.55598686831511 9.02012406673979 -2.539
   endloop
endfacet
facet normal 0 0 -1
   outer loop
      vertex 7.36115306042692 4.18114971037751 -2.539
      vertex 6.84824308025387 3.62350239822712 -2.539
      vertex 6.84066041980881 4.34372400513616 -2.539
   endloop
endfacet
facet normal 0 0 -1
   outer loop
      vertex 0.904569620109124 7.83883054113498 -2.539
      vertex 0.766401013242066 8.53565785245832 -2.539
      vertex 1.42312406914063 8.27544609509328 -2.539
   endloop
endfacet
facet normal 0 0 -1
   outer loop
      vertex -3.14846086036575 -4.95600221302782 -2.539
      vertex -3.78186722002979 -4.45984588260549 -2.539
      vertex -2.85880138417228 -4.1200073707448 -2.539
   endloop
endfacet
facet normal 0 0 -1
   outer loop
      vertex -3.14846086036575 -4.95600221302782 -2.539
      vertex -3.82684349684582 -5.41177407933601 -2.539
      vertex -3.78186722002979 -4.45984588260549 -2.539
   endloop
endfacet
facet normal 0 0 -1
   outer loop
      vertex -2.16709160115581 -3.47888124940655 -2.539
      vertex -2.12473412570048 -4.21701626631232 -2.539
      vertex -2.85880138417228 -4.1200073707448 -2.539
   endloop
endfacet
facet normal 0 0 -1
   outer loop
      vertex -2.86931706596937 4.28698115147626 -2.539
      vertex -3.76148858099017 4.48495142368883 -2.539
      vertex -3.15260966495924 4.96712182446151 -2.539
   endloop
endfacet
facet normal 0 0 -1
   outer loop
      vertex -3.76148858099017 4.48495142368883 -2.539
      vertex -3.86666611644085 5.3967772452983 -2.539
      vertex -3.15260966495924 4.96712182446151 -2.539
   endloop
endfacet
facet normal 0 0 -1
   outer loop
      vertex -2.86931706596937 4.28698115147626 -2.539
      vertex -2.20187612385814 4.32345369318396 -2.539
      vertex -2.32093818635742 3.57338463409962 -2.539
   endloop
endfacet
facet normal 0 0 -1
   outer loop
      vertex -3.27011973318184 -8.00603958933821 -2.539
      vertex -2.53798244787723 -7.99411920382745 -2.539
      vertex -2.74541512101217 -8.73698733037752 -2.539
   endloop
endfacet
facet normal 0 0 -1
   outer loop
      vertex -3.27011973318184 -8.00603958933821 -2.539
      vertex -2.66729077248565 -7.32426516065148 -2.539
      vertex -2.53798244787723 -7.99411920382745 -2.539
   endloop
endfacet
facet normal 0 0 -1
   outer loop
      vertex -9.27621032031754 -1.27170081222217 -2.539
      vertex -8.79665140680293 -0.647287217134416 -2.539
      vertex -8.74102737729336 -1.27734451108977 -2.539
   endloop
endfacet
facet normal 0 0 -1
   outer loop
      vertex 2.09241371855588 -8.27034366981331 -2.539
      vertex 1.73668469250927 -7.47029393283644 -2.539
      vertex 2.44132245199255 -7.77424877866461 -2.539
   endloop
endfacet
facet normal 0 0 -1
   outer loop
      vertex -8.79665140680293 -0.647287217134416 -2.539
      vertex -9.27621032031754 -1.27170081222217 -2.539
      vertex -9.41775245573645 -0.67304710532224 -2.539
   endloop
endfacet
facet normal 0 0 -1
   outer loop
      vertex 1.97406350367987 2.97979003216043 -2.539
      vertex 1.76068623024912 3.81692553623086 -2.539
      vertex 2.52211425862883 3.39223672166984 -2.539
   endloop
endfacet
facet normal 0 0 -1
   outer loop
      vertex 2.43624774999899 7.77792509146088 -2.539
      vertex 1.67705847247995 7.48131167644074 -2.539
      vertex 2.05028981134643 8.33076659172306 -2.539
   endloop
endfacet
facet normal 0 0 -1
   outer loop
      vertex 5.59750082292569 -1.77121541658871 -2.539
      vertex 5.28036643167759 -2.51194183749356 -2.539
      vertex 4.71360899900423 -1.70828857009683 -2.539
   endloop
endfacet
facet normal 0 0 -1
   outer loop
      vertex 5.59750082292569 -1.77121541658871 -2.539
      vertex 6.21157619325002 -2.31165836287314 -2.539
      vertex 5.28036643167759 -2.51194183749356 -2.539
   endloop
endfacet
facet normal 0 0 -1
   outer loop
      vertex 1.97406350367987 2.97979003216043 -2.539
      vertex 2.12132034822198 2.12132033889731 -2.539
      vertex 1.49999999994224 2.59807621138666 -2.539
   endloop
endfacet
facet normal 0 0 -1
   outer loop
      vertex 3.92059908214935 -1.19627418694243 -2.539
      vertex 4.67245678149908 -0.990328319806135 -2.539
      vertex 4.71360899900423 -1.70828857009683 -2.539
   endloop
endfacet
facet normal 0 0 -1
   outer loop
      vertex 5.78092000447845 -8.15971592041174 -2.539
      vertex 5.19689154699235 -7.4965453357734 -2.539
      vertex 5.79918971532579 -7.44432705344379 -2.539
   endloop
endfacet
facet normal 0 0 -1
   outer loop
      vertex 4.88828136232246 1.68567921588894 -2.539
      vertex 5.30669079477938 2.4876519877801 -2.539
      vertex 5.60633894025082 1.77559168363614 -2.539
   endloop
endfacet
facet normal 0 0 -1
   outer loop
      vertex 5.30669079477938 2.4876519877801 -2.539
      vertex 6.21411339610054 2.35939992486721 -2.539
      vertex 5.60633894025082 1.77559168363614 -2.539
   endloop
endfacet
facet normal 0 0 -1
   outer loop
      vertex 4.88828136232246 1.68567921588894 -2.539
      vertex 4.7596387693453 1.04951887646801 -2.539
      vertex 4.07336807553777 1.33583249889909 -2.539
   endloop
endfacet
facet normal 0 0 -1
   outer loop
      vertex -7.04369203361018 5.20989278718083 -2.539
      vertex -6.99060989899445 4.47138509409576 -2.539
      vertex -7.73934172472328 4.94943038408224 -2.539
   endloop
endfacet
facet normal 0 0 -1
   outer loop
      vertex 5.79918971532579 -7.44432705344379 -2.539
      vertex 5.19689154699235 -7.4965453357734 -2.539
      vertex 5.47685465320038 -7.0050873980591 -2.539
   endloop
endfacet
facet normal 0 0 -1
   outer loop
      vertex -8.52925305501925 0.0911117451895898 -2.539
      vertex -7.67926331990088 0.236099103816283 -2.539
      vertex -8.14648681679789 -0.369441312645428 -2.539
   endloop
endfacet
facet normal 0 0 -1
   outer loop
      vertex 5.79918971532579 -7.44432705344379 -2.539
      vertex 6.41093638256734 -7.67462668138811 -2.539
      vertex 5.78092000447845 -8.15971592041174 -2.539
   endloop
endfacet
facet normal 0 0 -1
   outer loop
      vertex 0.336405171922887 -5.11860034728193 -2.539
      vertex 0.951430372663683 -5.63524040730122 -2.539
      vertex 0.110688400644843 -5.9666994058377 -2.539
   endloop
endfacet
facet normal 0 0 -1
   outer loop
      vertex 0.951430372663683 -5.63524040730122 -2.539
      vertex 0.566611267714945 -6.40676690098801 -2.539
      vertex 0.110688400644843 -5.9666994058377 -2.539
   endloop
endfacet
facet normal 0 0 -1
   outer loop
      vertex 2.63031659345168 -3.24386622800627 -2.539
      vertex 1.82599730267466 -3.80838871903171 -2.539
      vertex 1.99911840255342 -2.93041227606523 -2.539
   endloop
endfacet
facet normal 0 0 -1
   outer loop
      vertex 0.336405171922887 -5.11860034728193 -2.539
      vertex -0.1476529122735 -4.73673886665066 -2.539
      vertex 0.286516181120597 -4.251624164975 -2.539
   endloop
endfacet
facet normal 0 0 -1
   outer loop
      vertex -8.16354511638508 4.32502550294312 -2.539
      vertex -8.39247188429153 3.63177879429417 -2.539
      vertex -9.05840392259372 4.23619149415353 -2.539
   endloop
endfacet
facet normal 0 0 -1
   outer loop
      vertex 0.147262867102596 5.94867383680045 -2.539
      vertex 0.951017189206498 5.644885661417 -2.539
      vertex 0.34500136801157 5.11722742511978 -2.539
   endloop
endfacet
facet normal 0 0 -1
   outer loop
      vertex 1.49999999994225 -2.59807621138666 -2.539
      vertex 2.12132034822199 -2.12132033889729 -2.539
      vertex 1.99911840255342 -2.93041227606523 -2.539
   endloop
endfacet
facet normal 0 0 -1
   outer loop
      vertex 0.147262867102596 5.94867383680045 -2.539
      vertex 0.583262257504924 6.3799399330809 -2.539
      vertex 0.951017189206498 5.644885661417 -2.539
   endloop
endfacet
facet normal 0 0 -1
   outer loop
      vertex -9.3663349701362 -3.50310850919633 -2.539
      vertex -8.57574145833454 -3.10654961017555 -2.539
      vertex -8.6791622395408 -3.70263160948708 -2.539
   endloop
endfacet
facet normal 0 0 -1
   outer loop
      vertex 0.279132579757295 4.25856466486234 -2.539
      vertex -0.152835756005327 4.73832077775901 -2.539
      vertex 0.34500136801157 5.11722742511978 -2.539
   endloop
endfacet
facet normal 0 0 -1
   outer loop
      vertex -5.7243730062484 -1.20389416588823 -2.539
      vertex -5.61455732124816 -0.410350543445494 -2.539
      vertex -4.97157827248772 -0.877031689760297 -2.539
   endloop
endfacet
facet normal 0 0 -1
   outer loop
      vertex 6.2355149666986 6.81453459864235 -2.539
      vertex 5.6434185951631 7.07791080128501 -2.539
      vertex 6.41093638256726 7.67462668138818 -2.539
   endloop
endfacet
facet normal 0 0 -1
   outer loop
      vertex -5.7243730062484 -1.20389416588823 -2.539
      vertex -6.41681938183821 -0.795554083891945 -2.539
      vertex -5.61455732124816 -0.410350543445494 -2.539
   endloop
endfacet
facet normal 0 0 -1
   outer loop
      vertex -4.12985853328694 -0.766692838646502 -2.539
      vertex -4.55657409271756 -1.54156265009598 -2.539
      vertex -4.97157827248772 -0.877031689760297 -2.539
   endloop
endfacet
facet normal 0 0 -1
   outer loop
      vertex -7.91223648084601 -4.92100415041856 -2.539
      vertex -7.3796025783641 -4.42197105799433 -2.539
      vertex -7.21403764580522 -5.11673606044327 -2.539
   endloop
endfacet
facet normal 0 0 -1
   outer loop
      vertex -8.6791622395408 -3.70263160948708 -2.539
      vertex -8.57574145833454 -3.10654961017555 -2.539
      vertex -8.17174629244628 -3.50215582795772 -2.539
   endloop
endfacet
facet normal 0 0 -1
   outer loop
      vertex -5.05606841255723 0.980308675579993 -2.539
      vertex -5.8023271379659 0.494614113439152 -2.539
      vertex -5.76948143696285 1.35855695500421 -2.539
   endloop
endfacet
facet normal 0 0 -1
   outer loop
      vertex -5.8023271379659 0.494614113439152 -2.539
      vertex -6.35843067250147 1.01904728231458 -2.539
      vertex -5.76948143696285 1.35855695500421 -2.539
   endloop
endfacet
facet normal 0 0 -1
   outer loop
      vertex -5.05606841255723 0.980308675579993 -2.539
      vertex -4.58134400129855 1.45275205687641 -2.539
      vertex -4.14991046090288 0.785095107221865 -2.539
   endloop
endfacet
facet normal 0 0 -1
   outer loop
      vertex 2.62235863150049 -5.22328905008441 -2.539
      vertex 1.81873245488025 -5.31039533026127 -2.539
      vertex 2.09793553779798 -4.5892453537643 -2.539
   endloop
endfacet
facet normal 0 0 -1
   outer loop
      vertex 2.62235863150049 -5.22328905008441 -2.539
      vertex 2.40382953205382 -5.99478847453011 -2.539
      vertex 1.81873245488025 -5.31039533026127 -2.539
   endloop
endfacet
facet normal 0 0 -1
   outer loop
      vertex 1.82599730267466 -3.80838871903171 -2.539
      vertex 2.6595400652436 -4.01204929632662 -2.539
      vertex 2.09793553779798 -4.5892453537643 -2.539
   endloop
endfacet
facet normal 0 0 -1
   outer loop
      vertex 2.0995323436821 4.59919047154067 -2.539
      vertex 1.82017546249177 5.31547364391408 -2.539
      vertex 2.65646725973997 5.22400809404886 -2.539
   endloop
endfacet
facet normal 0 0 -1
   outer loop
      vertex 1.82017546249177 5.31547364391408 -2.539
      vertex 2.40524032861848 6.00070644520608 -2.539
      vertex 2.65646725973997 5.22400809404886 -2.539
   endloop
endfacet
facet normal 0 0 -1
   outer loop
      vertex 2.0995323436821 4.59919047154067 -2.539
      vertex 2.56164978078238 4.05686203701387 -2.539
      vertex 1.76068623024912 3.81692553623086 -2.539
   endloop
endfacet
facet normal 0 0 -1
   outer loop
      vertex 3.98732445028907 -3.07783625584911 -2.539
      vertex 4.69204339261743 -3.15285509715208 -2.539
      vertex 4.30382659245201 -3.81330883080307 -2.539
   endloop
endfacet
facet normal 0 0 -1
   outer loop
      vertex 4.69204339261743 -3.15285509715208 -2.539
      vertex 5.18802610316736 -3.84907018112212 -2.539
      vertex 4.30382659245201 -3.81330883080307 -2.539
   endloop
endfacet
facet normal 0 0 -1
   outer loop
      vertex 3.98732445028907 -3.07783625584911 -2.539
      vertex 3.45561566142861 -3.56870332199314 -2.539
      vertex 3.38911443910107 -2.69793582158752 -2.539
   endloop
endfacet
facet normal 0 0 -1
   outer loop
      vertex 7.14177175321282 0.753135087675446 -2.539
      vertex 7.20722540647369 1.41684914184051 -2.539
      vertex 7.7813397476216 0.719397788656586 -2.539
   endloop
endfacet
facet normal 0 0 -1
   outer loop
      vertex 4.32621094846928 3.71106314028545 -2.539
      vertex 4.68480895842738 3.14027880245342 -2.539
      vertex 3.97525908239095 3.0962125906106 -2.539
   endloop
endfacet
facet normal 0 0 -1
   outer loop
      vertex 4.32621094846928 3.71106314028545 -2.539
      vertex 5.24418536509105 3.82892109617534 -2.539
      vertex 4.68480895842738 3.14027880245342 -2.539
   endloop
endfacet
facet normal 0 0 -1
   outer loop
      vertex -8.6791622395408 -3.70263160948708 -2.539
      vertex -9.05840392259366 -4.23619149415365 -2.539
      vertex -9.3663349701362 -3.50310850919633 -2.539
   endloop
endfacet
facet normal 0 0 -1
   outer loop
      vertex -3.99831720489622 -3.06247081722634 -2.539
      vertex -4.25086993065822 -3.72547293143051 -2.539
      vertex -4.7887202799573 -3.18047128791025 -2.539
   endloop
endfacet
facet normal 0 0 -1
   outer loop
      vertex -4.25086993065822 -3.72547293143051 -2.539
      vertex -5.04937707647192 -4.02824945445342 -2.539
      vertex -4.7887202799573 -3.18047128791025 -2.539
   endloop
endfacet
facet normal 0 0 -1
   outer loop
      vertex -3.99831720489622 -3.06247081722634 -2.539
      vertex -4.33563505385956 -2.42254021127286 -2.539
      vertex -3.47837245068302 -2.58123441747795 -2.539
   endloop
endfacet
facet normal 0 0 -1
   outer loop
      vertex -4.70736638446497 3.19127967769691 -2.539
      vertex -4.23729398573908 3.72221285785128 -2.539
      vertex -3.98981899495744 3.05260629052895 -2.539
   endloop
endfacet
facet normal 0 0 -1
   outer loop
      vertex -4.70736638446497 3.19127967769691 -2.539
      vertex -5.06435382021016 4.09250787108353 -2.539
      vertex -4.23729398573908 3.72221285785128 -2.539
   endloop
endfacet
facet normal 0 0 -1
   outer loop
      vertex -3.45947459212059 2.56251518570546 -2.539
      vertex -4.32587229693672 2.53090720910166 -2.539
      vertex -3.98981899495744 3.05260629052895 -2.539
   endloop
endfacet
facet normal 0 0 -1
   outer loop
      vertex -1.73738979241518 -5.40987195525678 -2.539
      vertex -2.35666955310609 -4.800980650044 -2.539
      vertex -1.77561776650247 -4.64736193607079 -2.539
   endloop
endfacet
facet normal 0 0 -1
   outer loop
      vertex -2.35666955310609 -4.800980650044 -2.539
      vertex -1.73738979241518 -5.40987195525678 -2.539
      vertex -2.49501338948039 -5.45562415885149 -2.539
   endloop
endfacet
facet normal 0 0 -1
   outer loop
      vertex -1.4442486307923 -3.96418206197707 -2.539
      vertex -1.21642963823809 -4.80085315773721 -2.539
      vertex -1.77561776650247 -4.64736193607079 -2.539
   endloop
endfacet
facet normal 0 0 -1
   outer loop
      vertex 6.78104206836674 -6.39122909358746 -2.539
      vertex 6.16374996481778 -6.00376044444197 -2.539
      vertex 6.79219519261231 -5.66568445947945 -2.539
   endloop
endfacet
facet normal 0 0 -1
   outer loop
      vertex -3.81091530139446 -1.70909184276255 -2.539
      vertex -4.12985853328694 -0.766692838646502 -2.539
      vertex -3.34299221583514 -1.17355057060187 -2.539
   endloop
endfacet
facet normal 0 0 -1
   outer loop
      vertex -1.83615259425168 4.72657290207152 -2.539
      vertex -2.5138042248078 5.07014988163851 -2.539
      vertex -1.76494589834311 5.46578004962173 -2.539
   endloop
endfacet
facet normal 0 0 -1
   outer loop
      vertex -2.5138042248078 5.07014988163851 -2.539
      vertex -2.54489614629962 6.00233592936281 -2.539
      vertex -1.76494589834311 5.46578004962173 -2.539
   endloop
endfacet
facet normal 0 0 -1
   outer loop
      vertex -1.83615259425168 4.72657290207152 -2.539
      vertex -1.2309681791965 4.8133010052721 -2.539
      vertex -1.46916854790442 3.96017989663387 -2.539
   endloop
endfacet
facet normal 0 0 -1
   outer loop
      vertex 5.72416005159912 -0.373815368821495 -2.539
      vertex 5.50512220733792 -1.10157250663266 -2.539
      vertex 5.01922529632242 -0.564801395525427 -2.539
   endloop
endfacet
facet normal 0 0 -1
   outer loop
      vertex 5.72416005159912 -0.373815368821495 -2.539
      vertex 6.4538689756799 -0.725721916298724 -2.539
      vertex 5.50512220733792 -1.10157250663266 -2.539
   endloop
endfacet
facet normal 0 0 -1
   outer loop
      vertex 4.20372830089949 -0.380704940090917 -2.539
      vertex 4.99065912333204 0.0224141575945325 -2.539
      vertex 5.01922529632242 -0.564801395525427 -2.539
   endloop
endfacet
facet normal 0 0 -1
   outer loop
      vertex 5.05093761518672 0.608658670999052 -2.539
      vertex 5.55848672119265 1.12621234251078 -2.539
      vertex 5.71878339866005 0.353936324835753 -2.539
   endloop
endfacet
facet normal 0 0 -1
   outer loop
      vertex 5.55848672119265 1.12621234251078 -2.539
      vertex 6.48943997802979 0.757072999331987 -2.539
      vertex 5.71878339866005 0.353936324835753 -2.539
   endloop
endfacet
facet normal 0 0 -1
   outer loop
      vertex 5.05093761518672 0.608658670999052 -2.539
      vertex 4.99065912333204 0.0224141575945325 -2.539
      vertex 4.22712006340355 0.491211653586197 -2.539
   endloop
endfacet
facet normal 0 0 -1
   outer loop
      vertex -0.683636069271099 -4.97468251467415 -2.539
      vertex -0.366570266503988 -5.45535763300514 -2.539
      vertex -1.06464890544095 -5.58450011809757 -2.539
   endloop
endfacet
facet normal 0 0 -1
   outer loop
      vertex -0.366570266503988 -5.45535763300514 -2.539
      vertex -0.750577284606088 -6.35092454548881 -2.539
      vertex -1.06464890544095 -5.58450011809757 -2.539
   endloop
endfacet
facet normal 0 0 -1
   outer loop
      vertex -0.683636069271099 -4.97468251467415 -2.539
      vertex -1.21642963823809 -4.80085315773721 -2.539
      vertex -0.593036665006554 -4.2245203603469 -2.539
   endloop
endfacet
facet normal 0 0 -1
   outer loop
      vertex 4.08001982133453 8.18822610473746 -2.539
      vertex 3.72004623469277 7.4684483419067 -2.539
      vertex 3.45420704423449 8.12058396449489 -2.539
   endloop
endfacet
facet normal 0 0 -1
   outer loop
      vertex -1.02350848902498 5.52929506969835 -2.539
      vertex -0.3269848530287 5.43729249680753 -2.539
      vertex -0.691326525374938 4.97395927109989 -2.539
   endloop
endfacet
facet normal 0 0 -1
   outer loop
      vertex -1.02350848902498 5.52929506969835 -2.539
      vertex -0.586502582835962 6.31627860025997 -2.539
      vertex -0.3269848530287 5.43729249680753 -2.539
   endloop
endfacet
facet normal 0 0 -1
   outer loop
      vertex -0.600707023360595 4.22401885978466 -2.539
      vertex -1.2309681791965 4.8133010052721 -2.539
      vertex -0.691326525374938 4.97395927109989 -2.539
   endloop
endfacet
facet normal 0 0 -1
   outer loop
      vertex -2.89777746934155 -0.77645717085778 -2.539
      vertex -2.59807617853735 -1.50000005683892 -2.539
      vertex -3.34299221583514 -1.17355057060187 -2.539
   endloop
endfacet
facet normal 0 0 -1
   outer loop
      vertex -4.65213107971204 2.01888468342356 -2.539
      vertex -4.32587229693672 2.53090720910166 -2.539
      vertex -3.82159793002792 1.71016172406856 -2.539
   endloop
endfacet
facet normal 0 0 -1
   outer loop
      vertex 2.70134864485243 2.65571246279746 -2.539
      vertex 2.95744291113955 1.99515794824792 -2.539
      vertex 2.12132034822198 2.12132033889731 -2.539
   endloop
endfacet
facet normal 0 0 -1
   outer loop
      vertex 3.47052519963504 -8.12274130646582 -2.539
      vertex 3.77791396316925 -7.45712058583158 -2.539
      vertex 4.09884953290593 -8.19404481409727 -2.539
   endloop
endfacet
facet normal 0 0 -1
   outer loop
      vertex 3.45416132308554 2.53366462475837 -2.539
      vertex 2.95744291113955 1.99515794824792 -2.539
      vertex 2.70134864485243 2.65571246279746 -2.539
   endloop
endfacet
facet normal 0 0 -1
   outer loop
      vertex -8.91066445507129 2.08981649795672 -2.539
      vertex -8.16936826329815 1.92322385720271 -2.539
      vertex -8.42045625508511 1.29979269303616 -2.539
   endloop
endfacet
facet normal 0 0 -1
   outer loop
      vertex -8.16936826329815 1.92322385720271 -2.539
      vertex -7.51874607811012 1.55156184521502 -2.539
      vertex -8.42045625508511 1.29979269303616 -2.539
   endloop
endfacet
facet normal 0 0 -1
   outer loop
      vertex -8.74102737729336 -1.27734451108977 -2.539
      vertex -8.17581056958715 -1.74427541776573 -2.539
      vertex -8.96993628153692 -1.86707012229883 -2.539
   endloop
endfacet
facet normal 0 0 -1
   outer loop
      vertex 0.766401013242066 8.53565785245832 -2.539
      vertex -0.00255873048129906 8.79590235187326 -2.539
      vertex 0.748300476593289 9.28366950703716 -2.539
   endloop
endfacet
facet normal 0 0 -1
   outer loop
      vertex -7.48982190794312 3.8103985021454 -2.539
      vertex -8.16354511638508 4.32502550294312 -2.539
      vertex -7.60802853741026 4.37986191627902 -2.539
   endloop
endfacet
facet normal 0 0 -1
   outer loop
      vertex 0.425666996069577 -9.10157641745069 -2.539
      vertex 0.275595571681839 -8.41517452043316 -2.539
      vertex 0.92366638784283 -8.46757866033328 -2.539
   endloop
endfacet
facet normal 0 0 -1
   outer loop
      vertex 0.275595571681839 -8.41517452043316 -2.539
      vertex 0.419631171476752 -7.6655289029029 -2.539
      vertex 0.92366638784283 -8.46757866033328 -2.539
   endloop
endfacet
facet normal 0 0 -1
   outer loop
      vertex -7.73934172472328 4.94943038408224 -2.539
      vertex -6.99060989899445 4.47138509409576 -2.539
      vertex -7.60802853741026 4.37986191627902 -2.539
   endloop
endfacet
facet normal 0 0 -1
   outer loop
      vertex -7.60802853741026 4.37986191627902 -2.539
      vertex -8.16354511638508 4.32502550294312 -2.539
      vertex -7.73934172472328 4.94943038408224 -2.539
   endloop
endfacet
facet normal 0 0 -1
   outer loop
      vertex -7.67926331990088 0.236099103816283 -2.539
      vertex -7.41618315146515 -0.59547077209313 -2.539
      vertex -8.14648681679789 -0.369441312645428 -2.539
   endloop
endfacet
facet normal 0 0 -1
   outer loop
      vertex -7.67926331990088 0.236099103816283 -2.539
      vertex -6.91425597042334 -0.135338672570152 -2.539
      vertex -7.41618315146515 -0.59547077209313 -2.539
   endloop
endfacet
facet normal 0 0 -1
   outer loop
      vertex -7.60802853741026 4.37986191627902 -2.539
      vertex -6.99060989899445 4.47138509409576 -2.539
      vertex -7.48982190794312 3.8103985021454 -2.539
   endloop
endfacet
facet normal 0 0 -1
   outer loop
      vertex 4.97485508758547 -5.11064003593476 -2.539
      vertex 5.29540501475008 -4.49790917432435 -2.539
      vertex 5.8145080647188 -4.96952077832617 -2.539
   endloop
endfacet
facet normal 0 0 -1
   outer loop
      vertex 2.43624774999899 7.77792509146088 -2.539
      vertex 2.45660988730633 7.01314398173378 -2.539
      vertex 1.67705847247995 7.48131167644074 -2.539
   endloop
endfacet
facet normal 0 0 -1
   outer loop
      vertex 2.45660988730633 7.01314398173378 -2.539
      vertex 1.89408608723811 6.64466711518091 -2.539
      vertex 1.67705847247995 7.48131167644074 -2.539
   endloop
endfacet
facet normal 0 0 -1
   outer loop
      vertex 4.64174898443336 -4.518170404087 -2.539
      vertex 5.29540501475008 -4.49790917432435 -2.539
      vertex 4.97485508758547 -5.11064003593476 -2.539
   endloop
endfacet
facet normal 0 0 -1
   outer loop
      vertex 2.12132034822199 -2.12132033889729 -2.539
      vertex 2.95438495111911 -2.01537868855712 -2.539
      vertex 2.66346790939727 -2.53438351568909 -2.539
   endloop
endfacet
facet normal 0 0 -1
   outer loop
      vertex 1.73668469250927 -7.47029393283644 -2.539
      vertex 2.4712051440355 -7.0103109994379 -2.539
      vertex 2.44132245199255 -7.77424877866461 -2.539
   endloop
endfacet
facet normal 0 0 -1
   outer loop
      vertex 1.73668469250927 -7.47029393283644 -2.539
      vertex 1.89399189789892 -6.63573056476871 -2.539
      vertex 2.4712051440355 -7.0103109994379 -2.539
   endloop
endfacet
facet normal 0 0 -1
   outer loop
      vertex 3.38911443910107 -2.69793582158752 -2.539
      vertex 2.63031659345168 -3.24386622800627 -2.539
      vertex 2.66346790939727 -2.53438351568909 -2.539
   endloop
endfacet
facet normal 0 0 -1
   outer loop
      vertex 2.66346790939727 -2.53438351568909 -2.539
      vertex 2.95438495111911 -2.01537868855712 -2.539
      vertex 3.38911443910107 -2.69793582158752 -2.539
   endloop
endfacet
facet normal 0 0 -1
   outer loop
      vertex 6.84824308025387 3.62350239822712 -2.539
      vertex 6.13398079052099 4.15126301568695 -2.539
      vertex 6.84066041980881 4.34372400513616 -2.539
   endloop
endfacet
facet normal 0 0 -1
   outer loop
      vertex 6.84824308025387 3.62350239822712 -2.539
      vertex 5.93864942442473 3.54655828731069 -2.539
      vertex 6.13398079052099 4.15126301568695 -2.539
   endloop
endfacet
facet normal 0 0 -1
   outer loop
      vertex -3.15375612060773 1.92554179272145 -2.539
      vertex -2.6913532361451 2.3085311646667 -2.539
      vertex -2.59807617853735 1.50000005683892 -2.539
   endloop
endfacet
facet normal 0 0 -1
   outer loop
      vertex -3.15375612060773 1.92554179272145 -2.539
      vertex -3.82159793002792 1.71016172406856 -2.539
      vertex -3.45947459212059 2.56251518570546 -2.539
   endloop
endfacet
facet normal 0 0 -1
   outer loop
      vertex 6.91056652159553 -4.35433937799659 -2.539
      vertex 6.08459203970475 -4.25768302922079 -2.539
      vertex 6.84264757824968 -3.59438398598374 -2.539
   endloop
endfacet
facet normal 0 0 -1
   outer loop
      vertex 6.08459203970475 -4.25768302922079 -2.539
      vertex 5.91250334907346 -3.56520895858329 -2.539
      vertex 6.84264757824968 -3.59438398598374 -2.539
   endloop
endfacet
facet normal 0 0 -1
   outer loop
      vertex -3.45947459212059 2.56251518570546 -2.539
      vertex -2.6913532361451 2.3085311646667 -2.539
      vertex -3.15375612060773 1.92554179272145 -2.539
   endloop
endfacet
facet normal 0 0 -1
   outer loop
      vertex -9.92892073547957 -1.19018193086764 -2.539
      vertex -9.41775245573645 -0.67304710532224 -2.539
      vertex -9.27621032031754 -1.27170081222217 -2.539
   endloop
endfacet
facet normal 0 0 -1
   outer loop
      vertex -5.25558250510115 5.69307480872616 -2.539
      vertex -5.60545616730067 4.87841541637116 -2.539
      vertex -5.9494663081664 5.49656430126966 -2.539
   endloop
endfacet
facet normal 0 0 -1
   outer loop
      vertex -5.25558250510115 5.69307480872616 -2.539
      vertex -4.95743826212335 4.83521217608423 -2.539
      vertex -5.60545616730067 4.87841541637116 -2.539
   endloop
endfacet
facet normal 0 0 -1
   outer loop
      vertex 3.60367424344593 -8.64552891871031 -2.539
      vertex 2.88961065865506 -8.35771900023971 -2.539
      vertex 3.47052519963504 -8.12274130646582 -2.539
   endloop
endfacet
facet normal 0 0 -1
   outer loop
      vertex 2.88961065865506 -8.35771900023971 -2.539
      vertex 3.60367424344593 -8.64552891871031 -2.539
      vertex 3.05896585377968 -8.93144570302665 -2.539
   endloop
endfacet
facet normal 0 0 -1
   outer loop
      vertex 3.68863924008639 -9.2948340790191 -2.539
      vertex 3.05896585377968 -8.93144570302665 -2.539
      vertex 3.60367424344593 -8.64552891871031 -2.539
   endloop
endfacet
facet normal 0 0 -1
   outer loop
      vertex -2.59807617853735 -1.50000005683892 -2.539
      vertex -2.71907514384334 -2.34090676758737 -2.539
      vertex -3.13499231005042 -1.92012328273701 -2.539
   endloop
endfacet
facet normal 0 0 -1
   outer loop
      vertex -5.97747513473474 -5.56602338516652 -2.539
      vertex -5.67319980086321 -4.79502587189841 -2.539
      vertex -5.22616167509931 -5.69443168882374 -2.539
   endloop
endfacet
facet normal 0 0 -1
   outer loop
      vertex -3.47837245068302 -2.58123441747795 -2.539
      vertex -3.81091530139446 -1.70909184276255 -2.539
      vertex -3.13499231005042 -1.92012328273701 -2.539
   endloop
endfacet
facet normal 0 0 -1
   outer loop
      vertex -8.39247188429153 3.63177879429417 -2.539
      vertex -9.36633497013625 3.5031085091962 -2.539
      vertex -9.05840392259372 4.23619149415353 -2.539
   endloop
endfacet
facet normal 0 0 -1
   outer loop
      vertex -3.13499231005042 -1.92012328273701 -2.539
      vertex -2.71907514384334 -2.34090676758737 -2.539
      vertex -3.47837245068302 -2.58123441747795 -2.539
   endloop
endfacet
facet normal 0 0 -1
   outer loop
      vertex -5.67319980086321 -4.79502587189841 -2.539
      vertex -4.9605491105589 -4.80251696495059 -2.539
      vertex -5.22616167509931 -5.69443168882374 -2.539
   endloop
endfacet
facet normal 0 0 -1
   outer loop
      vertex -6.21220380840202 -3.49833586067462 -2.539
      vertex -5.7029505442531 -3.96557606766251 -2.539
      vertex -6.29125176729735 -4.34851499489303 -2.539
   endloop
endfacet
facet normal 0 0 -1
   outer loop
      vertex -5.55516272962958 -3.32757188989502 -2.539
      vertex -5.7029505442531 -3.96557606766251 -2.539
      vertex -6.21220380840202 -3.49833586067462 -2.539
   endloop
endfacet
facet normal 0 0 -1
   outer loop
      vertex 3.45420704423449 8.12058396449489 -2.539
      vertex 2.85965442469204 8.37101685330697 -2.539
      vertex 3.59267973618336 8.65782394640349 -2.539
   endloop
endfacet
facet normal 0 0 -1
   outer loop
      vertex 3.0581029111392 8.99989406744917 -2.539
      vertex 3.59267973618336 8.65782394640349 -2.539
      vertex 2.85965442469204 8.37101685330697 -2.539
   endloop
endfacet
facet normal 0 0 -1
   outer loop
      vertex 3.59267973618336 8.65782394640349 -2.539
      vertex 3.0581029111392 8.99989406744917 -2.539
      vertex 3.68863924008639 9.2948340790191 -2.539
   endloop
endfacet
facet normal 0 0 -1
   outer loop
      vertex -3.32152122748314 6.73631871043793 -2.539
      vertex -3.22683208034605 5.71880362338134 -2.539
      vertex -3.9614951039485 6.14011815953655 -2.539
   endloop
endfacet
facet normal 0 0 -1
   outer loop
      vertex 5.71878339866005 0.353936324835753 -2.539
      vertex 6.48943997802979 0.757072999331987 -2.539
      vertex 6.32857134311794 -0.00221176716788207 -2.539
   endloop
endfacet
facet normal 0 0 -1
   outer loop
      vertex -3.35182463400287 1.18537761653657 -2.539
      vertex -4.14991046090288 0.785095107221865 -2.539
      vertex -3.82159793002792 1.71016172406856 -2.539
   endloop
endfacet
facet normal 0 0 -1
   outer loop
      vertex -3.86244955245284 -6.15990863089161 -2.539
      vertex -3.25437876660518 -6.70045351292353 -2.539
      vertex -3.95823613820285 -6.94548918334996 -2.539
   endloop
endfacet
facet normal 0 0 -1
   outer loop
      vertex -3.86244955245284 -6.15990863089161 -2.539
      vertex -3.03090217555121 -5.95011764434609 -2.539
      vertex -3.25437876660518 -6.70045351292353 -2.539
   endloop
endfacet
facet normal 0 0 -1
   outer loop
      vertex -3.35182463400287 1.18537761653657 -2.539
      vertex -2.59807617853735 1.50000005683892 -2.539
      vertex -2.89777746934155 0.776457170857777 -2.539
   endloop
endfacet
facet normal 0 0 -1
   outer loop
      vertex 0.648593639500339 6.92119819674652 -2.539
      vertex 1.03875545011272 7.32078891246276 -2.539
      vertex 1.20243917258577 6.63037606465123 -2.539
   endloop
endfacet
facet normal 0 0 -1
   outer loop
      vertex 0.376363461475924 7.37123771752133 -2.539
      vertex 1.03875545011272 7.32078891246276 -2.539
      vertex 0.648593639500339 6.92119819674652 -2.539
   endloop
endfacet
facet normal 0 0 -1
   outer loop
      vertex 1.20243917258577 6.63037606465123 -2.539
      vertex 0.583262257504924 6.3799399330809 -2.539
      vertex 0.648593639500339 6.92119819674652 -2.539
   endloop
endfacet
facet normal 0 0 -1
   outer loop
      vertex -2.32093818635742 3.57338463409962 -2.539
      vertex -1.48322034739095 3.24434654838493 -2.539
      vertex -2.15957896864535 2.79320539883027 -2.539
   endloop
endfacet
facet normal 0 0 -1
   outer loop
      vertex 6.32857134311794 -0.00221176716788207 -2.539
      vertex 6.48943997802979 0.757072999331987 -2.539
      vertex 7.11023147394729 0.0148151973932862 -2.539
   endloop
endfacet
facet normal 0 0 -1
   outer loop
      vertex -2.15957896864535 2.79320539883027 -2.539
      vertex -1.48322034739095 3.24434654838493 -2.539
      vertex -1.50000000002581 2.59807621133841 -2.539
   endloop
endfacet
facet normal 0 0 -1
   outer loop
      vertex 7.20722540647369 1.41684914184051 -2.539
      vertex 6.39598696239023 1.65302862522383 -2.539
      vertex 6.93135403248638 2.25148121757787 -2.539
   endloop
endfacet
facet normal 0 0 -1
   outer loop
      vertex -3.15375612060773 1.92554179272145 -2.539
      vertex -3.35182463400287 1.18537761653657 -2.539
      vertex -3.82159793002792 1.71016172406856 -2.539
   endloop
endfacet
facet normal 0 0 -1
   outer loop
      vertex 3.45416132308554 2.53366462475837 -2.539
      vertex 4.28645502978254 2.3235093621506 -2.539
      vertex 3.63353441117925 1.97518250630878 -2.539
   endloop
endfacet
facet normal 0 0 -1
   outer loop
      vertex 6.94319676071524 -2.15496799637219 -2.539
      vertex 7.18138833533147 -1.32876793023673 -2.539
      vertex 7.72668057893951 -2.04769297803335 -2.539
   endloop
endfacet
facet normal 0 0 -1
   outer loop
      vertex 6.94319676071524 -2.15496799637219 -2.539
      vertex 6.35503452433497 -1.57683655929128 -2.539
      vertex 7.18138833533147 -1.32876793023673 -2.539
   endloop
endfacet
facet normal 0 0 -1
   outer loop
      vertex -2.59807617853735 1.50000005683892 -2.539
      vertex -3.35182463400287 1.18537761653657 -2.539
      vertex -3.15375612060773 1.92554179272145 -2.539
   endloop
endfacet
facet normal 0 0 -1
   outer loop
      vertex 3.63353441117925 1.97518250630878 -2.539
      vertex 4.28645502978254 2.3235093621506 -2.539
      vertex 4.07336807553777 1.33583249889909 -2.539
   endloop
endfacet
facet normal 0 0 -1
   outer loop
      vertex 0.376363461475924 7.37123771752133 -2.539
      vertex -0.446451618830228 7.34350177512075 -2.539
      vertex 0.145715254350245 8.04854099226436 -2.539
   endloop
endfacet
facet normal 0 0 -1
   outer loop
      vertex 0.376363461475924 7.37123771752133 -2.539
      vertex -0.0330015756002471 6.75456588442768 -2.539
      vertex -0.446451618830228 7.34350177512075 -2.539
   endloop
endfacet
facet normal 0 0 -1
   outer loop
      vertex 0.275595571681839 -8.41517452043316 -2.539
      vertex -0.228122495741804 -8.7177647978734 -2.539
      vertex -0.162864201238161 -8.12342382360552 -2.539
   endloop
endfacet
facet normal 0 0 -1
   outer loop
      vertex -0.162864201238161 -8.12342382360552 -2.539
      vertex -0.497565848679432 -7.59981523171215 -2.539
      vertex 0.419631171476752 -7.6655289029029 -2.539
   endloop
endfacet
facet normal 0 0 -1
   outer loop
      vertex -0.497565848679432 -7.59981523171215 -2.539
      vertex -0.0731688902374206 -6.83330664502566 -2.539
      vertex 0.419631171476752 -7.6655289029029 -2.539
   endloop
endfacet
facet normal 0 0 -1
   outer loop
      vertex -8.16936826329815 1.92322385720271 -2.539
      vertex -8.26686164020674 2.43334921577118 -2.539
      vertex -7.73011288801747 2.24159903403448 -2.539
   endloop
endfacet
facet normal 0 0 -1
   outer loop
      vertex -7.73011288801747 2.24159903403448 -2.539
      vertex -7.12541171309896 2.35742388245315 -2.539
      vertex -7.51874607811012 1.55156184521502 -2.539
   endloop
endfacet
facet normal 0 0 -1
   outer loop
      vertex -7.12541171309896 2.35742388245315 -2.539
      vertex -6.54903557813362 1.71381480923322 -2.539
      vertex -7.51874607811012 1.55156184521502 -2.539
   endloop
endfacet
facet normal 0 0 -1
   outer loop
      vertex -7.63160811696595 -2.16733249608195 -2.539
      vertex -8.40466617073196 -2.40935382178019 -2.539
      vertex -8.17581056958715 -1.74427541776573 -2.539
   endloop
endfacet
facet normal 0 0 -1
   outer loop
      vertex -7.25221159886468 -1.4882455389999 -2.539
      vertex -7.04723834372415 -2.37417872487723 -2.539
      vertex -7.63160811696595 -2.16733249608195 -2.539
   endloop
endfacet
facet normal 0 0 -1
   outer loop
      vertex -7.25221159886468 -1.4882455389999 -2.539
      vertex -6.49588631554943 -1.69244580629787 -2.539
      vertex -7.04723834372415 -2.37417872487723 -2.539
   endloop
endfacet
facet normal 0 0 -1
   outer loop
      vertex 3.72004623469277 7.4684483419067 -2.539
      vertex 4.43590065400677 7.4735384452107 -2.539
      vertex 4.0269555589284 6.83361099169082 -2.539
   endloop
endfacet
facet normal 0 0 -1
   outer loop
      vertex 4.0269555589284 6.83361099169082 -2.539
      vertex 4.06181174653038 6.19274602445398 -2.539
      vertex 3.29077068506999 6.61348614954754 -2.539
   endloop
endfacet
facet normal 0 0 -1
   outer loop
      vertex 4.06181174653038 6.19274602445398 -2.539
      vertex 3.29580521920727 5.84712250247822 -2.539
      vertex 3.29077068506999 6.61348614954754 -2.539
   endloop
endfacet
facet normal 0 0 -1
   outer loop
      vertex 4.04951776844023 -6.82364881721309 -2.539
      vertex 4.47924602077454 -7.50879761928674 -2.539
      vertex 3.77791396316925 -7.45712058583158 -2.539
   endloop
endfacet
facet normal 0 0 -1
   outer loop
      vertex 3.29397661374869 -6.62838352176695 -2.539
      vertex 4.10055476352059 -6.20532676677891 -2.539
      vertex 4.04951776844023 -6.82364881721309 -2.539
   endloop
endfacet
facet normal 0 0 -1
   outer loop
      vertex 3.29397661374869 -6.62838352176695 -2.539
      vertex 3.30062603453365 -5.84518100882839 -2.539
      vertex 4.10055476352059 -6.20532676677891 -2.539
   endloop
endfacet
facet normal 0 0 -1
   outer loop
      vertex 5.33851523237004 5.43976855282289 -2.539
      vertex 5.55270469987563 6.20486850555493 -2.539
      vertex 5.97610252116474 5.47737345042513 -2.539
   endloop
endfacet
facet normal 0 0 -1
   outer loop
      vertex 6.16374996481778 -6.00376044444197 -2.539
      vertex 5.47894939949988 -6.27397034990073 -2.539
      vertex 5.63907634970246 -5.6333912743125 -2.539
   endloop
endfacet
facet normal 0 0 -1
   outer loop
      vertex -4.22193033734895 7.78595252044589 -2.539
      vertex -4.8167668220233 8.07779099357941 -2.539
      vertex -4.34842587979914 8.42351823131979 -2.539
   endloop
endfacet
facet normal 0 0 -1
   outer loop
      vertex -4.72561063062043 7.46745184207909 -2.539
      vertex -4.8167668220233 8.07779099357941 -2.539
      vertex -4.22193033734895 7.78595252044589 -2.539
   endloop
endfacet
facet normal 0 0 -1
   outer loop
      vertex -6.65751176690243 3.78370797867938 -2.539
      vertex -7.48982190794312 3.8103985021454 -2.539
      vertex -6.99060989899445 4.47138509409576 -2.539
   endloop
endfacet
facet normal 0 0 -1
   outer loop
      vertex -7.3796025783641 -4.42197105799433 -2.539
      vertex -7.46487567192874 -3.68971151321683 -2.539
      vertex -6.88735845238009 -4.00836943138532 -2.539
   endloop
endfacet
facet normal 0 0 -1
   outer loop
      vertex -4.34842587979914 8.42351823131979 -2.539
      vertex -4.8167668220233 8.07779099357941 -2.539
      vertex -4.76867600053793 8.78975137315576 -2.539
   endloop
endfacet
facet normal 0 0 -1
   outer loop
      vertex -0.857907692545837 3.60842496145817 -2.539
      vertex -1.48322034739095 3.24434654838493 -2.539
      vertex -1.46916854790442 3.96017989663387 -2.539
   endloop
endfacet
facet normal 0 0 -1
   outer loop
      vertex -2.38255268612968 8.24493425957847 -2.539
      vertex -1.77585802854168 8.24872910546198 -2.539
      vertex -1.97830264375457 7.70878543994449 -2.539
   endloop
endfacet
facet normal 0 0 -1
   outer loop
      vertex -0.776457173860056 2.89777746853709 -2.539
      vertex -1.48322034739095 3.24434654838493 -2.539
      vertex -0.857907692545837 3.60842496145817 -2.539
   endloop
endfacet
facet normal 0 0 -1
   outer loop
      vertex -3.81091530139446 -1.70909184276255 -2.539
      vertex -3.34299221583514 -1.17355057060187 -2.539
      vertex -3.13499231005042 -1.92012328273701 -2.539
   endloop
endfacet
facet normal 0 0 -1
   outer loop
      vertex -2.03113476516585 -7.61997166748665 -2.539
      vertex -2.0144966513039 -8.30074082593456 -2.539
      vertex -2.53798244787723 -7.99411920382745 -2.539
   endloop
endfacet
facet normal 0 0 -1
   outer loop
      vertex -3.13499231005042 -1.92012328273701 -2.539
      vertex -3.34299221583514 -1.17355057060187 -2.539
      vertex -2.59807617853735 -1.50000005683892 -2.539
   endloop
endfacet
facet normal 0 0 -1
   outer loop
      vertex 2.63031659345168 -3.24386622800627 -2.539
      vertex 1.99911840255342 -2.93041227606523 -2.539
      vertex 2.66346790939727 -2.53438351568909 -2.539
   endloop
endfacet
facet normal 0 0 -1
   outer loop
      vertex 8.52776137986 0.252855143787743 -2.539
      vertex 8.40179228068699 -0.349211242514741 -2.539
      vertex 7.87757346295475 -0.00799693373817689 -2.539
   endloop
endfacet
facet normal 0 0 -1
   outer loop
      vertex 2.66346790939727 -2.53438351568909 -2.539
      vertex 1.99911840255342 -2.93041227606523 -2.539
      vertex 2.12132034822199 -2.12132033889729 -2.539
   endloop
endfacet
facet normal 0 0 -1
   outer loop
      vertex -1.4442486307923 -3.96418206197707 -2.539
      vertex -1.51441126189516 -3.21807667711718 -2.539
      vertex -0.846879593687706 -3.60886224284775 -2.539
   endloop
endfacet
facet normal 0 0 -1
   outer loop
      vertex -0.846879593687706 -3.60886224284775 -2.539
      vertex -1.51441126189516 -3.21807667711718 -2.539
      vertex -0.776457173860046 -2.8977774685371 -2.539
   endloop
endfacet
facet normal 0 0 -1
   outer loop
      vertex 8.36295396635988 2.56248458353132 -2.539
      vertex 8.7183691743821 3.24562251649416 -2.539
      vertex 8.99670453786375 2.4322626929187 -2.539
   endloop
endfacet
facet normal 0 0 -1
   outer loop
      vertex 8.99670453786375 2.4322626929187 -2.539
      vertex 9.4982013324489 3.12796602415466 -2.539
      vertex 9.71669346596543 2.36344411579047 -2.539
   endloop
endfacet
facet normal 0 0 -1
   outer loop
      vertex 8.99670453786375 2.4322626929187 -2.539
      vertex 8.7183691743821 3.24562251649416 -2.539
      vertex 9.4982013324489 3.12796602415466 -2.539
   endloop
endfacet
facet normal 0 0 -1
   outer loop
      vertex -3.45947459212059 2.56251518570546 -2.539
      vertex -3.34273441581789 3.50950410249415 -2.539
      vertex -2.84064175862619 2.91357343069931 -2.539
   endloop
endfacet
facet normal 0 0 -1
   outer loop
      vertex -9.21681498155043 1.32282999757118 -2.539
      vertex -8.91066445507129 2.08981649795672 -2.539
      vertex -8.42045625508511 1.29979269303616 -2.539
   endloop
endfacet
facet normal 0 0 -1
   outer loop
      vertex -1.99630113536404 8.95150457608204 -2.539
      vertex -1.77997897504668 9.8403086764792 -2.539
      vertex -1.37149818320956 9.26947569283649 -2.539
   endloop
endfacet
facet normal 0 0 -1
   outer loop
      vertex -2.84064175862619 2.91357343069931 -2.539
      vertex -3.34273441581789 3.50950410249415 -2.539
      vertex -2.32093818635742 3.57338463409962 -2.539
   endloop
endfacet
facet normal 0 0 -1
   outer loop
      vertex -2.83629910015323 -3.11568928116877 -2.539
      vertex -2.14539054030943 -2.80707316350887 -2.539
      vertex -2.16709160115581 -3.47888124940655 -2.539
   endloop
endfacet
facet normal 0 0 -1
   outer loop
      vertex -1.37149818320956 9.26947569283649 -2.539
      vertex -1.77997897504668 9.8403086764792 -2.539
      vertex -0.992538140650722 9.95062149010571 -2.539
   endloop
endfacet
facet normal 0 0 -1
   outer loop
      vertex 4.20372830089949 -0.380704940090917 -2.539
      vertex 3.50247232194298 -0.638492862141613 -2.539
      vertex 3.70524139288145 0.105778917605561 -2.539
   endloop
endfacet
facet normal 0 0 -1
   outer loop
      vertex 3.70524139288145 0.105778917605561 -2.539
      vertex 3.50247232194298 -0.638492862141613 -2.539
      vertex 3 0 -2.539
   endloop
endfacet
facet normal 0 0 -1
   outer loop
      vertex -2.83629910015323 -3.11568928116877 -2.539
      vertex -3.53408787840942 -3.51078678079949 -2.539
      vertex -3.47837245068302 -2.58123441747795 -2.539
   endloop
endfacet
facet normal 0 0 -1
   outer loop
      vertex 1.49818975488581 -8.16992701058311 -2.539
      vertex 0.92366638784283 -8.46757866033328 -2.539
      vertex 1.12268102912773 -7.81711109057758 -2.539
   endloop
endfacet
facet normal 0 0 -1
   outer loop
      vertex 9.19572971583007 -0.428838948682111 -2.539
      vertex 9.96838841148248 -0.794501402026323 -2.539
      vertex 9.24674689558233 -1.10982541995357 -2.539
   endloop
endfacet
facet normal 0 0 -1
   outer loop
      vertex 3.74104988222137 -1.93914941228653 -2.539
      vertex 3.26618681916719 -1.34927322437153 -2.539
      vertex 3.92059908214935 -1.19627418694243 -2.539
   endloop
endfacet
facet normal 0 0 -1
   outer loop
      vertex 3.74104988222137 -1.93914941228653 -2.539
      vertex 4.30058459670778 -2.51466782964828 -2.539
      vertex 3.38911443910107 -2.69793582158752 -2.539
   endloop
endfacet
facet normal 0 0 -1
   outer loop
      vertex 9.24674689558233 -1.10982541995357 -2.539
      vertex 9.96838841148248 -0.794501402026323 -2.539
      vertex 9.87375345395869 -1.58398002842173 -2.539
   endloop
endfacet
facet normal 0 0 -1
   outer loop
      vertex -2.74541512101217 -8.73698733037752 -2.539
      vertex -3.31619296496333 -9.43413293414544 -2.539
      vertex -3.44911832705193 -8.65503054125853 -2.539
   endloop
endfacet
facet normal 0 0 -1
   outer loop
      vertex -3.44911832705193 -8.65503054125853 -2.539
      vertex -3.31619296496333 -9.43413293414544 -2.539
      vertex -4.05525343121737 -9.14083801456955 -2.539
   endloop
endfacet
facet normal 0 0 -1
   outer loop
      vertex 8.24890910713708 3.63239965617601 -2.539
      vertex 8.06532245584907 4.42329501130307 -2.539
      vertex 8.64619564316463 4.05677773273777 -2.539
   endloop
endfacet
facet normal 0 0 -1
   outer loop
      vertex 7.64910270297519 3.64574639481689 -2.539
      vertex 7.36115306042692 4.18114971037751 -2.539
      vertex 8.06532245584907 4.42329501130307 -2.539
   endloop
endfacet
facet normal 0 0 -1
   outer loop
      vertex 1.49818975488581 -8.16992701058311 -2.539
      vertex 2.09241371855588 -8.27034366981331 -2.539
      vertex 1.61550296024402 -8.82430769791935 -2.539
   endloop
endfacet
facet normal 0 0 -1
   outer loop
      vertex 8.06532245584907 4.42329501130307 -2.539
      vertex 8.24890910713708 3.63239965617601 -2.539
      vertex 7.64910270297519 3.64574639481689 -2.539
   endloop
endfacet
facet normal 0 0 -1
   outer loop
      vertex -5.62362520923505 7.04516060854891 -2.539
      vertex -6.34076521826706 6.67931120501402 -2.539
      vertex -6.13256380613216 7.32162045000852 -2.539
   endloop
endfacet
facet normal 0 0 -1
   outer loop
      vertex 8.59578840272591 -1.10208551951804 -2.539
      vertex 9.19572971583007 -0.428838948682111 -2.539
      vertex 9.24674689558233 -1.10982541995357 -2.539
   endloop
endfacet
facet normal 0 0 -1
   outer loop
      vertex -5.48547630617373 6.46501720713219 -2.539
      vertex -5.92495593094119 6.04499052634769 -2.539
      vertex -6.34076521826706 6.67931120501402 -2.539
   endloop
endfacet
facet normal 0 0 -1
   outer loop
      vertex -6.34076521826706 6.67931120501402 -2.539
      vertex -5.62362520923505 7.04516060854891 -2.539
      vertex -5.48547630617373 6.46501720713219 -2.539
   endloop
endfacet
facet normal 0 0 -1
   outer loop
      vertex 4.07336807553777 1.33583249889909 -2.539
      vertex 3.53072459671976 0.680165480208618 -2.539
      vertex 3.28084055448545 1.37171273236816 -2.539
   endloop
endfacet
facet normal 0 0 -1
   outer loop
      vertex -3.40612790135053 8.78050301174385 -2.539
      vertex -3.3161929649633 9.43413293414545 -2.539
      vertex -2.79767727269987 8.86158101588207 -2.539
   endloop
endfacet
facet normal 0 0 -1
   outer loop
      vertex -8.30367695148402 0.632313492099744 -2.539
      vertex -8.52925305501925 0.0911117451895898 -2.539
      vertex -8.91326562402722 0.679126531313181 -2.539
   endloop
endfacet
facet normal 0 0 -1
   outer loop
      vertex -4.05525343121738 9.14083801456955 -2.539
      vertex -3.3161929649633 9.43413293414545 -2.539
      vertex -3.40612790135053 8.78050301174385 -2.539
   endloop
endfacet
facet normal 0 0 -1
   outer loop
      vertex -8.30367695148402 0.632313492099744 -2.539
      vertex -8.42045625508511 1.29979269303616 -2.539
      vertex -7.85707819005315 0.91731401552736 -2.539
   endloop
endfacet
facet normal 0 0 -1
   outer loop
      vertex -3.27011973318184 -8.00603958933821 -2.539
      vertex -2.74541512101217 -8.73698733037752 -2.539
      vertex -3.44911832705193 -8.65503054125853 -2.539
   endloop
endfacet
facet normal 0 0 -1
   outer loop
      vertex 9.31192517200619 1.1500096287836 -2.539
      vertex 9.96838841148248 0.794501402026312 -2.539
      vertex 9.27640065393696 0.476167052893754 -2.539
   endloop
endfacet
facet normal 0 0 -1
   outer loop
      vertex 3.28084055448545 1.37171273236816 -2.539
      vertex 3.53072459671976 0.680165480208618 -2.539
      vertex 2.89777749401031 0.776457078792702 -2.539
   endloop
endfacet
facet normal 0 0 -1
   outer loop
      vertex 9.87375345395869 1.58398002842173 -2.539
      vertex 9.96838841148248 0.794501402026312 -2.539
      vertex 9.31192517200619 1.1500096287836 -2.539
   endloop
endfacet
facet normal 0 0 -1
   outer loop
      vertex -1.32255821583858 -9.37021678972037 -2.539
      vertex -2.03782410696768 -9.07827272999837 -2.539
      vertex -1.38178671346373 -8.64287373633697 -2.539
   endloop
endfacet
facet normal 0 0 -1
   outer loop
      vertex -1.77997897504667 -9.8403086764792 -2.539
      vertex -2.03782410696768 -9.07827272999837 -2.539
      vertex -1.32255821583858 -9.37021678972037 -2.539
   endloop
endfacet
facet normal 0 0 -1
   outer loop
      vertex 6.83231042218755 6.32275372033948 -2.539
      vertex 7.54564621873752 6.56225747297774 -2.539
      vertex 7.40230953572835 5.6965535012474 -2.539
   endloop
endfacet
facet normal 0 0 -1
   outer loop
      vertex 7.40230953572835 5.6965535012474 -2.539
      vertex 7.54564621873752 6.56225747297774 -2.539
      vertex 8.04316565211542 5.94201029051875 -2.539
   endloop
endfacet
facet normal 0 0 -1
   outer loop
      vertex -7.73934172472328 4.94943038408224 -2.539
      vertex -8.27304032916897 5.61754427770211 -2.539
      vertex -7.40327343414284 5.69981117506679 -2.539
   endloop
endfacet
facet normal 0 0 -1
   outer loop
      vertex -7.40327343414284 5.69981117506679 -2.539
      vertex -8.27304032916897 5.61754427770211 -2.539
      vertex -7.80057296300617 6.25708090476838 -2.539
   endloop
endfacet
facet normal 0 0 -1
   outer loop
      vertex -7.66335727733011 -5.52861355145982 -2.539
      vertex -7.91223648084601 -4.92100415041856 -2.539
      vertex -7.21403764580522 -5.11673606044327 -2.539
   endloop
endfacet
facet normal 0 0 -1
   outer loop
      vertex -8.2730403291689 -5.61754427770222 -2.539
      vertex -7.91223648084601 -4.92100415041856 -2.539
      vertex -7.66335727733011 -5.52861355145982 -2.539
   endloop
endfacet
facet normal 0 0 -1
   outer loop
      vertex 7.30448855170303 -5.99522012471803 -2.539
      vertex 6.78104206836674 -6.39122909358746 -2.539
      vertex 6.79219519261231 -5.66568445947945 -2.539
   endloop
endfacet
facet normal 0 0 -1
   outer loop
      vertex 7.5456462187375 -6.56225747297776 -2.539
      vertex 6.78104206836674 -6.39122909358746 -2.539
      vertex 7.30448855170303 -5.99522012471803 -2.539
   endloop
endfacet
facet normal 0 0 -1
   outer loop
      vertex 3.59267973618336 8.65782394640349 -2.539
      vertex 4.41545497561351 8.97238860941332 -2.539
      vertex 4.08001982133453 8.18822610473746 -2.539
   endloop
endfacet
facet normal 0 0 -1
   outer loop
      vertex -3.40612790135053 8.78050301174385 -2.539
      vertex -3.77574054230973 8.30889484542226 -2.539
      vertex -4.05525343121738 9.14083801456955 -2.539
   endloop
endfacet
facet normal 0 0 -1
   outer loop
      vertex -3.40612790135053 8.78050301174385 -2.539
      vertex -2.79767727269987 8.86158101588207 -2.539
      vertex -3.09842815692258 8.17425035737416 -2.539
   endloop
endfacet
facet normal 0 0 -1
   outer loop
      vertex -3.09842815692258 8.17425035737416 -2.539
      vertex -3.77574054230973 8.30889484542226 -2.539
      vertex -3.40612790135053 8.78050301174385 -2.539
   endloop
endfacet
facet normal 0 0 -1
   outer loop
      vertex 3.68863924008639 9.2948340790191 -2.539
      vertex 4.41545497561351 8.97238860941332 -2.539
      vertex 3.59267973618336 8.65782394640349 -2.539
   endloop
endfacet
facet normal 0 0 -1
   outer loop
      vertex 9.31192517200619 1.1500096287836 -2.539
      vertex 9.17352392139653 1.75016782966364 -2.539
      vertex 9.87375345395869 1.58398002842173 -2.539
   endloop
endfacet
facet normal 0 0 -1
   outer loop
      vertex 9.31192517200619 1.1500096287836 -2.539
      vertex 9.27640065393696 0.476167052893754 -2.539
      vertex 8.63373241812961 1.10761314611115 -2.539
   endloop
endfacet
facet normal 0 0 -1
   outer loop
      vertex 8.63373241812961 1.10761314611115 -2.539
      vertex 9.17352392139653 1.75016782966364 -2.539
      vertex 9.31192517200619 1.1500096287836 -2.539
   endloop
endfacet
facet normal 0 0 -1
   outer loop
      vertex -8.96993628153692 -1.86707012229883 -2.539
      vertex -9.80297366505602 -1.97527398662015 -2.539
      vertex -9.27621032031754 -1.27170081222217 -2.539
   endloop
endfacet
facet normal 0 0 -1
   outer loop
      vertex -0.992538140650722 9.95062149010571 -2.539
      vertex -0.784589995887961 9.04925421138537 -2.539
      vertex -1.37149818320956 9.26947569283649 -2.539
   endloop
endfacet
facet normal 0 0 -1
   outer loop
      vertex -1.314845438224 8.57588581656139 -2.539
      vertex -1.99630113536404 8.95150457608204 -2.539
      vertex -1.37149818320956 9.26947569283649 -2.539
   endloop
endfacet
facet normal 0 0 -1
   outer loop
      vertex -1.37149818320956 9.26947569283649 -2.539
      vertex -0.784589995887961 9.04925421138537 -2.539
      vertex -1.314845438224 8.57588581656139 -2.539
   endloop
endfacet
facet normal 0 0 -1
   outer loop
      vertex -9.27621032031754 -1.27170081222217 -2.539
      vertex -9.80297366505602 -1.97527398662015 -2.539
      vertex -9.92892073547957 -1.19018193086764 -2.539
   endloop
endfacet
facet normal 0 0 -1
   outer loop
      vertex -0.992538140650712 -9.95062149010571 -2.539
      vertex -1.77997897504667 -9.8403086764792 -2.539
      vertex -1.32255821583858 -9.37021678972037 -2.539
   endloop
endfacet
facet normal 0 0 -1
   outer loop
      vertex -1.38178671346373 -8.64287373633697 -2.539
      vertex -0.812614214942656 -9.06784308318445 -2.539
      vertex -1.32255821583858 -9.37021678972037 -2.539
   endloop
endfacet
facet normal 0 0 -1
   outer loop
      vertex 4.09884953290593 -8.19404481409727 -2.539
      vertex 4.41545497561351 -8.97238860941332 -2.539
      vertex 3.60367424344593 -8.64552891871031 -2.539
   endloop
endfacet
facet normal 0 0 -1
   outer loop
      vertex -1.32255821583858 -9.37021678972037 -2.539
      vertex -0.812614214942656 -9.06784308318445 -2.539
      vertex -0.992538140650712 -9.95062149010571 -2.539
   endloop
endfacet
facet normal 0 0 -1
   outer loop
      vertex 3.60367424344593 -8.64552891871031 -2.539
      vertex 4.41545497561351 -8.97238860941332 -2.539
      vertex 3.68863924008639 -9.2948340790191 -2.539
   endloop
endfacet
facet normal 0 0 -1
   outer loop
      vertex 3.59267973618336 8.65782394640349 -2.539
      vertex 4.08001982133453 8.18822610473746 -2.539
      vertex 3.45420704423449 8.12058396449489 -2.539
   endloop
endfacet
facet normal 0 0 -1
   outer loop
      vertex -1.35283675333677 -7.73222028758043 -2.539
      vertex -1.89997002837772 -6.96116284237124 -2.539
      vertex -1.06718978064825 -6.98850398646034 -2.539
   endloop
endfacet
facet normal 0 0 -1
   outer loop
      vertex -1.06718978064825 -6.98850398646034 -2.539
      vertex -0.497565848679432 -7.59981523171215 -2.539
      vertex -1.35283675333677 -7.73222028758043 -2.539
   endloop
endfacet
facet normal 0 0 -1
   outer loop
      vertex -5.45569987047612 3.44783957577582 -2.539
      vertex -5.3248447920598 2.64999568515217 -2.539
      vertex -6.11142485946871 3.28570066316638 -2.539
   endloop
endfacet
facet normal 0 0 -1
   outer loop
      vertex 3.47052519963504 -8.12274130646582 -2.539
      vertex 4.09884953290593 -8.19404481409727 -2.539
      vertex 3.60367424344593 -8.64552891871031 -2.539
   endloop
endfacet
facet normal 0 0 -1
   outer loop
      vertex 6.23042103675104 -5.34868224368929 -2.539
      vertex 6.662698859819 -4.96881891247532 -2.539
      vertex 6.79219519261231 -5.66568445947945 -2.539
   endloop
endfacet
facet normal 0 0 -1
   outer loop
      vertex -2.54489614629962 6.00233592936281 -2.539
      vertex -3.32152122748314 6.73631871043793 -2.539
      vertex -2.46437976301904 6.74953002629769 -2.539
   endloop
endfacet
facet normal 0 0 -1
   outer loop
      vertex 6.79219519261231 -5.66568445947945 -2.539
      vertex 6.16374996481778 -6.00376044444197 -2.539
      vertex 6.23042103675104 -5.34868224368929 -2.539
   endloop
endfacet
facet normal 0 0 -1
   outer loop
      vertex -8.74102737729336 -1.27734451108977 -2.539
      vertex -8.96993628153692 -1.86707012229883 -2.539
      vertex -9.27621032031754 -1.27170081222217 -2.539
   endloop
endfacet
facet normal 0 0 -1
   outer loop
      vertex 5.8145080647188 -4.96952077832617 -2.539
      vertex 6.662698859819 -4.96881891247532 -2.539
      vertex 6.23042103675104 -5.34868224368929 -2.539
   endloop
endfacet
facet normal 0 0 -1
   outer loop
      vertex -2.64001299650688 7.44748700309593 -2.539
      vertex -1.81697174421365 6.96738555716837 -2.539
      vertex -2.46437976301904 6.74953002629769 -2.539
   endloop
endfacet
facet normal 0 0 -1
   outer loop
      vertex -5.45569987047612 3.44783957577582 -2.539
      vertex -5.06435382021016 4.09250787108353 -2.539
      vertex -4.70736638446497 3.19127967769691 -2.539
   endloop
endfacet
facet normal 0 0 -1
   outer loop
      vertex -7.04369203361018 5.20989278718083 -2.539
      vertex -7.73934172472328 4.94943038408224 -2.539
      vertex -7.40327343414284 5.69981117506679 -2.539
   endloop
endfacet
facet normal 0 0 -1
   outer loop
      vertex -4.70736638446497 3.19127967769691 -2.539
      vertex -5.3248447920598 2.64999568515217 -2.539
      vertex -5.45569987047612 3.44783957577582 -2.539
   endloop
endfacet
facet normal 0 0 -1
   outer loop
      vertex -2.46437976301904 6.74953002629769 -2.539
      vertex -3.32152122748314 6.73631871043793 -2.539
      vertex -2.64001299650688 7.44748700309593 -2.539
   endloop
endfacet
facet normal 0 0 -1
   outer loop
      vertex -1.48322034739095 3.24434654838493 -2.539
      vertex -2.32093818635742 3.57338463409962 -2.539
      vertex -1.46916854790442 3.96017989663387 -2.539
   endloop
endfacet
facet normal 0 0 -1
   outer loop
      vertex 6.67561838862822 5.54712203281928 -2.539
      vertex 6.83231042218755 6.32275372033948 -2.539
      vertex 7.40230953572835 5.6965535012474 -2.539
   endloop
endfacet
facet normal 0 0 -1
   outer loop
      vertex -1.48322034739095 3.24434654838493 -2.539
      vertex -0.776457173860056 2.89777746853709 -2.539
      vertex -1.50000000002581 2.59807621133841 -2.539
   endloop
endfacet
facet normal 0 0 -1
   outer loop
      vertex 4.06398326431882 5.52860777522855 -2.539
      vertex 4.55291653402038 5.00299247603868 -2.539
      vertex 3.52138743914447 4.94244175513238 -2.539
   endloop
endfacet
facet normal 0 0 -1
   outer loop
      vertex 4.06398326431882 5.52860777522855 -2.539
      vertex 4.06181174653038 6.19274602445398 -2.539
      vertex 4.76502388002551 5.79534834133275 -2.539
   endloop
endfacet
facet normal 0 0 -1
   outer loop
      vertex 4.76502388002551 5.79534834133275 -2.539
      vertex 4.55291653402038 5.00299247603868 -2.539
      vertex 4.06398326431882 5.52860777522855 -2.539
   endloop
endfacet
facet normal 0 0 -1
   outer loop
      vertex 3.53072459671976 0.680165480208618 -2.539
      vertex 3 0 -2.539
      vertex 2.89777749401031 0.776457078792702 -2.539
   endloop
endfacet
facet normal 0 0 -1
   outer loop
      vertex 3.53072459671976 0.680165480208618 -2.539
      vertex 4.07336807553777 1.33583249889909 -2.539
      vertex 4.22712006340355 0.491211653586197 -2.539
   endloop
endfacet
facet normal 0 0 -1
   outer loop
      vertex 2.93850273121602 -9.55851461779685 -2.539
      vertex 2.37317183714743 -9.02556559405709 -2.539
      vertex 3.05896585377968 -8.93144570302665 -2.539
   endloop
endfacet
facet normal 0 0 -1
   outer loop
      vertex 5.29540501475008 -4.49790917432435 -2.539
      vertex 4.64174898443336 -4.518170404087 -2.539
      vertex 5.18802610316736 -3.84907018112212 -2.539
   endloop
endfacet
facet normal 0 0 -1
   outer loop
      vertex 3.05896585377968 -8.93144570302665 -2.539
      vertex 2.37317183714743 -9.02556559405709 -2.539
      vertex 2.88961065865506 -8.35771900023971 -2.539
   endloop
endfacet
facet normal 0 0 -1
   outer loop
      vertex -1.4442486307923 -3.96418206197707 -2.539
      vertex -2.16709160115581 -3.47888124940655 -2.539
      vertex -1.51441126189516 -3.21807667711718 -2.539
   endloop
endfacet
facet normal 0 0 -1
   outer loop
      vertex -1.50000000002581 -2.59807621133841 -2.539
      vertex -0.776457173860046 -2.8977774685371 -2.539
      vertex -1.51441126189516 -3.21807667711718 -2.539
   endloop
endfacet
facet normal 0 0 -1
   outer loop
      vertex 5.55270469987563 6.20486850555493 -2.539
      vertex 6.2355149666986 6.81453459864235 -2.539
      vertex 6.25445019971095 6.07333046155623 -2.539
   endloop
endfacet
facet normal 0 0 -1
   outer loop
      vertex 7.14177175321282 0.753135087675446 -2.539
      vertex 7.11023147394729 0.0148151973932862 -2.539
      vertex 6.48943997802979 0.757072999331987 -2.539
   endloop
endfacet
facet normal 0 0 -1
   outer loop
      vertex 6.25445019971095 6.07333046155623 -2.539
      vertex 6.2355149666986 6.81453459864235 -2.539
      vertex 6.83231042218755 6.32275372033948 -2.539
   endloop
endfacet
facet normal 0 0 -1
   outer loop
      vertex -9.99209397223903 -0.397565151823375 -2.539
      vertex -9.33617421110259 0.0158598736881785 -2.539
      vertex -9.41775245573645 -0.67304710532224 -2.539
   endloop
endfacet
facet normal 0 0 -1
   outer loop
      vertex 6.25445019971095 6.07333046155623 -2.539
      vertex 5.97610252116474 5.47737345042513 -2.539
      vertex 5.55270469987563 6.20486850555493 -2.539
   endloop
endfacet
facet normal 0 0 -1
   outer loop
      vertex -9.41775245573645 -0.67304710532224 -2.539
      vertex -9.33617421110259 0.0158598736881785 -2.539
      vertex -8.79665140680293 -0.647287217134416 -2.539
   endloop
endfacet
facet normal 0 0 -1
   outer loop
      vertex 5.29540501475008 -4.49790917432435 -2.539
      vertex 6.08459203970475 -4.25768302922079 -2.539
      vertex 5.8145080647188 -4.96952077832617 -2.539
   endloop
endfacet
facet normal 0 0 -1
   outer loop
      vertex -6.76414399285058 -4.65390842050438 -2.539
      vertex -6.5076540089288 -5.1698743208468 -2.539
      vertex -7.21403764580522 -5.11673606044327 -2.539
   endloop
endfacet
facet normal 0 0 -1
   outer loop
      vertex -7.21403764580522 -5.11673606044327 -2.539
      vertex -7.3796025783641 -4.42197105799433 -2.539
      vertex -6.76414399285058 -4.65390842050438 -2.539
   endloop
endfacet
facet normal 0 0 -1
   outer loop
      vertex -6.29125176729735 -4.34851499489303 -2.539
      vertex -6.5076540089288 -5.1698743208468 -2.539
      vertex -6.76414399285058 -4.65390842050438 -2.539
   endloop
endfacet
facet normal 0 0 -1
   outer loop
      vertex 5.18802610316736 -3.84907018112212 -2.539
      vertex 6.08459203970475 -4.25768302922079 -2.539
      vertex 5.29540501475008 -4.49790917432435 -2.539
   endloop
endfacet
facet normal 0 0 -1
   outer loop
      vertex 1.03519064545163 -7.30879372712867 -2.539
      vertex 1.73668469250927 -7.47029393283644 -2.539
      vertex 1.12268102912773 -7.81711109057758 -2.539
   endloop
endfacet
facet normal 0 0 -1
   outer loop
      vertex 1.12268102912773 -7.81711109057758 -2.539
      vertex 0.419631171476752 -7.6655289029029 -2.539
      vertex 1.03519064545163 -7.30879372712867 -2.539
   endloop
endfacet
facet normal 0 0 -1
   outer loop
      vertex 1.20622623264606 -6.63334904191772 -2.539
      vertex 1.73668469250927 -7.47029393283644 -2.539
      vertex 1.03519064545163 -7.30879372712867 -2.539
   endloop
endfacet
facet normal 0 0 -1
   outer loop
      vertex 4.71337418739036 4.30666693515644 -2.539
      vertex 3.94953088820203 4.29454693604647 -2.539
      vertex 4.55291653402038 5.00299247603868 -2.539
   endloop
endfacet
facet normal 0 0 -1
   outer loop
      vertex 0.904569620109124 7.83883054113498 -2.539
      vertex 1.67705847247995 7.48131167644074 -2.539
      vertex 1.03875545011272 7.32078891246276 -2.539
   endloop
endfacet
facet normal 0 0 -1
   outer loop
      vertex 1.03875545011272 7.32078891246276 -2.539
      vertex 0.376363461475924 7.37123771752133 -2.539
      vertex 0.904569620109124 7.83883054113498 -2.539
   endloop
endfacet
facet normal 0 0 -1
   outer loop
      vertex 1.03875545011272 7.32078891246276 -2.539
      vertex 1.67705847247995 7.48131167644074 -2.539
      vertex 1.20243917258577 6.63037606465123 -2.539
   endloop
endfacet
facet normal 0 0 -1
   outer loop
      vertex 4.71337418739036 4.30666693515644 -2.539
      vertex 5.24418536509105 3.82892109617534 -2.539
      vertex 4.32621094846928 3.71106314028545 -2.539
   endloop
endfacet
facet normal 0 0 -1
   outer loop
      vertex 7.0891879014231 -0.711640281893333 -2.539
      vertex 7.18138833533147 -1.32876793023673 -2.539
      vertex 6.4538689756799 -0.725721916298724 -2.539
   endloop
endfacet
facet normal 0 0 -1
   outer loop
      vertex -7.02991555555246 -6.33591261046456 -2.539
      vertex -7.12128673888888 -5.73101842308674 -2.539
      vertex -6.51218298271058 -5.97789309053752 -2.539
   endloop
endfacet
facet normal 0 0 -1
   outer loop
      vertex 7.0891879014231 -0.711640281893333 -2.539
      vertex 7.11023147394729 0.0148151973932862 -2.539
      vertex 7.74463090204967 -0.696048555269025 -2.539
   endloop
endfacet
facet normal 0 0 -1
   outer loop
      vertex 7.74463090204967 -0.696048555269025 -2.539
      vertex 7.18138833533147 -1.32876793023673 -2.539
      vertex 7.0891879014231 -0.711640281893333 -2.539
   endloop
endfacet
facet normal 0 0 -1
   outer loop
      vertex 4.32621094846928 3.71106314028545 -2.539
      vertex 3.94953088820203 4.29454693604647 -2.539
      vertex 4.71337418739036 4.30666693515644 -2.539
   endloop
endfacet
facet normal 0 0 -1
   outer loop
      vertex 7.92283111356035 -5.17631630656954 -2.539
      vertex 7.36171264879945 -5.41912465959379 -2.539
      vertex 7.44489652298662 -4.76669786380165 -2.539
   endloop
endfacet
facet normal 0 0 -1
   outer loop
      vertex -7.34531355766572 0.870409909131446 -2.539
      vertex -7.67926331990088 0.236099103816283 -2.539
      vertex -7.85707819005315 0.91731401552736 -2.539
   endloop
endfacet
facet normal 0 0 -1
   outer loop
      vertex -7.85707819005315 0.91731401552736 -2.539
      vertex -7.51874607811012 1.55156184521502 -2.539
      vertex -7.34531355766572 0.870409909131446 -2.539
   endloop
endfacet
facet normal 0 0 -1
   outer loop
      vertex -6.7493970433281 0.511577936548999 -2.539
      vertex -7.67926331990088 0.236099103816283 -2.539
      vertex -7.34531355766572 0.870409909131446 -2.539
   endloop
endfacet
facet normal 0 0 -1
   outer loop
      vertex 2.52211425862883 3.39223672166984 -2.539
      vertex 2.56164978078238 4.05686203701387 -2.539
      vertex 2.96400953643852 3.68791738447905 -2.539
   endloop
endfacet
facet normal 0 0 -1
   outer loop
      vertex 0.139583053355685 9.49240690345141 -2.539
      vertex 0.748300476593289 9.28366950703716 -2.539
      vertex -0.00255873048129906 8.79590235187326 -2.539
   endloop
endfacet
facet normal 0 0 -1
   outer loop
      vertex 3.22689355040001 4.20578836214106 -2.539
      vertex 3.57887348553714 3.70166141897585 -2.539
      vertex 2.96400953643852 3.68791738447905 -2.539
   endloop
endfacet
facet normal 0 0 -1
   outer loop
      vertex 2.96400953643852 3.68791738447905 -2.539
      vertex 2.56164978078238 4.05686203701387 -2.539
      vertex 3.22689355040001 4.20578836214106 -2.539
   endloop
endfacet
facet normal 0 0 -1
   outer loop
      vertex -5.7029505442531 -3.96557606766251 -2.539
      vertex -5.55516272962958 -3.32757188989502 -2.539
      vertex -5.04937707647192 -4.02824945445342 -2.539
   endloop
endfacet
facet normal 0 0 -1
   outer loop
      vertex -5.7029505442531 -3.96557606766251 -2.539
      vertex -5.67319980086321 -4.79502587189841 -2.539
      vertex -6.29125176729735 -4.34851499489303 -2.539
   endloop
endfacet
facet normal 0 0 -1
   outer loop
      vertex -0.198821924745086 9.99802329674424 -2.539
      vertex 0.139583053355685 9.49240690345141 -2.539
      vertex -0.367785150974253 9.4572416557767 -2.539
   endloop
endfacet
facet normal 0 0 -1
   outer loop
      vertex -5.04937707647192 -4.02824945445342 -2.539
      vertex -5.67319980086321 -4.79502587189841 -2.539
      vertex -5.7029505442531 -3.96557606766251 -2.539
   endloop
endfacet
facet normal 0 0 -1
   outer loop
      vertex -5.20699637823723 1.75060674191897 -2.539
      vertex -5.3248447920598 2.64999568515217 -2.539
      vertex -4.65213107971204 2.01888468342356 -2.539
   endloop
endfacet
facet normal 0 0 -1
   outer loop
      vertex -5.8581085462096 2.043142394811 -2.539
      vertex -5.3248447920598 2.64999568515217 -2.539
      vertex -5.20699637823723 1.75060674191897 -2.539
   endloop
endfacet
facet normal 0 0 -1
   outer loop
      vertex -1.06464890544095 -5.58450011809757 -2.539
      vertex -0.750577284606088 -6.35092454548881 -2.539
      vertex -1.46826812296596 -6.2429737497275 -2.539
   endloop
endfacet
facet normal 0 0 -1
   outer loop
      vertex -6.30888600317937 2.53368893266105 -2.539
      vertex -7.12541171309896 2.35742388245315 -2.539
      vertex -6.88449052660297 3.15205615612495 -2.539
   endloop
endfacet
facet normal 0 0 -1
   outer loop
      vertex -4.34842587979914 8.42351823131979 -2.539
      vertex -3.77574054230973 8.30889484542226 -2.539
      vertex -4.22193033734895 7.78595252044589 -2.539
   endloop
endfacet
facet normal 0 0 -1
   outer loop
      vertex -6.88449052660297 3.15205615612495 -2.539
      vertex -6.11142485946871 3.28570066316638 -2.539
      vertex -6.30888600317937 2.53368893266105 -2.539
   endloop
endfacet
facet normal 0 0 -1
   outer loop
      vertex 7.11023147394729 0.0148151973932862 -2.539
      vertex 6.4538689756799 -0.725721916298724 -2.539
      vertex 6.32857134311794 -0.00221176716788207 -2.539
   endloop
endfacet
facet normal 0 0 -1
   outer loop
      vertex -1.46826812296596 -6.2429737497275 -2.539
      vertex -1.73738979241518 -5.40987195525678 -2.539
      vertex -1.06464890544095 -5.58450011809757 -2.539
   endloop
endfacet
facet normal 0 0 -1
   outer loop
      vertex -4.8167668220233 8.07779099357941 -2.539
      vertex -5.42459578496359 7.61142448022923 -2.539
      vertex -5.45194674952265 8.38309469351083 -2.539
   endloop
endfacet
facet normal 0 0 -1
   outer loop
      vertex -4.72561063062043 7.46745184207909 -2.539
      vertex -5.42459578496359 7.61142448022923 -2.539
      vertex -4.8167668220233 8.07779099357941 -2.539
   endloop
endfacet
facet normal 0 0 -1
   outer loop
      vertex -1.35592378416368 6.2230831779915 -2.539
      vertex -0.586502582835962 6.31627860025997 -2.539
      vertex -1.02350848902498 5.52929506969835 -2.539
   endloop
endfacet
facet normal 0 0 -1
   outer loop
      vertex -1.02350848902498 5.52929506969835 -2.539
      vertex -1.76494589834311 5.46578004962173 -2.539
      vertex -1.35592378416368 6.2230831779915 -2.539
   endloop
endfacet
facet normal 0 0 -1
   outer loop
      vertex 5.72416005159912 -0.373815368821495 -2.539
      vertex 5.71878339866005 0.353936324835753 -2.539
      vertex 6.32857134311794 -0.00221176716788207 -2.539
   endloop
endfacet
facet normal 0 0 -1
   outer loop
      vertex 6.32857134311794 -0.00221176716788207 -2.539
      vertex 6.4538689756799 -0.725721916298724 -2.539
      vertex 5.72416005159912 -0.373815368821495 -2.539
   endloop
endfacet
facet normal 0 0 -1
   outer loop
      vertex -1.81697174421365 6.96738555716837 -2.539
      vertex -1.35592378416368 6.2230831779915 -2.539
      vertex -1.97789368753876 6.27343330577612 -2.539
   endloop
endfacet
facet normal 0 0 -1
   outer loop
      vertex 4.84761947695944 -8.15411818555097 -2.539
      vertex 4.09884953290593 -8.19404481409727 -2.539
      vertex 4.47924602077454 -7.50879761928674 -2.539
   endloop
endfacet
facet normal 0 0 -1
   outer loop
      vertex -1.76494589834311 5.46578004962173 -2.539
      vertex -2.54489614629962 6.00233592936281 -2.539
      vertex -1.97789368753876 6.27343330577612 -2.539
   endloop
endfacet
facet normal 0 0 -1
   outer loop
      vertex -1.97789368753876 6.27343330577612 -2.539
      vertex -1.35592378416368 6.2230831779915 -2.539
      vertex -1.76494589834311 5.46578004962173 -2.539
   endloop
endfacet
facet normal 0 0 -1
   outer loop
      vertex 1.20622623264606 -6.63334904191772 -2.539
      vertex 1.03519064545163 -7.30879372712867 -2.539
      vertex 0.637880217353246 -6.96523901220477 -2.539
   endloop
endfacet
facet normal 0 0 -1
   outer loop
      vertex 4.47924602077454 -7.50879761928674 -2.539
      vertex 5.19689154699235 -7.4965453357734 -2.539
      vertex 4.84761947695944 -8.15411818555097 -2.539
   endloop
endfacet
facet normal 0 0 -1
   outer loop
      vertex 2.89777749401032 -0.776457078792686 -2.539
      vertex 3 0 -2.539
      vertex 3.50247232194298 -0.638492862141613 -2.539
   endloop
endfacet
facet normal 0 0 -1
   outer loop
      vertex 4.20372830089949 -0.380704940090917 -2.539
      vertex 3.92059908214935 -1.19627418694243 -2.539
      vertex 3.50247232194298 -0.638492862141613 -2.539
   endloop
endfacet
facet normal 0 0 -1
   outer loop
      vertex -9.12245026357725 -2.60153896406963 -2.539
      vertex -8.96993628153692 -1.86707012229883 -2.539
      vertex -8.40466617073196 -2.40935382178019 -2.539
   endloop
endfacet
facet normal 0 0 -1
   outer loop
      vertex 0.637880217353246 -6.96523901220477 -2.539
      vertex 1.03519064545163 -7.30879372712867 -2.539
      vertex 0.419631171476752 -7.6655289029029 -2.539
   endloop
endfacet
facet normal 0 0 -1
   outer loop
      vertex 0.637880217353246 -6.96523901220477 -2.539
      vertex 0.566611267714945 -6.40676690098801 -2.539
      vertex 1.20622623264606 -6.63334904191772 -2.539
   endloop
endfacet
facet normal 0 0 -1
   outer loop
      vertex -5.10340797684686 -6.94965047286094 -2.539
      vertex -4.59371444386482 -7.33391944785216 -2.539
      vertex -5.32156565489551 -7.60920441802699 -2.539
   endloop
endfacet
facet normal 0 0 -1
   outer loop
      vertex -8.40466617073196 -2.40935382178019 -2.539
      vertex -8.57574145833454 -3.10654961017555 -2.539
      vertex -9.12245026357725 -2.60153896406963 -2.539
   endloop
endfacet
facet normal 0 0 -1
   outer loop
      vertex -6.7493970433281 0.511577936548999 -2.539
      vertex -7.34531355766572 0.870409909131446 -2.539
      vertex -6.90418458602375 1.13328235659755 -2.539
   endloop
endfacet
facet normal 0 0 -1
   outer loop
      vertex -6.90418458602375 1.13328235659755 -2.539
      vertex -7.34531355766572 0.870409909131446 -2.539
      vertex -7.51874607811012 1.55156184521502 -2.539
   endloop
endfacet
facet normal 0 0 -1
   outer loop
      vertex 8.02389601782789 -3.15560037413048 -2.539
      vertex 8.26515757999336 -2.56409404550516 -2.539
      vertex 8.71701806909115 -3.19870525860655 -2.539
   endloop
endfacet
facet normal 0 0 -1
   outer loop
      vertex 0.776457099901028 2.89777748835436 -2.539
      vertex -1.22943607824602e-8 3 -2.539
      vertex 0.483032950401874 3.49850345163301 -2.539
   endloop
endfacet
facet normal 0 0 -1
   outer loop
      vertex 0.494060232593226 -3.48886306479061 -2.539
      vertex -1.22943686549367e-8 -3 -2.539
      vertex 0.776457099901024 -2.89777748835436 -2.539
   endloop
endfacet
facet normal 0 0 -1
   outer loop
      vertex 6.69428625497067 2.85169296337404 -2.539
      vertex 6.84824308025387 3.62350239822712 -2.539
      vertex 7.35804270095645 2.96420720723266 -2.539
   endloop
endfacet
facet normal 0 0 -1
   outer loop
      vertex 7.35804270095645 2.96420720723266 -2.539
      vertex 6.93135403248638 2.25148121757787 -2.539
      vertex 6.69428625497067 2.85169296337404 -2.539
   endloop
endfacet
facet normal 0 0 -1
   outer loop
      vertex 6.06697440190827 2.99970149794359 -2.539
      vertex 6.84824308025387 3.62350239822712 -2.539
      vertex 6.69428625497067 2.85169296337404 -2.539
   endloop
endfacet
facet normal 0 0 -1
   outer loop
      vertex -7.80057296300612 -6.25708090476844 -2.539
      vertex -8.2730403291689 -5.61754427770222 -2.539
      vertex -7.66335727733011 -5.52861355145982 -2.539
   endloop
endfacet
facet normal 0 0 -1
   outer loop
      vertex -7.21403764580522 -5.11673606044327 -2.539
      vertex -7.12128673888888 -5.73101842308674 -2.539
      vertex -7.66335727733011 -5.52861355145982 -2.539
   endloop
endfacet
facet normal 0 0 -1
   outer loop
      vertex -6.90418458602375 1.13328235659755 -2.539
      vertex -6.35843067250147 1.01904728231458 -2.539
      vertex -6.7493970433281 0.511577936548999 -2.539
   endloop
endfacet
facet normal 0 0 -1
   outer loop
      vertex -7.66335727733011 -5.52861355145982 -2.539
      vertex -7.12128673888888 -5.73101842308674 -2.539
      vertex -7.80057296300612 -6.25708090476844 -2.539
   endloop
endfacet
facet normal 0 0 -1
   outer loop
      vertex 8.04316565211542 -5.94201029051875 -2.539
      vertex 7.5456462187375 -6.56225747297776 -2.539
      vertex 7.30448855170303 -5.99522012471803 -2.539
   endloop
endfacet
facet normal 0 0 -1
   outer loop
      vertex 6.79219519261231 -5.66568445947945 -2.539
      vertex 7.36171264879945 -5.41912465959379 -2.539
      vertex 7.30448855170303 -5.99522012471803 -2.539
   endloop
endfacet
facet normal 0 0 -1
   outer loop
      vertex -3.48982964459977 0.415009847510809 -2.539
      vertex -2.89777746934155 0.776457170857777 -2.539
      vertex -3 0 -2.539
   endloop
endfacet
facet normal 0 0 -1
   outer loop
      vertex 7.30448855170303 -5.99522012471803 -2.539
      vertex 7.36171264879945 -5.41912465959379 -2.539
      vertex 8.04316565211542 -5.94201029051875 -2.539
   endloop
endfacet
facet normal 0 0 -1
   outer loop
      vertex 1.38735530738849 -9.90329466647646 -2.539
      vertex 0.596151244184228 -9.98221436826808 -2.539
      vertex 1.10839723418423 -9.27942498217909 -2.539
   endloop
endfacet
facet normal 0 0 -1
   outer loop
      vertex -4.46566713823579 5.74218627415345 -2.539
      vertex -5.25558250510115 5.69307480872616 -2.539
      vertex -4.74392936270966 6.35522715265385 -2.539
   endloop
endfacet
facet normal 0 0 -1
   outer loop
      vertex -4.74392936270966 6.35522715265385 -2.539
      vertex -3.9614951039485 6.14011815953655 -2.539
      vertex -4.46566713823579 5.74218627415345 -2.539
   endloop
endfacet
facet normal 0 0 -1
   outer loop
      vertex -4.45266306047999 5.09489496039996 -2.539
      vertex -5.25558250510115 5.69307480872616 -2.539
      vertex -4.46566713823579 5.74218627415345 -2.539
   endloop
endfacet
facet normal 0 0 -1
   outer loop
      vertex 3 0 -2.539
      vertex 3.53072459671976 0.680165480208618 -2.539
      vertex 3.70524139288145 0.105778917605561 -2.539
   endloop
endfacet
facet normal 0 0 -1
   outer loop
      vertex 4.43590065400677 7.4735384452107 -2.539
      vertex 4.08001982133453 8.18822610473746 -2.539
      vertex 4.83603195693872 8.1502574565479 -2.539
   endloop
endfacet
facet normal 0 0 -1
   outer loop
      vertex 4.83603195693872 8.1502574565479 -2.539
      vertex 5.18954149412951 7.5144588543373 -2.539
      vertex 4.43590065400677 7.4735384452107 -2.539
   endloop
endfacet
facet normal 0 0 -1
   outer loop
      vertex 4.22712006340355 0.491211653586197 -2.539
      vertex 4.20372830089949 -0.380704940090917 -2.539
      vertex 3.70524139288145 0.105778917605561 -2.539
   endloop
endfacet
facet normal 0 0 -1
   outer loop
      vertex 3.70524139288145 0.105778917605561 -2.539
      vertex 3.53072459671976 0.680165480208618 -2.539
      vertex 4.22712006340355 0.491211653586197 -2.539
   endloop
endfacet
facet normal 0 0 -1
   outer loop
      vertex 1.10839723418423 -9.27942498217909 -2.539
      vertex 0.596151244184228 -9.98221436826808 -2.539
      vertex 0.425666996069577 -9.10157641745069 -2.539
   endloop
endfacet
facet normal 0 0 -1
   outer loop
      vertex 2.16978805579823 -9.76176314980625 -2.539
      vertex 1.38735530738849 -9.90329466647646 -2.539
      vertex 1.70204052322695 -9.39757808119118 -2.539
   endloop
endfacet
facet normal 0 0 -1
   outer loop
      vertex 6.73396912280914 -2.79776195562798 -2.539
      vertex 6.84264757824968 -3.59438398598374 -2.539
      vertex 6.06118767095777 -2.98655181318244 -2.539
   endloop
endfacet
facet normal 0 0 -1
   outer loop
      vertex -1.22943607824602e-8 3 -2.539
      vertex -0.776457173860056 2.89777746853709 -2.539
      vertex -0.244347734633724 3.57913258923886 -2.539
   endloop
endfacet
facet normal 0 0 -1
   outer loop
      vertex -0.600707023360595 4.22401885978466 -2.539
      vertex 0.279132579757295 4.25856466486234 -2.539
      vertex -0.244347734633724 3.57913258923886 -2.539
   endloop
endfacet
facet normal 0 0 -1
   outer loop
      vertex -4.42931053858602 -5.79292007552711 -2.539
      vertex -5.22616167509931 -5.69443168882374 -2.539
      vertex -4.4398198625073 -5.09376664268888 -2.539
   endloop
endfacet
facet normal 0 0 -1
   outer loop
      vertex -9.99209397223904 0.397565151823238 -2.539
      vertex -9.92892073547959 1.19018193086751 -2.539
      vertex -9.5259652629095 0.762795250438069 -2.539
   endloop
endfacet
facet normal 0 0 -1
   outer loop
      vertex -0.239299505189141 -3.57860788358289 -2.539
      vertex -0.776457173860046 -2.8977774685371 -2.539
      vertex -1.22943686549367e-8 -3 -2.539
   endloop
endfacet
facet normal 0 0 -1
   outer loop
      vertex -4.64027685284169 -6.47517567619583 -2.539
      vertex -4.59371444386482 -7.33391944785216 -2.539
      vertex -5.10340797684686 -6.94965047286094 -2.539
   endloop
endfacet
facet normal 0 0 -1
   outer loop
      vertex -0.239299505189141 -3.57860788358289 -2.539
      vertex 0.286516181120597 -4.251624164975 -2.539
      vertex -0.593036665006554 -4.2245203603469 -2.539
   endloop
endfacet
facet normal 0 0 -1
   outer loop
      vertex -5.45194674952264 -8.38309469351084 -2.539
      vertex -5.32156565489551 -7.60920441802699 -2.539
      vertex -4.71146695265894 -8.03280324967198 -2.539
   endloop
endfacet
facet normal 0 0 -1
   outer loop
      vertex -4.71146695265894 -8.03280324967198 -2.539
      vertex -5.32156565489551 -7.60920441802699 -2.539
      vertex -4.59371444386482 -7.33391944785216 -2.539
   endloop
endfacet
facet normal 0 0 -1
   outer loop
      vertex 9.49820133244889 -3.12796602415467 -2.539
      vertex 8.71701806909115 -3.19870525860655 -2.539
      vertex 8.9703724967267 -2.49957178931696 -2.539
   endloop
endfacet
facet normal 0 0 -1
   outer loop
      vertex 8.9703724967267 -2.49957178931696 -2.539
      vertex 8.71701806909115 -3.19870525860655 -2.539
      vertex 8.26515757999336 -2.56409404550516 -2.539
   endloop
endfacet
facet normal 0 0 -1
   outer loop
      vertex 7.44700809678267 -2.82800881834214 -2.539
      vertex 8.26515757999336 -2.56409404550516 -2.539
      vertex 8.02389601782789 -3.15560037413048 -2.539
   endloop
endfacet
facet normal 0 0 -1
   outer loop
      vertex 6.4538689756799 -0.725721916298724 -2.539
      vertex 7.11023147394729 0.0148151973932862 -2.539
      vertex 7.0891879014231 -0.711640281893333 -2.539
   endloop
endfacet
facet normal 0 0 -1
   outer loop
      vertex -0.228122495741804 -8.7177647978734 -2.539
      vertex 0.425666996069577 -9.10157641745069 -2.539
      vertex -0.201713089304406 -9.46967390893776 -2.539
   endloop
endfacet
facet normal 0 0 -1
   outer loop
      vertex -0.201713089304406 -9.46967390893776 -2.539
      vertex -0.812614214942656 -9.06784308318445 -2.539
      vertex -0.228122495741804 -8.7177647978734 -2.539
   endloop
endfacet
facet normal 0 0 -1
   outer loop
      vertex -6.87273680942268 -3.27476059907915 -2.539
      vertex -7.04723834372415 -2.37417872487723 -2.539
      vertex -6.32089840796743 -2.70177898024213 -2.539
   endloop
endfacet
facet normal 0 0 -1
   outer loop
      vertex -1.30251093809098 7.68995302712026 -2.539
      vertex -0.446451618830228 7.34350177512075 -2.539
      vertex -1.06691061741944 6.97753793638223 -2.539
   endloop
endfacet
facet normal 0 0 -1
   outer loop
      vertex -1.06691061741944 6.97753793638223 -2.539
      vertex -1.81697174421365 6.96738555716837 -2.539
      vertex -1.30251093809098 7.68995302712026 -2.539
   endloop
endfacet
facet normal 0 0 -1
   outer loop
      vertex 4.92714094463608 -5.80701724710068 -2.539
      vertex 4.10055476352059 -6.20532676677891 -2.539
      vertex 4.23454780854938 -5.42050416787633 -2.539
   endloop
endfacet
facet normal 0 0 -1
   outer loop
      vertex -1.06691061741944 6.97753793638223 -2.539
      vertex -0.446451618830228 7.34350177512075 -2.539
      vertex -0.586502582835962 6.31627860025997 -2.539
   endloop
endfacet
facet normal 0 0 -1
   outer loop
      vertex -2.12132028332661 2.12132040379267 -2.539
      vertex -2.59807617853735 1.50000005683892 -2.539
      vertex -2.6913532361451 2.3085311646667 -2.539
   endloop
endfacet
facet normal 0 0 -1
   outer loop
      vertex 2.95438495111911 -2.01537868855712 -2.539
      vertex 2.12132034822199 -2.12132033889729 -2.539
      vertex 2.59807624304469 -1.49999994510893 -2.539
   endloop
endfacet
facet normal 0 0 -1
   outer loop
      vertex 8.7183691743821 3.24562251649416 -2.539
      vertex 8.36295396635988 2.56248458353132 -2.539
      vertex 8.01294581322777 3.04992438558496 -2.539
   endloop
endfacet
facet normal 0 0 -1
   outer loop
      vertex -0.857907692545837 3.60842496145817 -2.539
      vertex -0.244347734633724 3.57913258923886 -2.539
      vertex -0.776457173860056 2.89777746853709 -2.539
   endloop
endfacet
facet normal 0 0 -1
   outer loop
      vertex 2.59807624304469 -1.49999994510893 -2.539
      vertex 3.26618681916719 -1.34927322437153 -2.539
      vertex 2.95438495111911 -2.01537868855712 -2.539
   endloop
endfacet
facet normal 0 0 -1
   outer loop
      vertex 2.59807624304469 1.49999994510894 -2.539
      vertex 2.12132034822198 2.12132033889731 -2.539
      vertex 2.95744291113955 1.99515794824792 -2.539
   endloop
endfacet
facet normal 0 0 -1
   outer loop
      vertex -5.42459578496359 7.61142448022923 -2.539
      vertex -4.72561063062043 7.46745184207909 -2.539
      vertex -5.02399964173576 6.97233893008264 -2.539
   endloop
endfacet
facet normal 0 0 -1
   outer loop
      vertex -2.71907514384334 -2.34090676758737 -2.539
      vertex -2.59807617853735 -1.50000005683892 -2.539
      vertex -2.12132028332661 -2.12132040379267 -2.539
   endloop
endfacet
facet normal 0 0 -1
   outer loop
      vertex -2.12132028332661 -2.12132040379267 -2.539
      vertex -2.14539054030943 -2.80707316350887 -2.539
      vertex -2.71907514384334 -2.34090676758737 -2.539
   endloop
endfacet
facet normal 0 0 -1
   outer loop
      vertex -0.857907692545837 3.60842496145817 -2.539
      vertex -1.46916854790442 3.96017989663387 -2.539
      vertex -0.600707023360595 4.22401885978466 -2.539
   endloop
endfacet
facet normal 0 0 -1
   outer loop
      vertex -0.600707023360595 4.22401885978466 -2.539
      vertex -0.244347734633724 3.57913258923886 -2.539
      vertex -0.857907692545837 3.60842496145817 -2.539
   endloop
endfacet
facet normal 0 0 -1
   outer loop
      vertex -0.776457173860046 -2.8977774685371 -2.539
      vertex -0.239299505189141 -3.57860788358289 -2.539
      vertex -0.846879593687706 -3.60886224284775 -2.539
   endloop
endfacet
facet normal 0 0 -1
   outer loop
      vertex -0.846879593687706 -3.60886224284775 -2.539
      vertex -0.239299505189141 -3.57860788358289 -2.539
      vertex -0.593036665006554 -4.2245203603469 -2.539
   endloop
endfacet
facet normal 0 0 -1
   outer loop
      vertex -0.593036665006554 -4.2245203603469 -2.539
      vertex -1.4442486307923 -3.96418206197707 -2.539
      vertex -0.846879593687706 -3.60886224284775 -2.539
   endloop
endfacet
facet normal 0 0 -1
   outer loop
      vertex -2.20755239380617 -6.12319523741456 -2.539
      vertex -1.89997002837772 -6.96116284237124 -2.539
      vertex -2.5055176102354 -6.69700980727771 -2.539
   endloop
endfacet
facet normal 0 0 -1
   outer loop
      vertex -2.66729077248565 -7.32426516065148 -2.539
      vertex -3.25437876660518 -6.70045351292353 -2.539
      vertex -2.5055176102354 -6.69700980727771 -2.539
   endloop
endfacet
facet normal 0 0 -1
   outer loop
      vertex -2.5055176102354 -6.69700980727771 -2.539
      vertex -1.89997002837772 -6.96116284237124 -2.539
      vertex -2.66729077248565 -7.32426516065148 -2.539
   endloop
endfacet
facet normal 0 0 -1
   outer loop
      vertex -2.49501338948039 -5.45562415885149 -2.539
      vertex -1.73738979241518 -5.40987195525678 -2.539
      vertex -2.20755239380617 -6.12319523741456 -2.539
   endloop
endfacet
facet normal -0.664361009106173 0.74672435465778 0.0320497697393984
   outer loop
      vertex 2.27615752953832 -1.9542535405433 0.816845943405749
      vertex 1.71895627955184 -2.45869666876361 1.01956767022169
      vertex 2.12861299672513 -2.11400253315195 1.4803648665671
   endloop
endfacet
facet normal -0.678356787783348 0.733706864324782 -0.0388111544656011
   outer loop
      vertex 2.27615752953832 -1.9542535405433 0.816845943405749
      vertex 1.99986698963772 -2.23618693846408 0.316141791144258
      vertex 1.71895627955184 -2.45869666876361 1.01956767022169
   endloop
endfacet
facet normal 0.992853190955857 0.117128146924249 0.0228809616682389
   outer loop
      vertex -2.89777746934155 -0.77645717085778 -2.539
      vertex -2.99999619283895 -0.00477943006869049 -2.05374932918037
      vertex -2.93744989145284 -0.609416224926546 -1.67261620389146
   endloop
endfacet
facet normal 0.991444051138245 0.130526091737493 0.0012778256223258
   outer loop
      vertex -2.89777746934155 -0.77645717085778 -2.539
      vertex -3 0 -2.539
      vertex -2.99999619283895 -0.00477943006869049 -2.05374932918037
   endloop
endfacet
facet normal -0.597495533924778 -0.801854703504304 -0.00530296218828095
   outer loop
      vertex 2.01420141851845 2.22328420262418 -1.42938788668998
      vertex 2.04219248892818 2.19760092786778 -0.699660808157006
      vertex 1.53838876574472 2.57553101426297 -1.08143663892809
   endloop
endfacet
facet normal 0.99305542433567 -0.115246830721412 0.0236451307074682
   outer loop
      vertex -2.93752887997104 0.609035367886038 -1.68552526077693
      vertex -2.99999619283895 -0.00477943006869049 -2.05374932918037
      vertex -2.89777746934155 0.776457170857777 -2.539
   endloop
endfacet
facet normal 0.991444031308879 -0.130526089126908 -0.00129338286366684
   outer loop
      vertex -2.99999619283895 -0.00477943006869049 -2.05374932918037
      vertex -3 0 -2.539
      vertex -2.89777746934155 0.776457170857777 -2.539
   endloop
endfacet
facet normal 0.994272340994463 -0.106849248440116 -0.00239792434666713
   outer loop
      vertex -2.93752887997104 0.609035367886038 -1.68552526077693
      vertex -2.93318530079664 0.629622101891688 -0.801834505215604
      vertex -2.99993493325251 0.0197584475924167 -1.30386877967928
   endloop
endfacet
facet normal -0.345801930608651 -0.937305598063221 0.0433502090730456
   outer loop
      vertex 1.15495114042305 2.76877009938267 -1.60073981931087
      vertex 0.688309006935108 2.91997101200885 -2.05389308539047
      vertex 1.49999999994224 2.59807621138666 -2.539
   endloop
endfacet
facet normal -0.962021358790698 0.272889233347107 -0.00680966619791946
   outer loop
      vertex 2.80169420214222 -1.0726181043049 -1.43669395450132
      vertex 2.94827353865445 -0.554691933662256 -1.38911112951077
      vertex 2.93882412382285 -0.602754319135793 -1.98020744930745
   endloop
endfacet
facet normal 0.992529814192019 0.117601747532653 -0.0324714785191774
   outer loop
      vertex -2.99993493325251 0.0197584475924167 -1.30386877967928
      vertex -2.89589962107594 -0.783431799617686 -1.03281329368625
      vertex -2.93744989145284 -0.609416224926546 -1.67261620389146
   endloop
endfacet
facet normal -0.382541218363295 -0.923536213526735 -0.0272594673063867
   outer loop
      vertex 0.688309006935108 2.91997101200885 -2.05389308539047
      vertex 0.776457099901028 2.89777748835436 -2.539
      vertex 1.49999999994224 2.59807621138666 -2.539
   endloop
endfacet
facet normal 0.995796264539572 -0.0849379402776251 0.0342833170861542
   outer loop
      vertex -2.99596894594636 -0.15546727927459 1.14376587018242
      vertex -2.91487885275155 0.70956414352882 0.93155698304558
      vertex -2.9620713985365 0.475534467701365 1.7225003480064
   endloop
endfacet
facet normal -0.693363233633186 0.719123614133128 -0.0459200810304238
   outer loop
      vertex 1.83149093854729 -2.37605575313778 1.86287404330099
      vertex 2.33865268925039 -1.87901665747325 1.98885899949774
      vertex 2.12861299672513 -2.11400253315195 1.4803648665671
   endloop
endfacet
facet normal -0.703876970206833 0.709487443375219 0.0344206116352521
   outer loop
      vertex 1.83149093854729 -2.37605575313778 1.86287404330099
      vertex 2.12132034822199 -2.12132033889729 2.539
      vertex 2.33865268925039 -1.87901665747325 1.98885899949774
   endloop
endfacet
facet normal -0.474460328286252 -0.878816864296283 -0.0506785547440964
   outer loop
      vertex 1.49004855384851 2.60379632597751 1.32746776647334
      vertex 1.79783095189207 2.4016252556173 1.9518109161286
      vertex 1.06561169787433 2.80436654333085 1.8230217668473
   endloop
endfacet
facet normal -0.421014257184983 -0.906666318593137 -0.0265175786176716
   outer loop
      vertex 1.53838876574472 2.57553101426297 -1.08143663892809
      vertex 0.902192275624017 2.86112724250502 -0.745534482249995
      vertex 1.15495114042305 2.76877009938267 -1.60073981931087
   endloop
endfacet
facet normal -0.382462228550371 -0.923345515245783 -0.0339956351283881
   outer loop
      vertex 1.06561169787433 2.80436654333085 1.8230217668473
      vertex 1.49999999994224 2.59807621138666 2.539
      vertex 0.776457099901028 2.89777748835436 2.539
   endloop
endfacet
facet normal -0.487457673752563 -0.872012105829564 0.0444961075424504
   outer loop
      vertex 1.06561169787433 2.80436654333085 1.8230217668473
      vertex 1.79783095189207 2.4016252556173 1.9518109161286
      vertex 1.49999999994224 2.59807621138666 2.539
   endloop
endfacet
facet normal -0.608323558661259 0.792782694758755 -0.0379215884259746
   outer loop
      vertex 2.12132034822199 -2.12132033889729 2.539
      vertex 1.83149093854729 -2.37605575313778 1.86287404330099
      vertex 1.49999999994225 -2.59807621138666 2.539
   endloop
endfacet
facet normal -0.451861094983601 0.891931978984441 0.0167001708111221
   outer loop
      vertex 1.71895627955184 -2.45869666876361 1.01956767022169
      vertex 0.936542925235793 -2.85006795518822 0.752169866740649
      vertex 1.0564293561707 -2.80783849525231 1.74055545695567
   endloop
endfacet
facet normal -0.891193225529122 0.452857443420585 -0.0263585035533396
   outer loop
      vertex 2.51845485282397 -1.63014881354046 -1.43900600901749
      vertex 2.80169420214222 -1.0726181043049 -1.43669395450132
      vertex 2.69856166278755 -1.31063532385377 -2.03903653811389
   endloop
endfacet
facet normal -0.971508250918 -0.234425343444908 -0.0348780267358457
   outer loop
      vertex 2.80426956049195 1.06586689229861 -0.149448345919507
      vertex 2.92635426989243 0.660644145574876 -0.826431051963071
      vertex 2.97690270209885 0.371551210786024 -0.291352284256111
   endloop
endfacet
facet normal -0.949394984444342 -0.313649308089417 0.016531032846076
   outer loop
      vertex 2.80426956049195 1.06586689229861 -0.149448345919507
      vertex 2.72611375489918 1.25231936635569 -1.10038955460213
      vertex 2.92635426989243 0.660644145574876 -0.826431051963071
   endloop
endfacet
facet normal 0.867082079641601 -0.497642356407284 -0.0228199972349383
   outer loop
      vertex -2.74162797290463 1.21798031929374 1.46024140882572
      vertex -2.38389918358614 1.82127007401356 1.89659936944629
      vertex -2.78370459337143 1.11847607790368 2.03139141577096
   endloop
endfacet
facet normal -0.409667753710602 -0.912051886329833 0.0182671347480484
   outer loop
      vertex 1.06561169787433 2.80436654333085 1.8230217668473
      vertex 0.879931787745333 2.86805161196853 0.838577027279533
      vertex 1.49004855384851 2.60379632597751 1.32746776647334
   endloop
endfacet
facet normal -0.929505540001572 -0.367787002437415 -0.0274257533075616
   outer loop
      vertex 2.80426956049195 1.06586689229861 -0.149448345919507
      vertex 2.90553036140666 0.746922565560905 0.695782856304918
      vertex 2.63361010571296 1.43669684035519 0.661558499053257
   endloop
endfacet
facet normal -0.930337368115961 -0.365003629177796 0.0352807620964383
   outer loop
      vertex 2.90553036140666 0.746922565560905 0.695782856304918
      vertex 2.73937944699 1.22302912696663 1.24010835322875
      vertex 2.63361010571296 1.43669684035519 0.661558499053257
   endloop
endfacet
facet normal -0.939954974590408 0.340451782361361 -0.0240256036285668
   outer loop
      vertex 2.67567261025059 -1.35675203436545 0.762896530554756
      vertex 2.92351411549563 -0.67310119335638 0.754167991038718
      vertex 2.87262120264941 -0.864897350030091 0.0274309209381121
   endloop
endfacet
facet normal 0.863872404499332 -0.503567826052102 -0.01199638736048
   outer loop
      vertex -2.38389918358614 1.82127007401356 1.89659936944629
      vertex -2.74162797290463 1.21798031929374 1.46024140882572
      vertex -2.42204214629554 1.77022931892117 1.29240323849749
   endloop
endfacet
facet normal -0.752315249320281 -0.658571343247737 -0.017480031265289
   outer loop
      vertex 2.39642122115141 1.80476184878093 -1.14468958908048
      vertex 2.46545765538011 1.70924502325664 -0.517260399001021
      vertex 2.04219248892818 2.19760092786778 -0.699660808157006
   endloop
endfacet
facet normal 0.792721237579572 -0.608276431196526 -0.0399101834264096
   outer loop
      vertex -2.12132028332661 2.12132040379267 2.539
      vertex -2.59807617853735 1.50000005683892 2.539
      vertex -2.38389918358614 1.82127007401356 1.89659936944629
   endloop
endfacet
facet normal -0.739154442403015 -0.673532327289445 0.00221683827811676
   outer loop
      vertex 2.39642122115141 1.80476184878093 -1.14468958908048
      vertex 2.01420141851845 2.22328420262418 -1.42938788668998
      vertex 2.40581053969613 1.79222644972308 -1.82261003203938
   endloop
endfacet
facet normal -0.236581078717271 0.971604029707461 -0.00387332534093695
   outer loop
      vertex 0.361754023063447 -2.97810913614619 1.45950466138547
      vertex 0.342883963447455 -2.98034068314523 2.05230769251592
      vertex 1.0564293561707 -2.80783849525231 1.74055545695567
   endloop
endfacet
facet normal -0.761187241569239 0.646972000840209 0.0449579069912039
   outer loop
      vertex 2.51845485282397 -1.63014881354046 -1.43900600901749
      vertex 2.03613396445951 -2.20321548623243 -1.35845098492116
      vertex 2.28400727407602 -1.9450734618435 -0.876503753925281
   endloop
endfacet
facet normal -0.221599787268904 0.974609893708932 0.0320794227978084
   outer loop
      vertex 0.342883963447455 -2.98034068314523 2.05230769251592
      vertex 0.776457099901024 -2.89777748835436 2.539
      vertex 1.0564293561707 -2.80783849525231 1.74055545695567
   endloop
endfacet
facet normal -0.829479029836228 0.557578989292877 0.0327140606022059
   outer loop
      vertex 2.50044753203566 -1.65763751753414 1.44828670544144
      vertex 2.67567261025059 -1.35675203436545 0.762896530554756
      vertex 2.27615752953832 -1.9542535405433 0.816845943405749
   endloop
endfacet
facet normal -0.83221383210914 0.553467469674574 -0.0330741236957909
   outer loop
      vertex 2.67567261025059 -1.35675203436545 0.762896530554756
      vertex 2.52027610199737 -1.62733167169479 0.145075064556474
      vertex 2.27615752953832 -1.9542535405433 0.816845943405749
   endloop
endfacet
facet normal -0.82373171101455 -0.566553547092461 0.0219805947597572
   outer loop
      vertex 2.28889202559796 1.93932289605266 0.698380103498476
      vertex 2.63361010571296 1.43669684035519 0.661558499053257
      vertex 2.44269342963803 1.74162246448626 1.36638809423743
   endloop
endfacet
facet normal -0.825259843914772 -0.564256511582348 -0.0236807761419745
   outer loop
      vertex 2.28889202559796 1.93932289605266 0.698380103498476
      vertex 2.45938556472412 1.71797050150072 0.0310902557030892
      vertex 2.63361010571296 1.43669684035519 0.661558499053257
   endloop
endfacet
facet normal -0.737367023927176 -0.675464637736252 0.00611516088211506
   outer loop
      vertex 2.01420141851845 2.22328420262418 -1.42938788668998
      vertex 1.98869827298729 2.24612537028042 -1.98158553934279
      vertex 2.40581053969613 1.79222644972308 -1.82261003203938
   endloop
endfacet
facet normal -0.172744237922743 -0.984267448157187 -0.0371082034411443
   outer loop
      vertex 0.604744152781122 2.938415305854 -1.4108772715506
      vertex 0.902192275624017 2.86112724250502 -0.745534482249995
      vertex 0.132199454849986 2.99708580193116 -0.767302211107633
   endloop
endfacet
facet normal -0.174636822800055 -0.984160151790005 0.0305086176510074
   outer loop
      vertex 0.902192275624017 2.86112724250502 -0.745534482249995
      vertex 0.464077968315706 2.96388792624214 0.0615187816787168
      vertex 0.132199454849986 2.99708580193116 -0.767302211107633
   endloop
endfacet
facet normal -0.732315226279637 -0.68061530039573 -0.0218454165955727
   outer loop
      vertex 1.98869827298729 2.24612537028042 -1.98158553934279
      vertex 2.12132034822198 2.12132033889731 -2.539
      vertex 2.40581053969613 1.79222644972308 -1.82261003203938
   endloop
endfacet
facet normal -0.354942788364458 0.934481400228124 0.0275704482326324
   outer loop
      vertex 0.849098867385827 -2.87733055337827 -0.775255834868164
      vertex 1.40137385858278 -2.65257446803682 -1.28320390673489
      vertex 0.700282986833929 -2.91712251000039 -1.34239497319528
   endloop
endfacet
facet normal -0.153265006967608 0.987756938673363 -0.0290872436274996
   outer loop
      vertex 0.0796727632860678 -2.99894185518665 -0.850763504296911
      vertex 0.849098867385827 -2.87733055337827 -0.775255834868164
      vertex 0.700282986833929 -2.91712251000039 -1.34239497319528
   endloop
endfacet
facet normal -0.158960857371023 0.986814538316071 0.0304715078706292
   outer loop
      vertex 0.0796727632860678 -2.99894185518665 -0.850763504296911
      vertex 0.535032868174724 -2.9519044411994 0.00141712386553938
      vertex 0.849098867385827 -2.87733055337827 -0.775255834868164
   endloop
endfacet
facet normal -0.35030946408675 0.93601135398309 -0.0341471021610454
   outer loop
      vertex 1.40137385858278 -2.65257446803682 -1.28320390673489
      vertex 1.16578143639582 -2.76422749471799 -1.92683818695242
      vertex 0.700282986833929 -2.91712251000039 -1.34239497319528
   endloop
endfacet
facet normal 0.872089612907167 -0.487067553742197 0.0471689002523828
   outer loop
      vertex -2.78370459337143 1.11847607790368 2.03139141577096
      vertex -2.38389918358614 1.82127007401356 1.89659936944629
      vertex -2.59807617853735 1.50000005683892 2.539
   endloop
endfacet
facet normal -0.188602983706547 0.98174889921487 0.0244543130629249
   outer loop
      vertex 0.361754023063447 -2.97810913614619 1.45950466138547
      vertex 0.936542925235793 -2.85006795518822 0.752169866740649
      vertex 0.181414293947436 -2.99450978524892 0.72706569477017
   endloop
endfacet
facet normal -0.186701343211084 0.981851024948089 -0.0333342654271074
   outer loop
      vertex 0.936542925235793 -2.85006795518822 0.752169866740649
      vertex 0.535032868174724 -2.9519044411994 0.00141712386553938
      vertex 0.181414293947436 -2.99450978524892 0.72706569477017
   endloop
endfacet
facet normal -0.141999431779911 -0.988177754991863 0.0578003971735815
   outer loop
      vertex -0.0208192221725575 2.99992775912823 0.880288565117018
      vertex 0.879931787745333 2.86805161196853 0.838577027279533
      vertex 0.427375284239842 2.96940235845884 1.4595033278321
   endloop
endfacet
facet normal -0.146692411686344 -0.988230664923392 -0.0433761369731638
   outer loop
      vertex -0.0208192221725575 2.99992775912823 0.880288565117018
      vertex 0.464077968315706 2.96388792624214 0.0615187816787168
      vertex 0.879931787745333 2.86805161196853 0.838577027279533
   endloop
endfacet
facet normal 0.40006040763214 -0.91582224640077 0.034946863130361
   outer loop
      vertex -1.49712863475533 2.59973188059762 1.44578345293993
      vertex -0.858257767808124 2.87461190493552 1.33573929644387
      vertex -1.20981528279487 2.74524078752957 1.9699391474282
   endloop
endfacet
facet normal 0.986414160597323 0.163471402342876 -0.0162543652331574
   outer loop
      vertex -2.90016899819286 -0.767476241926123 0.802470578551947
      vertex -2.99596894594636 -0.15546727927459 1.14376587018242
      vertex -2.8772563507697 -0.849350276361528 1.36953650319055
   endloop
endfacet
facet normal 0.939614647804364 -0.339382831007089 -0.0440863657959545
   outer loop
      vertex -2.65314793792204 1.40028783451832 -0.766075377375542
      vertex -2.93318530079664 0.629622101891688 -0.801834505215604
      vertex -2.80801642966098 1.05595631100628 -1.41608350459129
   endloop
endfacet
facet normal 0.830760383686725 -0.556552583615173 -0.00929551332426377
   outer loop
      vertex -2.60648738684774 1.4853361579803 -1.6880391831843
      vertex -2.33998564031638 1.87735644008087 -1.34172238962423
      vertex -2.65314793792204 1.40028783451832 -0.766075377375542
   endloop
endfacet
facet normal 0.939191767262992 -0.342452999070232 0.0253922770389161
   outer loop
      vertex -2.65314793792204 1.40028783451832 -0.766075377375542
      vertex -2.8800015936586 0.839994536008359 0.0682320529952336
      vertex -2.93318530079664 0.629622101891688 -0.801834505215604
   endloop
endfacet
facet normal 0.82560511877448 0.563798759845677 0.0225199078562561
   outer loop
      vertex -2.59180679805646 -1.51080691074284 -0.819232996093585
      vertex -2.26835348178192 -1.9633065175076 -1.34880871870916
      vertex -2.68510554149063 -1.33798663336236 -1.72545064312331
   endloop
endfacet
facet normal 0.983514970275317 0.178219402469953 0.0305965329342338
   outer loop
      vertex -2.99596894594636 -0.15546727927459 1.14376587018242
      vertex -2.97116180102334 -0.414966928971136 1.85788841980157
      vertex -2.8772563507697 -0.849350276361528 1.36953650319055
   endloop
endfacet
facet normal 0.814299445135278 0.580414788253191 0.00592344742380335
   outer loop
      vertex -2.62210178853916 -1.45759466606451 1.66833795548866
      vertex -2.22379840615488 -2.01363369280091 1.39738943641237
      vertex -2.64163493071399 -1.42188779192724 0.854796344991822
   endloop
endfacet
facet normal -0.685312982216387 0.727766725662456 0.0264897984935666
   outer loop
      vertex 2.28400727407602 -1.9450734618435 -0.876503753925281
      vertex 1.81849590238427 -2.38601606302465 -0.805443693674725
      vertex 2.15010994536228 -2.09213460916218 -0.30025807171044
   endloop
endfacet
facet normal 0.945186178468263 0.325403596439262 0.02712171559756
   outer loop
      vertex -2.68510554149063 -1.33798663336236 -1.72545064312331
      vertex -2.93744989145284 -0.609416224926546 -1.67261620389146
      vertex -2.89589962107594 -0.783431799617686 -1.03281329368625
   endloop
endfacet
facet normal 0.921409094953754 0.388438614520986 0.0109873784644096
   outer loop
      vertex -2.89589962107594 -0.783431799617686 -1.03281329368625
      vertex -2.87079625187243 -0.87093563495544 -0.0444614406077979
      vertex -2.59180679805646 -1.51080691074284 -0.819232996093585
   endloop
endfacet
facet normal 0.0955493397097193 -0.995374963060125 -0.00995020573108298
   outer loop
      vertex 0.132199454849986 2.99708580193116 -0.767302211107633
      vertex -0.650532093439553 2.92861878628905 -1.4345376053156
      vertex 0.0567378157050604 2.99946342205885 -1.72978817364049
   endloop
endfacet
facet normal -0.689935020036205 0.723141954036474 -0.0324866501805224
   outer loop
      vertex 2.28400727407602 -1.9450734618435 -0.876503753925281
      vertex 2.03613396445951 -2.20321548623243 -1.35845098492116
      vertex 1.81849590238427 -2.38601606302465 -0.805443693674725
   endloop
endfacet
facet normal -0.756674810256199 -0.653768327370345 0.00549596680541649
   outer loop
      vertex 2.04219248892818 2.19760092786778 -0.699660808157006
      vertex 2.46545765538011 1.70924502325664 -0.517260399001021
      vertex 2.06969164096523 2.17172201520329 0.00796759294276139
   endloop
endfacet
facet normal -0.758673081404997 -0.651468566675114 0.00196524444245776
   outer loop
      vertex 2.46545765538011 1.70924502325664 -0.517260399001021
      vertex 2.45938556472412 1.71797050150072 0.0310902557030892
      vertex 2.06969164096523 2.17172201520329 0.00796759294276139
   endloop
endfacet
facet normal 0.39549172682511 -0.918467746077425 0.00181478052289043
   outer loop
      vertex -1.50689339328105 2.59408409680294 0.715432854535801
      vertex -0.858257767808124 2.87461190493552 1.33573929644387
      vertex -1.49712863475533 2.59973188059762 1.44578345293993
   endloop
endfacet
facet normal 0.929509616159482 0.36846599412239 0.0156423988713599
   outer loop
      vertex -2.64163493071399 -1.42188779192724 0.854796344991822
      vertex -2.90016899819286 -0.767476241926123 0.802470578551947
      vertex -2.8772563507697 -0.849350276361528 1.36953650319055
   endloop
endfacet
facet normal 0.0868888525232525 0.99620406037787 -0.00527232338127839
   outer loop
      vertex 0.0383326478147909 -2.99975509135521 -1.68571691122857
      vertex -0.572138380811403 -2.94493763485791 -1.38864758279182
      vertex 0.0796727632860678 -2.99894185518665 -0.850763504296911
   endloop
endfacet
facet normal 0.930320099368956 0.366535131967268 -0.012510385440622
   outer loop
      vertex -2.64163493071399 -1.42188779192724 0.854796344991822
      vertex -2.87079625187243 -0.87093563495544 -0.0444614406077979
      vertex -2.90016899819286 -0.767476241926123 0.802470578551947
   endloop
endfacet
facet normal 0.314857091221192 0.948761030432487 0.0267865496175838
   outer loop
      vertex -1.28574018015147 -2.7105114257542 -1.30397317891432
      vertex -0.742487133491764 -2.90666696692263 -0.741838095798123
      vertex -0.572138380811403 -2.94493763485791 -1.38864758279182
   endloop
endfacet
facet normal 0.384581214424051 -0.922965058944547 0.0152574401395496
   outer loop
      vertex -1.50689339328105 2.59408409680294 0.715432854535801
      vertex -0.774891248890368 2.89819660347485 0.661095036593733
      vertex -0.858257767808124 2.87461190493552 1.33573929644387
   endloop
endfacet
facet normal 0.270186136652075 0.961987056280625 -0.0397536804530549
   outer loop
      vertex -0.388837371394538 -2.97469418572851 1.35545130188001
      vertex -0.649390063317492 -2.92887223102417 0.693434663269964
      vertex -1.19651470289885 -2.75106389706725 1.27762769558955
   endloop
endfacet
facet normal 0.940722730443061 -0.338726652278929 0.0174642338412466
   outer loop
      vertex -2.74162797290463 1.21798031929374 1.46024140882572
      vertex -2.91487885275155 0.70956414352882 0.93155698304558
      vertex -2.68402867572512 1.3401455398147 0.727065704771236
   endloop
endfacet
facet normal -0.939335905776559 0.341005515025541 0.0369228227671768
   outer loop
      vertex 2.67567261025059 -1.35675203436545 0.762896530554756
      vertex 2.85303105920647 -0.927477102252778 1.31036388189797
      vertex 2.92351411549563 -0.67310119335638 0.754167991038718
   endloop
endfacet
facet normal 0.937401513490613 -0.347940240422332 -0.0146966526923234
   outer loop
      vertex -2.91487885275155 0.70956414352882 0.93155698304558
      vertex -2.8800015936586 0.839994536008359 0.0682320529952336
      vertex -2.68402867572512 1.3401455398147 0.727065704771236
   endloop
endfacet
facet normal -0.895918368169172 0.441645022520874 0.0477488393536885
   outer loop
      vertex 2.85303105920647 -0.927477102252778 1.31036388189797
      vertex 2.50044753203566 -1.65763751753414 1.44828670544144
      vertex 2.71000103281499 -1.2868156053381 1.95031312165944
   endloop
endfacet
facet normal 0.0980946306512716 -0.995092634360192 -0.0129650483795774
   outer loop
      vertex -0.650532093439553 2.92861878628905 -1.4345376053156
      vertex 0.132199454849986 2.99708580193116 -0.767302211107633
      vertex -0.719017187936711 2.91256146432167 -0.720270870911367
   endloop
endfacet
facet normal -0.902830382474426 0.427842138409816 -0.0429930817922879
   outer loop
      vertex 2.67567261025059 -1.35675203436545 0.762896530554756
      vertex 2.50044753203566 -1.65763751753414 1.44828670544144
      vertex 2.85303105920647 -0.927477102252778 1.31036388189797
   endloop
endfacet
facet normal 0.100886894940621 -0.994120650973988 0.0393187707881911
   outer loop
      vertex 0.132199454849986 2.99708580193116 -0.767302211107633
      vertex -0.245505056197083 2.98993766948103 0.0211082253992736
      vertex -0.719017187936711 2.91256146432167 -0.720270870911367
   endloop
endfacet
facet normal -0.49078350834418 0.870812636533406 0.0285814623684085
   outer loop
      vertex 1.40137385858278 -2.65257446803682 -1.28320390673489
      vertex 1.76275225294681 -2.42748933977699 -1.93566939356908
      vertex 1.16578143639582 -2.76422749471799 -1.92683818695242
   endloop
endfacet
facet normal 0.709832714343582 -0.703860744511364 0.0267874967761285
   outer loop
      vertex -1.89653903325711 2.32446546443095 -1.34435115330175
      vertex -2.147080561317 2.09524343769756 -0.728310518318694
      vertex -2.33998564031638 1.87735644008087 -1.34172238962423
   endloop
endfacet
facet normal -0.382349140157494 0.923072495709243 0.0417887866051947
   outer loop
      vertex 1.16578143639582 -2.76422749471799 -1.92683818695242
      vertex 1.49999999994225 -2.59807621138666 -2.539
      vertex 0.776457099901024 -2.89777748835436 -2.539
   endloop
endfacet
facet normal 0.487043836221435 0.872404787614791 -0.0412090784354461
   outer loop
      vertex -1.10459580520008 -2.78924149315444 -1.91278680126612
      vertex -1.50000000002581 -2.59807621133841 -2.539
      vertex -1.81708364091185 -2.38709175398235 -1.81997839178922
   endloop
endfacet
facet normal -0.491412166007414 0.870336515115052 -0.0320691995111892
   outer loop
      vertex 1.16578143639582 -2.76422749471799 -1.92683818695242
      vertex 1.76275225294681 -2.42748933977699 -1.93566939356908
      vertex 1.49999999994225 -2.59807621138666 -2.539
   endloop
endfacet
facet normal 0.107492713150504 0.993738301814006 -0.030487770127696
   outer loop
      vertex -0.742487133491764 -2.90666696692263 -0.741838095798123
      vertex 0.0796727632860678 -2.99894185518665 -0.850763504296911
      vertex -0.572138380811403 -2.94493763485791 -1.38864758279182
   endloop
endfacet
facet normal 0.115859511172402 0.992699016513478 0.0335445417924613
   outer loop
      vertex -0.742487133491764 -2.90666696692263 -0.741838095798123
      vertex -0.259452576198587 -2.9887596692782 0.0192155910249376
      vertex 0.0796727632860678 -2.99894185518665 -0.850763504296911
   endloop
endfacet
facet normal 0.650717285505156 0.759135507536379 -0.0167420292164677
   outer loop
      vertex -1.67312273524815 -2.49011251006772 1.19563306827193
      vertex -2.15501172772015 -2.08708515719619 0.740424029720873
      vertex -2.22379840615488 -2.01363369280091 1.39738943641237
   endloop
endfacet
facet normal 0.709704712971271 -0.704040711655052 -0.025414498197156
   outer loop
      vertex -2.21819786619437 2.01980153144084 -1.88683589565133
      vertex -1.89653903325711 2.32446546443095 -1.34435115330175
      vertex -2.33998564031638 1.87735644008087 -1.34172238962423
   endloop
endfacet
facet normal 0.0771480294784795 0.99627238598594 0.0385942284476522
   outer loop
      vertex -0.388837371394538 -2.97469418572851 1.35545130188001
      vertex 0.181414293947436 -2.99450978524892 0.72706569477017
      vertex -0.649390063317492 -2.92887223102417 0.693434663269964
   endloop
endfacet
facet normal 0.0803783766114283 0.995880356987031 -0.0419717898200015
   outer loop
      vertex 0.181414293947436 -2.99450978524892 0.72706569477017
      vertex -0.259452576198587 -2.9887596692782 0.0192155910249376
      vertex -0.649390063317492 -2.92887223102417 0.693434663269964
   endloop
endfacet
facet normal 0.520785112753077 0.853387610487812 0.0226374159449976
   outer loop
      vertex -1.8073453544616 -2.39447338045468 -1.21821881459069
      vertex -1.48261464627381 -2.60803638982557 -0.637891633716123
      vertex -1.28574018015147 -2.7105114257542 -1.30397317891432
   endloop
endfacet
facet normal 0.660587904964641 -0.750164476596735 0.029612123645094
   outer loop
      vertex -1.89653903325711 2.32446546443095 -1.34435115330175
      vertex -2.21819786619437 2.01980153144084 -1.88683589565133
      vertex -1.70981460017177 2.4650626833895 -1.94805195844544
   endloop
endfacet
facet normal 0.657397755832854 -0.75328867013996 -0.0196053580609303
   outer loop
      vertex -2.12132028332661 2.12132040379267 -2.539
      vertex -1.70981460017177 2.4650626833895 -1.94805195844544
      vertex -2.21819786619437 2.01980153144084 -1.88683589565133
   endloop
endfacet
facet normal 0.999038911360339 -0.016379635005966 -0.0406566248601748
   outer loop
      vertex -2.99596894594636 -0.15546727927459 1.14376587018242
      vertex -2.9620713985365 0.475534467701365 1.7225003480064
      vertex -2.97116180102334 -0.414966928971136 1.85788841980157
   endloop
endfacet
facet normal 0.999007949297641 -0.00344789270495328 0.044398527858676
   outer loop
      vertex -2.97116180102334 -0.414966928971136 1.85788841980157
      vertex -2.9620713985365 0.475534467701365 1.7225003480064
      vertex -3 0 2.539
   endloop
endfacet
facet normal 0.538824365103884 -0.84202829617027 0.0256252223207677
   outer loop
      vertex -1.31230482719341 2.69775018126677 -1.36321268919508
      vertex -1.48672690052479 2.60569436489699 -0.720515408121052
      vertex -1.89653903325711 2.32446546443095 -1.34435115330175
   endloop
endfacet
facet normal 0.739883397094305 -0.672659079689089 0.0101153950006491
   outer loop
      vertex -2.42204214629554 1.77022931892117 1.29240323849749
      vertex -1.99660456601852 2.2391003119454 1.35331321913647
      vertex -2.38389918358614 1.82127007401356 1.89659936944629
   endloop
endfacet
facet normal 0.140884176736887 -0.989701863486068 -0.0253351565492179
   outer loop
      vertex -0.774891248890368 2.89819660347485 0.661095036593733
      vertex -0.245505056197083 2.98993766948103 0.0211082253992736
      vertex -0.0208192221725575 2.99992775912823 0.880288565117018
   endloop
endfacet
facet normal 0.742137641176662 -0.669618193134238 -0.0290378541283206
   outer loop
      vertex -2.42204214629554 1.77022931892117 1.29240323849749
      vertex -2.20888320143937 2.02998399067554 0.750242741461323
      vertex -1.99660456601852 2.2391003119454 1.35331321913647
   endloop
endfacet
facet normal 0.279814695481249 0.960053577716492 0.00092957328864079
   outer loop
      vertex -0.566259784155376 -2.94607363398275 -1.98494022141577
      vertex -1.10459580520008 -2.78924149315444 -1.91278680126612
      vertex -0.572138380811403 -2.94493763485791 -1.38864758279182
   endloop
endfacet
facet normal 0.608391364569069 0.792871086222789 -0.0348624174388575
   outer loop
      vertex -2.12132028332661 -2.12132040379267 2.539
      vertex -1.50000000002581 -2.59807621133841 2.539
      vertex -1.73081619325034 -2.45036228039496 1.87041544403749
   endloop
endfacet
facet normal 0.308616316516953 0.9506775849078 -0.031114285037267
   outer loop
      vertex -1.10459580520008 -2.78924149315444 -1.91278680126612
      vertex -1.28574018015147 -2.7105114257542 -1.30397317891432
      vertex -0.572138380811403 -2.94493763485791 -1.38864758279182
   endloop
endfacet
facet normal 0.608332299443589 -0.792794111050352 0.0375407903160867
   outer loop
      vertex -2.12132028332661 2.12132040379267 -2.539
      vertex -1.50000000002581 2.59807621133841 -2.539
      vertex -1.70981460017177 2.4650626833895 -1.94805195844544
   endloop
endfacet
facet normal 0.808710793954645 -0.586402728233953 -0.0460292522318613
   outer loop
      vertex -2.147080561317 2.09524343769756 -0.728310518318694
      vertex -2.65314793792204 1.40028783451832 -0.766075377375542
      vertex -2.33998564031638 1.87735644008087 -1.34172238962423
   endloop
endfacet
facet normal 0.276997465856206 0.960633424882865 -0.0213501032095225
   outer loop
      vertex -0.776457173860046 -2.8977774685371 -2.539
      vertex -1.10459580520008 -2.78924149315444 -1.91278680126612
      vertex -0.566259784155376 -2.94607363398275 -1.98494022141577
   endloop
endfacet
facet normal 0.382317223301182 -0.922995408243484 -0.0437380512679472
   outer loop
      vertex -0.776457173860056 2.89777746853709 2.539
      vertex -1.50000000002581 2.59807621133841 2.539
      vertex -1.20981528279487 2.74524078752957 1.9699391474282
   endloop
endfacet
facet normal -0.265585943340863 -0.963848538708027 -0.0214499680686187
   outer loop
      vertex 1.12658938926753 2.78043096443515 0.102125082028899
      vertex 0.464077968315706 2.96388792624214 0.0615187816787168
      vertex 0.902192275624017 2.86112724250502 -0.745534482249995
   endloop
endfacet
facet normal 0.806665776488651 -0.589616954241366 0.0405237253111833
   outer loop
      vertex -2.147080561317 2.09524343769756 -0.728310518318694
      vertex -2.44404630198848 1.73972344748711 0.0103058295031375
      vertex -2.65314793792204 1.40028783451832 -0.766075377375542
   endloop
endfacet
facet normal 0.382371518988768 0.923126489626346 0.0403671353499534
   outer loop
      vertex -0.776457173860046 -2.8977774685371 -2.539
      vertex -1.50000000002581 -2.59807621133841 -2.539
      vertex -1.10459580520008 -2.78924149315444 -1.91278680126612
   endloop
endfacet
facet normal -0.425195524792134 -0.904715483688624 0.026432163566396
   outer loop
      vertex 0.902192275624017 2.86112724250502 -0.745534482249995
      vertex 1.57004529003043 2.5563563498177 -0.433900236645005
      vertex 1.12658938926753 2.78043096443515 0.102125082028899
   endloop
endfacet
facet normal -0.457932657710689 -0.888957412703815 -0.00723874305137155
   outer loop
      vertex 1.12658938926753 2.78043096443515 0.102125082028899
      vertex 1.57004529003043 2.5563563498177 -0.433900236645005
      vertex 1.61472601759846 2.52837099494726 0.176291934040294
   endloop
endfacet
facet normal 0.676640194373546 0.735862007740265 -0.0257905587879841
   outer loop
      vertex -2.31225562495181 -1.91140626892315 1.99340473746383
      vertex -1.73081619325034 -2.45036228039496 1.87041544403749
      vertex -2.22379840615488 -2.01363369280091 1.39738943641237
   endloop
endfacet
facet normal 0.130413634380511 0.990589833096691 -0.04152188017342
   outer loop
      vertex -0.776457173860046 -2.8977774685371 2.539
      vertex -1.22943686549367e-8 -3 2.539
      vertex -0.282954983019684 -2.98662627015573 1.96934117951274
   endloop
endfacet
facet normal -0.378813414821631 -0.925320875234283 -0.0167831643868471
   outer loop
      vertex 0.879931787745333 2.86805161196853 0.838577027279533
      vertex 1.12658938926753 2.78043096443515 0.102125082028899
      vertex 1.35873941649116 2.67466394114723 0.693604124203121
   endloop
endfacet
facet normal -0.46139361966716 -0.886910254220052 0.0224973040553372
   outer loop
      vertex 1.12658938926753 2.78043096443515 0.102125082028899
      vertex 1.61472601759846 2.52837099494726 0.176291934040294
      vertex 1.35873941649116 2.67466394114723 0.693604124203121
   endloop
endfacet
facet normal 0.98659106082993 -0.162492301680988 0.0153078602322167
   outer loop
      vertex -2.91487885275155 0.70956414352882 0.93155698304558
      vertex -2.9940397167856 0.189013688156181 0.507850422322675
      vertex -2.8800015936586 0.839994536008359 0.0682320529952336
   endloop
endfacet
facet normal 0.988190422364179 -0.149021107298289 0.0356706984413972
   outer loop
      vertex -2.9940397167856 0.189013688156181 0.507850422322675
      vertex -2.99994583498073 0.0180274008606597 -0.0428591878100408
      vertex -2.8800015936586 0.839994536008359 0.0682320529952336
   endloop
endfacet
facet normal 0.983371831564755 0.181384426889208 -0.00891799120050436
   outer loop
      vertex -2.89589962107594 -0.783431799617686 -1.03281329368625
      vertex -2.98866290782403 -0.260564816114533 -0.62699040496573
      vertex -2.87079625187243 -0.87093563495544 -0.0444614406077979
   endloop
endfacet
facet normal 0.988388178487684 0.143683286127604 -0.049436038609204
   outer loop
      vertex -2.98866290782403 -0.260564816114533 -0.62699040496573
      vertex -2.99994583498073 0.0180274008606597 -0.0428591878100408
      vertex -2.87079625187243 -0.87093563495544 -0.0444614406077979
   endloop
endfacet
facet normal -0.692924756062015 -0.720656202354052 -0.0225814181360023
   outer loop
      vertex 2.28889202559796 1.93932289605266 0.698380103498476
      vertex 1.84500601801317 2.36557663023103 0.715970062216847
      vertex 2.06969164096523 2.17172201520329 0.00796759294276139
   endloop
endfacet
facet normal -0.611631641707398 -0.790824664697665 0.02242954676623
   outer loop
      vertex 1.84500601801317 2.36557663023103 0.715970062216847
      vertex 1.61472601759846 2.52837099494726 0.176291934040294
      vertex 2.06969164096523 2.17172201520329 0.00796759294276139
   endloop
endfacet
facet normal -0.606945329674925 -0.794724708506667 -0.00547763405033488
   outer loop
      vertex 2.06969164096523 2.17172201520329 0.00796759294276139
      vertex 1.57004529003043 2.5563563498177 -0.433900236645005
      vertex 2.04219248892818 2.19760092786778 -0.699660808157006
   endloop
endfacet
facet normal -0.614883732729337 -0.788568025376704 0.00885802338691593
   outer loop
      vertex 2.06969164096523 2.17172201520329 0.00796759294276139
      vertex 1.61472601759846 2.52837099494726 0.176291934040294
      vertex 1.57004529003043 2.5563563498177 -0.433900236645005
   endloop
endfacet
facet normal 0.65673328849681 0.754031668533396 0.0117316081126344
   outer loop
      vertex -1.73081619325034 -2.45036228039496 1.87041544403749
      vertex -1.67312273524815 -2.49011251006772 1.19563306827193
      vertex -2.22379840615488 -2.01363369280091 1.39738943641237
   endloop
endfacet
facet normal 0.799094541064783 0.60067769959798 -0.0251836384611648
   outer loop
      vertex -2.26835348178192 -1.9633065175076 -1.34880871870916
      vertex -2.59180679805646 -1.51080691074284 -0.819232996093585
      vertex -2.15108285560424 -2.09113427314592 -0.676664579158511
   endloop
endfacet
facet normal -0.114460156092367 -0.993406443645259 0.00651999933963898
   outer loop
      vertex 0.132199454849986 2.99708580193116 -0.767302211107633
      vertex 0.0567378157050604 2.99946342205885 -1.72978817364049
      vertex 0.604744152781122 2.938415305854 -1.4108772715506
   endloop
endfacet
facet normal 0.793142110986522 0.608517897201022 0.0251308687850077
   outer loop
      vertex -2.59180679805646 -1.51080691074284 -0.819232996093585
      vertex -2.45954104252569 -1.71774790354453 0.0172584683007899
      vertex -2.15108285560424 -2.09113427314592 -0.676664579158511
   endloop
endfacet
facet normal -0.126575496680265 0.99194281319073 0.0053008489324346
   outer loop
      vertex 0.700282986833929 -2.91712251000039 -1.34239497319528
      vertex 0.0383326478147909 -2.99975509135521 -1.68571691122857
      vertex 0.0796727632860678 -2.99894185518665 -0.850763504296911
   endloop
endfacet
facet normal 0.683879770401178 0.728445434047167 0.0409354278329539
   outer loop
      vertex -2.12132028332661 -2.12132040379267 2.539
      vertex -1.73081619325034 -2.45036228039496 1.87041544403749
      vertex -2.31225562495181 -1.91140626892315 1.99340473746383
   endloop
endfacet
facet normal -0.103696194252569 0.994599405086653 0.00437295081267913
   outer loop
      vertex 0.0383326478147909 -2.99975509135521 -1.68571691122857
      vertex 0.59511544791791 -2.94038052021324 -1.98703649965753
      vertex -1.22943686549367e-8 -3 -2.539
   endloop
endfacet
facet normal 0.808492783132747 0.588202889896754 0.0188886193082724
   outer loop
      vertex -2.15501172772015 -2.08708515719619 0.740424029720873
      vertex -2.64163493071399 -1.42188779192724 0.854796344991822
      vertex -2.22379840615488 -2.01363369280091 1.39738943641237
   endloop
endfacet
facet normal -0.0580285343605812 -0.998285162352431 -0.00770868516301218
   outer loop
      vertex 0.427375284239842 2.96940235845884 1.4595033278321
      vertex -0.0991314924364202 2.99836171053583 1.67260388349113
      vertex -0.0208192221725575 2.99992775912823 0.880288565117018
   endloop
endfacet
facet normal 0.803710777532144 0.5939848315552 -0.0350856945351845
   outer loop
      vertex -2.15501172772015 -2.08708515719619 0.740424029720873
      vertex -2.45954104252569 -1.71774790354453 0.0172584683007899
      vertex -2.64163493071399 -1.42188779192724 0.854796344991822
   endloop
endfacet
facet normal 0.906936742363303 -0.421207923443123 0.00704489745643006
   outer loop
      vertex -2.80801642966098 1.05595631100628 -1.41608350459129
      vertex -2.60648738684774 1.4853361579803 -1.6880391831843
      vertex -2.65314793792204 1.40028783451832 -0.766075377375542
   endloop
endfacet
facet normal -0.130452386474583 0.990884313547114 0.033622195486761
   outer loop
      vertex 0.59511544791791 -2.94038052021324 -1.98703649965753
      vertex 0.776457099901024 -2.89777748835436 -2.539
      vertex -1.22943686549367e-8 -3 -2.539
   endloop
endfacet
facet normal 0.924738110196405 0.379923367412815 -0.0227521964673556
   outer loop
      vertex -2.59180679805646 -1.51080691074284 -0.819232996093585
      vertex -2.68510554149063 -1.33798663336236 -1.72545064312331
      vertex -2.89589962107594 -0.783431799617686 -1.03281329368625
   endloop
endfacet
facet normal 0.274007694882475 -0.961671203121581 0.0104057787735031
   outer loop
      vertex -0.563828972185558 2.94653981648377 -2.06141848250653
      vertex -0.650532093439553 2.92861878628905 -1.4345376053156
      vertex -1.06558268604812 2.80437756716076 -1.98732146333529
   endloop
endfacet
facet normal 0.923058770345791 0.384622690787625 -0.00528130845571916
   outer loop
      vertex -2.8772563507697 -0.849350276361528 1.36953650319055
      vertex -2.62210178853916 -1.45759466606451 1.66833795548866
      vertex -2.64163493071399 -1.42188779192724 0.854796344991822
   endloop
endfacet
facet normal 0.821672736352445 -0.567666152739942 0.0510788935717904
   outer loop
      vertex -2.42204214629554 1.77022931892117 1.29240323849749
      vertex -2.68402867572512 1.3401455398147 0.727065704771236
      vertex -2.20888320143937 2.02998399067554 0.750242741461323
   endloop
endfacet
facet normal 0.823522935345083 -0.565889133252532 -0.0397424688125391
   outer loop
      vertex -2.68402867572512 1.3401455398147 0.727065704771236
      vertex -2.44404630198848 1.73972344748711 0.0103058295031375
      vertex -2.20888320143937 2.02998399067554 0.750242741461323
   endloop
endfacet
facet normal 0.0932197051003048 -0.995523866632319 -0.0155665521695865
   outer loop
      vertex -0.563828972185558 2.94653981648377 -2.06141848250653
      vertex 0.0567378157050604 2.99946342205885 -1.72978817364049
      vertex -0.650532093439553 2.92861878628905 -1.4345376053156
   endloop
endfacet
facet normal -0.739991688166844 -0.672599507027183 0.00471217473936645
   outer loop
      vertex 2.01420141851845 2.22328420262418 -1.42938788668998
      vertex 2.39642122115141 1.80476184878093 -1.14468958908048
      vertex 2.04219248892818 2.19760092786778 -0.699660808157006
   endloop
endfacet
facet normal 0.269565810189931 -0.962737043664806 -0.0217177055002233
   outer loop
      vertex -0.563828972185558 2.94653981648377 -2.06141848250653
      vertex -1.06558268604812 2.80437756716076 -1.98732146333529
      vertex -0.776457173860056 2.89777746853709 -2.539
   endloop
endfacet
facet normal -0.77579580314049 0.630645176528692 -0.0206768747807033
   outer loop
      vertex 2.12861299672513 -2.11400253315195 1.4803648665671
      vertex 2.50044753203566 -1.65763751753414 1.44828670544144
      vertex 2.27615752953832 -1.9542535405433 0.816845943405749
   endloop
endfacet
facet normal 0.689822059630236 0.723915643187413 0.00957431961306516
   outer loop
      vertex -2.3025290572477 -1.92311204575553 -1.92559550224094
      vertex -2.26835348178192 -1.9633065175076 -1.34880871870916
      vertex -1.81708364091185 -2.38709175398235 -1.81997839178922
   endloop
endfacet
facet normal -0.753400335962513 -0.657225190194241 -0.0210471647904436
   outer loop
      vertex 2.28889202559796 1.93932289605266 0.698380103498476
      vertex 2.44269342963803 1.74162246448626 1.36638809423743
      vertex 2.04841501612781 2.19180198049507 1.42246078538967
   endloop
endfacet
facet normal 0.683389979805004 0.730050483726459 -0.00210397549408954
   outer loop
      vertex -2.26835348178192 -1.9633065175076 -1.34880871870916
      vertex -1.8073453544616 -2.39447338045468 -1.21821881459069
      vertex -1.81708364091185 -2.38709175398235 -1.81997839178922
   endloop
endfacet
facet normal 0.679772720467748 0.733127148580136 0.0208238450492468
   outer loop
      vertex -2.15108285560424 -2.09113427314592 -0.676664579158511
      vertex -1.8073453544616 -2.39447338045468 -1.21821881459069
      vertex -2.26835348178192 -1.9633065175076 -1.34880871870916
   endloop
endfacet
facet normal 0.370980394388404 -0.928080480968338 -0.0322516329044378
   outer loop
      vertex -1.31230482719341 2.69775018126677 -1.36321268919508
      vertex -0.719017187936711 2.91256146432167 -0.720270870911367
      vertex -1.48672690052479 2.60569436489699 -0.720515408121052
   endloop
endfacet
facet normal 0.370906915237264 -0.927951461024883 0.0365259662563767
   outer loop
      vertex -0.719017187936711 2.91256146432167 -0.720270870911367
      vertex -1.0104207447706 2.8247212107635 0.00721440741949797
      vertex -1.48672690052479 2.60569436489699 -0.720515408121052
   endloop
endfacet
facet normal -0.0597479357972064 -0.99817537576774 0.0087237250589025
   outer loop
      vertex -0.0991314924364202 2.99836171053583 1.67260388349113
      vertex 0.428510418984245 2.96923876116791 1.95410107673231
      vertex -1.22943607824602e-8 3 2.539
   endloop
endfacet
facet normal 0.382311116643815 -0.922980665468726 0.0441010346983677
   outer loop
      vertex -1.50000000002581 2.59807621133841 -2.539
      vertex -0.776457173860056 2.89777746853709 -2.539
      vertex -1.06558268604812 2.80437756716076 -1.98732146333529
   endloop
endfacet
facet normal 0.369914863690578 0.928461298760592 -0.0335053775471182
   outer loop
      vertex -1.48261464627381 -2.60803638982557 -0.637891633716123
      vertex -0.742487133491764 -2.90666696692263 -0.741838095798123
      vertex -1.28574018015147 -2.7105114257542 -1.30397317891432
   endloop
endfacet
facet normal 0.378117810857873 0.925113689502981 0.0345193077310679
   outer loop
      vertex -1.48261464627381 -2.60803638982557 -0.637891633716123
      vertex -1.00940806203183 -2.82508324909287 -0.00447270118584875
      vertex -0.742487133491764 -2.90666696692263 -0.741838095798123
   endloop
endfacet
facet normal 0.46529855162897 0.884666371782394 -0.0293712187244297
   outer loop
      vertex -1.03983775833067 -2.81402513072464 1.86329863420444
      vertex -1.19651470289885 -2.75106389706725 1.27762769558955
      vertex -1.73081619325034 -2.45036228039496 1.87041544403749
   endloop
endfacet
facet normal 0.50000179679363 -0.865362831326801 -0.0338433650987026
   outer loop
      vertex -1.78194287660313 2.41343729657999 2.00142488975291
      vertex -1.49712863475533 2.59973188059762 1.44578345293993
      vertex -1.20981528279487 2.74524078752957 1.9699391474282
   endloop
endfacet
facet normal 0.350725141758951 0.935455933414916 0.0437501037369155
   outer loop
      vertex -0.649390063317492 -2.92887223102417 0.693434663269964
      vertex -1.46529358514071 -2.61780723303789 0.58304133209224
      vertex -1.19651470289885 -2.75106389706725 1.27762769558955
   endloop
endfacet
facet normal 0.361493443601545 0.931138075750347 -0.04800389693596
   outer loop
      vertex -0.649390063317492 -2.92887223102417 0.693434663269964
      vertex -1.00940806203183 -2.82508324909287 -0.00447270118584875
      vertex -1.46529358514071 -2.61780723303789 0.58304133209224
   endloop
endfacet
facet normal 0.102701419499572 -0.994663259595855 -0.00987007816187795
   outer loop
      vertex -1.22943607824602e-8 3 2.539
      vertex -0.559510410818285 2.94736290608842 2.02164556129296
      vertex -0.0991314924364202 2.99836171053583 1.67260388349113
   endloop
endfacet
facet normal 0.13042039132783 -0.990641157203559 -0.040256914689146
   outer loop
      vertex -0.776457173860056 2.89777746853709 2.539
      vertex -0.559510410818285 2.94736290608842 2.02164556129296
      vertex -1.22943607824602e-8 3 2.539
   endloop
endfacet
facet normal 0.142135250064371 -0.988913586091783 0.0429824374858964
   outer loop
      vertex -0.858257767808124 2.87461190493552 1.33573929644387
      vertex -0.0991314924364202 2.99836171053583 1.67260388349113
      vertex -0.559510410818285 2.94736290608842 2.02164556129296
   endloop
endfacet
facet normal 0.381319866760555 -0.923834422730763 -0.0335427874725739
   outer loop
      vertex -1.50689339328105 2.59408409680294 0.715432854535801
      vertex -1.0104207447706 2.8247212107635 0.00721440741949797
      vertex -0.774891248890368 2.89819660347485 0.661095036593733
   endloop
endfacet
facet normal -0.120923834817706 -0.992630982824989 0.0078203650091244
   outer loop
      vertex -1.22943607824602e-8 3 -2.539
      vertex 0.688309006935108 2.91997101200885 -2.05389308539047
      vertex 0.0567378157050604 2.99946342205885 -1.72978817364049
   endloop
endfacet
facet normal -0.130495631046721 -0.991212788704491 0.021635567623358
   outer loop
      vertex -1.22943607824602e-8 3 -2.539
      vertex 0.776457099901028 2.89777748835436 -2.539
      vertex 0.688309006935108 2.91997101200885 -2.05389308539047
   endloop
endfacet
facet normal 0.155092793015882 -0.987809336101136 0.0133768855107148
   outer loop
      vertex -0.0991314924364202 2.99836171053583 1.67260388349113
      vertex -0.858257767808124 2.87461190493552 1.33573929644387
      vertex -0.0208192221725575 2.99992775912823 0.880288565117018
   endloop
endfacet
facet normal 0.138666143590413 -0.990184898791681 -0.0174804698641266
   outer loop
      vertex -0.774891248890368 2.89819660347485 0.661095036593733
      vertex -0.0208192221725575 2.99992775912823 0.880288565117018
      vertex -0.858257767808124 2.87461190493552 1.33573929644387
   endloop
endfacet
facet normal -0.596710629114882 0.80136525682565 0.0418347971679337
   outer loop
      vertex 1.42608161467416 -2.63937326429748 -0.144821804398945
      vertex 1.99986698963772 -2.23618693846408 0.316141791144258
      vertex 2.15010994536228 -2.09213460916218 -0.30025807171044
   endloop
endfacet
facet normal 0.611285919123402 -0.790107550737061 -0.0453826326885099
   outer loop
      vertex -1.89653903325711 2.32446546443095 -1.34435115330175
      vertex -1.48672690052479 2.60569436489699 -0.720515408121052
      vertex -2.147080561317 2.09524343769756 -0.728310518318694
   endloop
endfacet
facet normal 0.610908329060547 -0.790867017026611 0.0363369627773139
   outer loop
      vertex -1.48672690052479 2.60569436489699 -0.720515408121052
      vertex -1.92972925309433 2.29698607086591 0.00840130153171881
      vertex -2.147080561317 2.09524343769756 -0.728310518318694
   endloop
endfacet
facet normal -0.680935771069502 0.731338423368478 0.0383482226822928
   outer loop
      vertex 2.03613396445951 -2.20321548623243 -1.35845098492116
      vertex 2.30360156745131 -1.92182720826713 -1.97547569759726
      vertex 1.76275225294681 -2.42748933977699 -1.93566939356908
   endloop
endfacet
facet normal -0.683925632244845 0.728627337006815 -0.0367142114833691
   outer loop
      vertex 1.76275225294681 -2.42748933977699 -1.93566939356908
      vertex 2.30360156745131 -1.92182720826713 -1.97547569759726
      vertex 2.12132034822199 -2.12132033889729 -2.539
   endloop
endfacet
facet normal 0.83352198019608 0.552095353083063 -0.0207805109199149
   outer loop
      vertex -2.3025290572477 -1.92311204575553 -1.92559550224094
      vertex -2.59807617853735 -1.50000005683892 -2.539
      vertex -2.68510554149063 -1.33798663336236 -1.72545064312331
   endloop
endfacet
facet normal 0.792791317982214 0.608330205783601 0.0376335869045855
   outer loop
      vertex -2.12132028332661 -2.12132040379267 -2.539
      vertex -2.59807617853735 -1.50000005683892 -2.539
      vertex -2.3025290572477 -1.92311204575553 -1.92559550224094
   endloop
endfacet
facet normal 0.612774267878882 0.788497745078179 -0.0527162463774371
   outer loop
      vertex -2.15108285560424 -2.09113427314592 -0.676664579158511
      vertex -1.48261464627381 -2.60803638982557 -0.637891633716123
      vertex -1.8073453544616 -2.39447338045468 -1.21821881459069
   endloop
endfacet
facet normal 0.609730980955601 0.791565424488757 0.0406486114996983
   outer loop
      vertex -2.15108285560424 -2.09113427314592 -0.676664579158511
      vertex -1.92757587270276 -2.29879343460307 0.0145442793057089
      vertex -1.48261464627381 -2.60803638982557 -0.637891633716123
   endloop
endfacet
facet normal 0.298780114654879 -0.953882466460626 -0.0289600287605312
   outer loop
      vertex -1.20981528279487 2.74524078752957 1.9699391474282
      vertex -0.858257767808124 2.87461190493552 1.33573929644387
      vertex -0.559510410818285 2.94736290608842 2.02164556129296
   endloop
endfacet
facet normal 0.294342141023323 -0.955168184567765 0.0318817064682276
   outer loop
      vertex -0.776457173860056 2.89777746853709 2.539
      vertex -1.20981528279487 2.74524078752957 1.9699391474282
      vertex -0.559510410818285 2.94736290608842 2.02164556129296
   endloop
endfacet
facet normal 0.615628654692282 0.786758519936792 0.0448596793193975
   outer loop
      vertex -1.46529358514071 -2.61780723303789 0.58304133209224
      vertex -2.15501172772015 -2.08708515719619 0.740424029720873
      vertex -1.67312273524815 -2.49011251006772 1.19563306827193
   endloop
endfacet
facet normal 0.603023749913618 0.796543097007816 -0.0433757034446291
   outer loop
      vertex -1.46529358514071 -2.61780723303789 0.58304133209224
      vertex -1.92757587270276 -2.29879343460307 0.0145442793057089
      vertex -2.15501172772015 -2.08708515719619 0.740424029720873
   endloop
endfacet
facet normal 0.481602168782796 0.876327694005229 -0.0104462310517179
   outer loop
      vertex -1.19651470289885 -2.75106389706725 1.27762769558955
      vertex -1.67312273524815 -2.49011251006772 1.19563306827193
      vertex -1.73081619325034 -2.45036228039496 1.87041544403749
   endloop
endfacet
facet normal 0.923643199351598 0.382585558439739 0.0226170458923666
   outer loop
      vertex -2.59807617853735 -1.50000005683892 -2.539
      vertex -2.89777746934155 -0.77645717085778 -2.539
      vertex -2.68510554149063 -1.33798663336236 -1.72545064312331
   endloop
endfacet
facet normal 0.627114849262679 -0.777395268103818 0.0488217468351906
   outer loop
      vertex -2.20888320143937 2.02998399067554 0.750242741461323
      vertex -1.50689339328105 2.59408409680294 0.715432854535801
      vertex -1.99660456601852 2.2391003119454 1.35331321913647
   endloop
endfacet
facet normal 0.624358388445754 -0.77979896551699 -0.0457184443748182
   outer loop
      vertex -2.20888320143937 2.02998399067554 0.750242741461323
      vertex -1.92972925309433 2.29698607086591 0.00840130153171881
      vertex -1.50689339328105 2.59408409680294 0.715432854535801
   endloop
endfacet
facet normal 0.94428463112128 0.328515696054936 -0.0200990764386892
   outer loop
      vertex -2.89777746934155 -0.77645717085778 -2.539
      vertex -2.93744989145284 -0.609416224926546 -1.67261620389146
      vertex -2.68510554149063 -1.33798663336236 -1.72545064312331
   endloop
endfacet
facet normal 0.608096185862646 -0.792486401831753 -0.0467368339863108
   outer loop
      vertex -1.78194287660313 2.41343729657999 2.00142488975291
      vertex -1.50000000002581 2.59807621133841 2.539
      vertex -2.12132028332661 2.12132040379267 2.539
   endloop
endfacet
facet normal -0.80304016573486 0.594909610861989 -0.0347713548853851
   outer loop
      vertex 2.15010994536228 -2.09213460916218 -0.30025807171044
      vertex 2.60613829602819 -1.48594857985574 -0.460826663652912
      vertex 2.28400727407602 -1.9450734618435 -0.876503753925281
   endloop
endfacet
facet normal -0.795128301450731 0.605763012659756 0.0286732754573217
   outer loop
      vertex 2.15010994536228 -2.09213460916218 -0.30025807171044
      vertex 2.52027610199737 -1.62733167169479 0.145075064556474
      vertex 2.60613829602819 -1.48594857985574 -0.460826663652912
   endloop
endfacet
facet normal -0.92278532210407 0.385065579894948 0.013847327881389
   outer loop
      vertex 2.87262120264941 -0.864897350030091 0.0274309209381121
      vertex 2.8991425740268 -0.771344498564185 -0.806697574491115
      vertex 2.60613829602819 -1.48594857985574 -0.460826663652912
   endloop
endfacet
facet normal -0.931280400626257 0.361984487937586 -0.0410371283347396
   outer loop
      vertex 2.8991425740268 -0.771344498564185 -0.806697574491115
      vertex 2.68614250696417 -1.33590360141749 -0.952878611341888
      vertex 2.60613829602819 -1.48594857985574 -0.460826663652912
   endloop
endfacet
facet normal -0.992539875876903 0.114813136114148 -0.0410187587561713
   outer loop
      vertex 2.94827353865445 -0.554691933662256 -1.38911112951077
      vertex 2.8991425740268 -0.771344498564185 -0.806697574491115
      vertex 3 0 -1.08814285714286
   endloop
endfacet
facet normal -0.991559594277856 0.129651729628008 0
   outer loop
      vertex 3 0 -0.362714285714285
      vertex 3 0 -1.08814285714286
      vertex 2.8991425740268 -0.771344498564185 -0.806697574491115
   endloop
endfacet
facet normal -0.988014610268429 0.142138591675567 -0.0601975967345078
   outer loop
      vertex 2.85303105920647 -0.927477102252778 1.31036388189797
      vertex 3 0 1.08814285714286
      vertex 2.92351411549563 -0.67310119335638 0.754167991038718
   endloop
endfacet
facet normal -0.99360573296585 0.112905480014903 0
   outer loop
      vertex 2.92351411549563 -0.67310119335638 0.754167991038718
      vertex 3 0 1.08814285714286
      vertex 3 0 0.362714285714287
   endloop
endfacet
facet normal -0.992173748312905 -0.121688821756104 0.0279836348305924
   outer loop
      vertex 2.92635426989243 0.660644145574876 -0.826431051963071
      vertex 3 0 -1.08814285714286
      vertex 2.97690270209885 0.371551210786024 -0.291352284256111
   endloop
endfacet
facet normal -0.994438680505919 -0.103800387547769 -0.0178098360065488
   outer loop
      vertex 3 0 -1.08814285714286
      vertex 2.92635426989243 0.660644145574876 -0.826431051963071
      vertex 2.94695659707862 0.561646521341344 -1.39980855509572
   endloop
endfacet
facet normal -0.998073369221827 -0.0620447391016497 0
   outer loop
      vertex 3 0 -1.08814285714286
      vertex 3 0 -0.362714285714285
      vertex 2.97690270209885 0.371551210786024 -0.291352284256111
   endloop
endfacet
facet normal 0.989678699889782 -0.140843750856556 -0.0264406662005092
   outer loop
      vertex -2.93318530079664 0.629622101891688 -0.801834505215604
      vertex -2.8800015936586 0.839994536008359 0.0682320529952336
      vertex -2.99994583498073 0.0180274008606597 -0.0428591878100408
   endloop
endfacet
facet normal 0.912991358637214 0.407944144513128 -0.00532484846979947
   outer loop
      vertex -2.62210178853916 -1.45759466606451 1.66833795548866
      vertex -2.84056390907503 -0.96498532551557 1.95061223599221
      vertex -2.59807617853735 -1.50000005683892 2.539
   endloop
endfacet
facet normal 0.923383516289515 0.382477994188311 -0.0327637880364531
   outer loop
      vertex -2.59807617853735 -1.50000005683892 2.539
      vertex -2.84056390907503 -0.96498532551557 1.95061223599221
      vertex -2.89777746934155 -0.77645717085778 2.539
   endloop
endfacet
facet normal 0.900952167977252 -0.433916065335021 0.00142802705287689
   outer loop
      vertex -2.60648738684774 1.4853361579803 -1.6880391831843
      vertex -2.78818518126507 1.10725940726366 -1.93492124884637
      vertex -2.59807617853735 1.50000005683892 -2.539
   endloop
endfacet
facet normal -0.337358841683982 0.94024473744926 -0.0461394152175162
   outer loop
      vertex 0.849098867385827 -2.87733055337827 -0.775255834868164
      vertex 0.535032868174724 -2.9519044411994 0.00141712386553938
      vertex 1.42608161467416 -2.63937326429748 -0.144821804398945
   endloop
endfacet
facet normal -0.324038180698045 0.944967528060558 0.0451179383507277
   outer loop
      vertex 1.42608161467416 -2.63937326429748 -0.144821804398945
      vertex 0.535032868174724 -2.9519044411994 0.00141712386553938
      vertex 0.936542925235793 -2.85006795518822 0.752169866740649
   endloop
endfacet
facet normal -0.268195727395277 -0.963046356429758 0.0247541344887254
   outer loop
      vertex 1.12658938926753 2.78043096443515 0.102125082028899
      vertex 0.879931787745333 2.86805161196853 0.838577027279533
      vertex 0.464077968315706 2.96388792624214 0.0615187816787168
   endloop
endfacet
facet normal 0.923067587201303 -0.382347132068905 0.0419153916485026
   outer loop
      vertex -2.89777746934155 0.776457170857777 -2.539
      vertex -2.59807617853735 1.50000005683892 -2.539
      vertex -2.78818518126507 1.10725940726366 -1.93492124884637
   endloop
endfacet
facet normal -0.991810040523172 -0.127652445590495 -0.00420673890198038
   outer loop
      vertex 2.89987584728377 0.768583157726095 1.37164517740095
      vertex 2.90553036140666 0.746922565560905 0.695782856304918
      vertex 3 0 1.08814285714286
   endloop
endfacet
facet normal -0.992096295847557 -0.125478841903951 0
   outer loop
      vertex 3 0 1.08814285714286
      vertex 2.90553036140666 0.746922565560905 0.695782856304918
      vertex 3 0 0.362714285714287
   endloop
endfacet
facet normal -0.955365970098486 -0.294296747765389 -0.0257931663913966
   outer loop
      vertex 2.94695659707862 0.561646521341344 -1.39980855509572
      vertex 2.72611375489918 1.25231936635569 -1.10038955460213
      vertex 2.80375467140132 1.06722056885879 -1.86421649604163
   endloop
endfacet
facet normal -0.875613638029919 -0.482208585107376 0.0278502665113519
   outer loop
      vertex 2.40581053969613 1.79222644972308 -1.82261003203938
      vertex 2.80375467140132 1.06722056885879 -1.86421649604163
      vertex 2.72611375489918 1.25231936635569 -1.10038955460213
   endloop
endfacet
facet normal -0.990929587759365 0.130458345331318 0.032236194509742
   outer loop
      vertex 2.93882412382285 -0.602754319135793 -1.98020744930745
      vertex 3 0 -2.539
      vertex 2.89777749401032 -0.776457078792686 -2.539
   endloop
endfacet
facet normal -0.995074428625172 0.0988175271038433 0.00787260016572328
   outer loop
      vertex 2.93882412382285 -0.602754319135793 -1.98020744930745
      vertex 2.94827353865445 -0.554691933662256 -1.38911112951077
      vertex 3 0 -1.81357142857143
   endloop
endfacet
facet normal -0.994888948896882 0.100975142301749 0
   outer loop
      vertex 3 0 -1.81357142857143
      vertex 3 0 -2.539
      vertex 2.93882412382285 -0.602754319135793 -1.98020744930745
   endloop
endfacet
facet normal -0.876894227392099 -0.479021034170618 -0.0399419927961316
   outer loop
      vertex 2.59807624304469 1.49999994510894 -2.539
      vertex 2.80375467140132 1.06722056885879 -1.86421649604163
      vertex 2.40581053969613 1.79222644972308 -1.82261003203938
   endloop
endfacet
facet normal -0.792856660864422 -0.608380298788832 0.0353797593057176
   outer loop
      vertex 2.59807624304469 1.49999994510894 -2.539
      vertex 2.40581053969613 1.79222644972308 -1.82261003203938
      vertex 2.12132034822198 2.12132033889731 -2.539
   endloop
endfacet
facet normal -0.932908057377121 0.359070008023035 -0.0274095935610944
   outer loop
      vertex 2.80169420214222 -1.0726181043049 -1.43669395450132
      vertex 2.68614250696417 -1.33590360141749 -0.952878611341888
      vertex 2.8991425740268 -0.771344498564185 -0.806697574491115
   endloop
endfacet
facet normal -0.962492647279573 0.270608223979395 0.019470311951176
   outer loop
      vertex 2.8991425740268 -0.771344498564185 -0.806697574491115
      vertex 2.94827353865445 -0.554691933662256 -1.38911112951077
      vertex 2.80169420214222 -1.0726181043049 -1.43669395450132
   endloop
endfacet
facet normal 0.8632572627819 -0.504502757101316 -0.0162439629239056
   outer loop
      vertex -2.68402867572512 1.3401455398147 0.727065704771236
      vertex -2.42204214629554 1.77022931892117 1.29240323849749
      vertex -2.74162797290463 1.21798031929374 1.46024140882572
   endloop
endfacet
facet normal 0.482645227331258 0.875614611886892 -0.0187786044349896
   outer loop
      vertex -1.46529358514071 -2.61780723303789 0.58304133209224
      vertex -1.67312273524815 -2.49011251006772 1.19563306827193
      vertex -1.19651470289885 -2.75106389706725 1.27762769558955
   endloop
endfacet
facet normal 0.00792170920592866 0.999672474372808 -0.0243349646517929
   outer loop
      vertex 0.181414293947436 -2.99450978524892 0.72706569477017
      vertex -0.388837371394538 -2.97469418572851 1.35545130188001
      vertex 0.361754023063447 -2.97810913614619 1.45950466138547
   endloop
endfacet
facet normal -0.597205982588582 -0.80132724741595 0.0349235867170649
   outer loop
      vertex 1.79783095189207 2.4016252556173 1.9518109161286
      vertex 1.49004855384851 2.60379632597751 1.32746776647334
      vertex 2.04841501612781 2.19180198049507 1.42246078538967
   endloop
endfacet
facet normal -0.949786196306487 -0.312273247630095 0.0197888888068405
   outer loop
      vertex 2.72611375489918 1.25231936635569 -1.10038955460213
      vertex 2.94695659707862 0.561646521341344 -1.39980855509572
      vertex 2.92635426989243 0.660644145574876 -0.826431051963071
   endloop
endfacet
facet normal -0.990213634374329 0.138647275516999 -0.0159339665776115
   outer loop
      vertex 3 0 -0.362714285714285
      vertex 2.8991425740268 -0.771344498564185 -0.806697574491115
      vertex 2.87262120264941 -0.864897350030091 0.0274309209381121
   endloop
endfacet
facet normal -0.989328156094614 0.145704493954137 0
   outer loop
      vertex 3 0 -0.362714285714285
      vertex 2.87262120264941 -0.864897350030091 0.0274309209381121
      vertex 3 0 0.362714285714287
   endloop
endfacet
facet normal -0.953175413500677 -0.299268248672742 -0.0435332796164512
   outer loop
      vertex 2.89987584728377 0.768583157726095 1.37164517740095
      vertex 2.95411272883407 0.522702578279975 1.87440969658305
      vertex 2.71765287349052 1.27057579829332 1.91054323911923
   endloop
endfacet
facet normal -0.942281728969102 -0.334752085948721 -0.00679589611314013
   outer loop
      vertex 2.71765287349052 1.27057579829332 1.91054323911923
      vertex 2.73937944699 1.22302912696663 1.24010835322875
      vertex 2.89987584728377 0.768583157726095 1.37164517740095
   endloop
endfacet
facet normal -0.952608436939609 0.301016960389856 -0.0438857087116821
   outer loop
      vertex 2.71000103281499 -1.2868156053381 1.95031312165944
      vertex 2.95439709209813 -0.521092911295192 1.89748885987494
      vertex 2.85303105920647 -0.927477102252778 1.31036388189797
   endloop
endfacet
facet normal 0.465736777547749 0.884247615276274 0.0345746860818829
   outer loop
      vertex -1.50000000002581 -2.59807621133841 2.539
      vertex -1.03983775833067 -2.81402513072464 1.86329863420444
      vertex -1.73081619325034 -2.45036228039496 1.87041544403749
   endloop
endfacet
facet normal 0.382453891220625 0.923325353781914 -0.0346310865221497
   outer loop
      vertex -1.03983775833067 -2.81402513072464 1.86329863420444
      vertex -1.50000000002581 -2.59807621133841 2.539
      vertex -0.776457173860046 -2.8977774685371 2.539
   endloop
endfacet
facet normal 0.326095955959167 -0.944777814663014 -0.0325008988746098
   outer loop
      vertex -0.650532093439553 2.92861878628905 -1.4345376053156
      vertex -1.31230482719341 2.69775018126677 -1.36321268919508
      vertex -1.06558268604812 2.80437756716076 -1.98732146333529
   endloop
endfacet
facet normal 0.585571936233487 -0.810618943830315 -0.00156057655682522
   outer loop
      vertex -1.49712863475533 2.59973188059762 1.44578345293993
      vertex -1.99660456601852 2.2391003119454 1.35331321913647
      vertex -1.50689339328105 2.59408409680294 0.715432854535801
   endloop
endfacet
facet normal 0.58203741505258 -0.812751132656551 0.0258465441481784
   outer loop
      vertex -1.78194287660313 2.41343729657999 2.00142488975291
      vertex -1.99660456601852 2.2391003119454 1.35331321913647
      vertex -1.49712863475533 2.59973188059762 1.44578345293993
   endloop
endfacet
facet normal 0.573552131000477 0.81916395250474 0.00289343077062891
   outer loop
      vertex -1.92757587270276 -2.29879343460307 0.0145442793057089
      vertex -1.49999999302095 -2.59807621538267 -0.0115117565407292
      vertex -1.48261464627381 -2.60803638982557 -0.637891633716123
   endloop
endfacet
facet normal 0.330381477104801 -0.943789521464985 0.0104603422001197
   outer loop
      vertex -0.719017187936711 2.91256146432167 -0.720270870911367
      vertex -1.31230482719341 2.69775018126677 -1.36321268919508
      vertex -0.650532093439553 2.92861878628905 -1.4345376053156
   endloop
endfacet
facet normal 0.57119562705194 -0.820807296896142 0.00330711336223383
   outer loop
      vertex -1.92972925309433 2.29698607086591 0.00840130153171881
      vertex -1.48333309577758 2.60762783521171 0.00764351184671153
      vertex -1.50689339328105 2.59408409680294 0.715432854535801
   endloop
endfacet
facet normal -0.608190310658817 -0.792609042581517 -0.0433064849502058
   outer loop
      vertex 1.79783095189207 2.4016252556173 1.9518109161286
      vertex 2.12132034822198 2.12132033889731 2.539
      vertex 1.49999999994224 2.59807621138666 2.539
   endloop
endfacet
facet normal 0.571194349594708 -0.82081470623199 -0.000482725978093605
   outer loop
      vertex -1.48672690052479 2.60569436489699 -0.720515408121052
      vertex -1.48333309577758 2.60762783521171 0.00764351184671153
      vertex -1.92972925309433 2.29698607086591 0.00840130153171881
   endloop
endfacet
facet normal -0.867212999200276 -0.497885213888805 0.00720609526448418
   outer loop
      vertex 2.71765287349052 1.27057579829332 1.91054323911923
      vertex 2.44269342963803 1.74162246448626 1.36638809423743
      vertex 2.73937944699 1.22302912696663 1.24010835322875
   endloop
endfacet
facet normal -0.697355559111387 -0.715207433383264 -0.0466213621612365
   outer loop
      vertex 2.04841501612781 2.19180198049507 1.42246078538967
      vertex 2.35307409247479 1.86092512351355 1.94131922285249
      vertex 1.79783095189207 2.4016252556173 1.9518109161286
   endloop
endfacet
facet normal -0.536914264041791 -0.843467050368333 0.016923593336134
   outer loop
      vertex 1.35873941649116 2.67466394114723 0.693604124203121
      vertex 1.84500601801317 2.36557663023103 0.715970062216847
      vertex 1.49004855384851 2.60379632597751 1.32746776647334
   endloop
endfacet
facet normal -0.696642935078818 -0.716193330835442 0.0419014781553589
   outer loop
      vertex 1.79783095189207 2.4016252556173 1.9518109161286
      vertex 2.35307409247479 1.86092512351355 1.94131922285249
      vertex 2.12132034822198 2.12132033889731 2.539
   endloop
endfacet
facet normal 0.419869590841827 0.907567111490366 0.00560935177633235
   outer loop
      vertex -1.00940806203183 -2.82508324909287 -0.00447270118584875
      vertex -1.49999999302095 -2.59807621538267 -0.0115117565407292
      vertex -1.46529358514071 -2.61780723303789 0.58304133209224
   endloop
endfacet
facet normal -0.963890409957268 -0.266195624846868 0.00742744268211863
   outer loop
      vertex 2.80375467140132 1.06722056885879 -1.86421649604163
      vertex 2.95569294724195 0.513691737936503 -1.98472985012563
      vertex 2.94695659707862 0.561646521341344 -1.39980855509572
   endloop
endfacet
facet normal -0.996051227802651 -0.0884522917678207 -0.00762519992212493
   outer loop
      vertex 3 0 -1.81357142857143
      vertex 2.94695659707862 0.561646521341344 -1.39980855509572
      vertex 2.95569294724195 0.513691737936503 -1.98472985012563
   endloop
endfacet
facet normal -0.995569903545923 -0.0940242902316333 0
   outer loop
      vertex 3 0 -1.81357142857143
      vertex 3 0 -1.08814285714286
      vertex 2.94695659707862 0.561646521341344 -1.39980855509572
   endloop
endfacet
facet normal -0.965324335537345 -0.260087706710234 -0.0224346169478239
   outer loop
      vertex 2.80375467140132 1.06722056885879 -1.86421649604163
      vertex 2.89777749401031 0.776457078792702 -2.539
      vertex 2.95569294724195 0.513691737936503 -1.98472985012563
   endloop
endfacet
facet normal -0.995680130920104 0.0928497543934549 0
   outer loop
      vertex 2.94827353865445 -0.554691933662256 -1.38911112951077
      vertex 3 0 -1.08814285714286
      vertex 3 0 -1.81357142857143
   endloop
endfacet
facet normal -0.996168721388272 -0.0874521499315758 0
   outer loop
      vertex 3 0 1.81357142857143
      vertex 3 0 2.539
      vertex 2.95411272883407 0.522702578279975 1.87440969658305
   endloop
endfacet
facet normal -0.990865417267206 -0.130449897126401 -0.0341840489643607
   outer loop
      vertex 2.95411272883407 0.522702578279975 1.87440969658305
      vertex 3 0 2.539
      vertex 2.89777749401031 0.776457078792702 2.539
   endloop
endfacet
facet normal -0.996192509181678 0.0871807584866754 0
   outer loop
      vertex 2.95439709209813 -0.521092911295192 1.89748885987494
      vertex 3 0 2.539
      vertex 3 0 1.81357142857143
   endloop
endfacet
facet normal -0.990819082405663 0.130443797026603 -0.0355241010876108
   outer loop
      vertex 2.89777749401032 -0.776457078792686 2.539
      vertex 3 0 2.539
      vertex 2.95439709209813 -0.521092911295192 1.89748885987494
   endloop
endfacet
facet normal -0.951206246818231 0.306214296911131 0.0379404847253842
   outer loop
      vertex 2.71000103281499 -1.2868156053381 1.95031312165944
      vertex 2.89777749401032 -0.776457078792686 2.539
      vertex 2.95439709209813 -0.521092911295192 1.89748885987494
   endloop
endfacet
facet normal -0.952410454129199 -0.302815334696629 0.0348883925966918
   outer loop
      vertex 2.95411272883407 0.522702578279975 1.87440969658305
      vertex 2.89777749401031 0.776457078792702 2.539
      vertex 2.71765287349052 1.27057579829332 1.91054323911923
   endloop
endfacet
facet normal -0.923113698902658 0.382366191727078 0.0407086516895868
   outer loop
      vertex 2.69856166278755 -1.31063532385377 -2.03903653811389
      vertex 2.89777749401032 -0.776457078792686 -2.539
      vertex 2.59807624304469 -1.49999994510893 -2.539
   endloop
endfacet
facet normal -0.945694345998663 0.323564671002482 -0.0311144279268711
   outer loop
      vertex 2.93882412382285 -0.602754319135793 -1.98020744930745
      vertex 2.89777749401032 -0.776457078792686 -2.539
      vertex 2.69856166278755 -1.31063532385377 -2.03903653811389
   endloop
endfacet
facet normal -0.947232506618021 0.318481244778256 0.0363355904126146
   outer loop
      vertex 2.69856166278755 -1.31063532385377 -2.03903653811389
      vertex 2.80169420214222 -1.0726181043049 -1.43669395450132
      vertex 2.93882412382285 -0.602754319135793 -1.98020744930745
   endloop
endfacet
facet normal -0.923275905675508 -0.382433379968431 0.0361429368617361
   outer loop
      vertex 2.59807624304469 1.49999994510894 -2.539
      vertex 2.89777749401031 0.776457078792702 -2.539
      vertex 2.80375467140132 1.06722056885879 -1.86421649604163
   endloop
endfacet
facet normal 0.960193328561243 -0.279330584959286 0.0017877619483068
   outer loop
      vertex -2.93752887997104 0.609035367886038 -1.68552526077693
      vertex -2.80801642966098 1.05595631100628 -1.41608350459129
      vertex -2.93318530079664 0.629622101891688 -0.801834505215604
   endloop
endfacet
facet normal 0.824238450196389 0.566222233617372 0.00483315375387817
   outer loop
      vertex -2.59807617853735 -1.50000005683892 2.539
      vertex -2.31225562495181 -1.91140626892315 1.99340473746383
      vertex -2.62210178853916 -1.45759466606451 1.66833795548866
   endloop
endfacet
facet normal 0.792606413797191 0.608188323804858 -0.0433824341755198
   outer loop
      vertex -2.12132028332661 -2.12132040379267 2.539
      vertex -2.31225562495181 -1.91140626892315 1.99340473746383
      vertex -2.59807617853735 -1.50000005683892 2.539
   endloop
endfacet
facet normal -0.130402955463277 -0.99050884771602 -0.0434429718449894
   outer loop
      vertex 0.776457099901028 2.89777748835436 2.539
      vertex -1.22943607824602e-8 3 2.539
      vertex 0.428510418984245 2.96923876116791 1.95410107673231
   endloop
endfacet
facet normal 0.808651737031983 -0.588283749367541 -0.00214439390639523
   outer loop
      vertex -2.59807617853735 1.50000005683892 -2.539
      vertex -2.21819786619437 2.01980153144084 -1.88683589565133
      vertex -2.60648738684774 1.4853361579803 -1.6880391831843
   endloop
endfacet
facet normal 0.793141952770462 -0.608599257333551 0.0230821733922144
   outer loop
      vertex -2.12132028332661 2.12132040379267 -2.539
      vertex -2.21819786619437 2.01980153144084 -1.88683589565133
      vertex -2.59807617853735 1.50000005683892 -2.539
   endloop
endfacet
facet normal -0.241058370449296 -0.970356295097757 -0.0173067212517366
   outer loop
      vertex 1.06561169787433 2.80436654333085 1.8230217668473
      vertex 0.427375284239842 2.96940235845884 1.4595033278321
      vertex 0.879931787745333 2.86805161196853 0.838577027279533
   endloop
endfacet
facet normal 0.693808856220241 0.719631201949069 -0.0275718010238616
   outer loop
      vertex -2.3025290572477 -1.92311204575553 -1.92559550224094
      vertex -1.81708364091185 -2.38709175398235 -1.81997839178922
      vertex -2.12132028332661 -2.12132040379267 -2.539
   endloop
endfacet
facet normal -0.923278637311175 -0.382434511448907 -0.0360610917424335
   outer loop
      vertex 2.71765287349052 1.27057579829332 1.91054323911923
      vertex 2.89777749401031 0.776457078792702 2.539
      vertex 2.59807624304469 1.49999994510894 2.539
   endloop
endfacet
facet normal -0.996300903947694 -0.0859331646863273 0
   outer loop
      vertex 2.95569294724195 0.513691737936503 -1.98472985012563
      vertex 3 0 -2.539
      vertex 3 0 -1.81357142857143
   endloop
endfacet
facet normal -0.990583297100541 -0.130412755304638 0.0416802682245963
   outer loop
      vertex 2.89777749401031 0.776457078792702 -2.539
      vertex 3 0 -2.539
      vertex 2.95569294724195 0.513691737936503 -1.98472985012563
   endloop
endfacet
facet normal 0.95525505159839 -0.294251025641753 -0.0300685933248229
   outer loop
      vertex -2.91487885275155 0.70956414352882 0.93155698304558
      vertex -2.74162797290463 1.21798031929374 1.46024140882572
      vertex -2.9620713985365 0.475534467701365 1.7225003480064
   endloop
endfacet
facet normal 0.608374642278474 0.792849293308754 0.035641166259645
   outer loop
      vertex -1.50000000002581 -2.59807621133841 -2.539
      vertex -2.12132028332661 -2.12132040379267 -2.539
      vertex -1.81708364091185 -2.38709175398235 -1.81997839178922
   endloop
endfacet
facet normal -0.232965530123029 0.972394197061373 -0.0132886152726577
   outer loop
      vertex 0.936542925235793 -2.85006795518822 0.752169866740649
      vertex 0.361754023063447 -2.97810913614619 1.45950466138547
      vertex 1.0564293561707 -2.80783849525231 1.74055545695567
   endloop
endfacet
facet normal 0.960531470566147 -0.277263267841039 0.0224582803914896
   outer loop
      vertex -2.78370459337143 1.11847607790368 2.03139141577096
      vertex -2.9620713985365 0.475534467701365 1.7225003480064
      vertex -2.74162797290463 1.21798031929374 1.46024140882572
   endloop
endfacet
facet normal 0.994902290642509 0.100786966608608 -0.00337926561908432
   outer loop
      vertex -2.99993493325251 0.0197584475924167 -1.30386877967928
      vertex -2.93744989145284 -0.609416224926546 -1.67261620389146
      vertex -2.99999619283895 -0.00477943006869049 -2.05374932918037
   endloop
endfacet
facet normal 0.959774225133966 -0.2794318587165 0.0274093615893714
   outer loop
      vertex -2.89777746934155 0.776457170857777 2.539
      vertex -2.9620713985365 0.475534467701365 1.7225003480064
      vertex -2.78370459337143 1.11847607790368 2.03139141577096
   endloop
endfacet
facet normal -0.288924472679275 -0.957183084765797 0.0179775227780645
   outer loop
      vertex 0.902192275624017 2.86112724250502 -0.745534482249995
      vertex 0.604744152781122 2.938415305854 -1.4108772715506
      vertex 1.15495114042305 2.76877009938267 -1.60073981931087
   endloop
endfacet
facet normal -0.849723379034157 -0.526347500506465 0.0304710983289326
   outer loop
      vertex 2.71765287349052 1.27057579829332 1.91054323911923
      vertex 2.59807624304469 1.49999994510894 2.539
      vertex 2.35307409247479 1.86092512351355 1.94131922285249
   endloop
endfacet
facet normal -0.923245386290932 0.38242073842616 -0.037045047092661
   outer loop
      vertex 2.59807624304469 -1.49999994510893 2.539
      vertex 2.89777749401032 -0.776457078792686 2.539
      vertex 2.71000103281499 -1.2868156053381 1.95031312165944
   endloop
endfacet
facet normal -0.0352000429002379 -0.999044068278355 -0.0259211615799831
   outer loop
      vertex 0.464077968315706 2.96388792624214 0.0615187816787168
      vertex -0.245505056197083 2.98993766948103 0.0211082253992736
      vertex 0.132199454849986 2.99708580193116 -0.767302211107633
   endloop
endfacet
facet normal -0.037902479965502 -0.999049514130533 0.0215283610154288
   outer loop
      vertex -0.0208192221725575 2.99992775912823 0.880288565117018
      vertex -0.245505056197083 2.98993766948103 0.0211082253992736
      vertex 0.464077968315706 2.96388792624214 0.0615187816787168
   endloop
endfacet
facet normal 0.417197892209443 -0.90881554732911 0.00046868847699534
   outer loop
      vertex -1.0104207447706 2.8247212107635 0.00721440741949797
      vertex -1.48333309577758 2.60762783521171 0.00764351184671153
      vertex -1.48672690052479 2.60569436489699 -0.720515408121052
   endloop
endfacet
facet normal 0.417192401340667 -0.908811436909142 -0.00350319950170801
   outer loop
      vertex -1.50689339328105 2.59408409680294 0.715432854535801
      vertex -1.48333309577758 2.60762783521171 0.00764351184671153
      vertex -1.0104207447706 2.8247212107635 0.00721440741949797
   endloop
endfacet
facet normal 0.573168679630037 0.819413459003373 -0.00626481406641526
   outer loop
      vertex -1.46529358514071 -2.61780723303789 0.58304133209224
      vertex -1.49999999302095 -2.59807621538267 -0.0115117565407292
      vertex -1.92757587270276 -2.29879343460307 0.0145442793057089
   endloop
endfacet
facet normal -0.996192509181678 0.0871807584866754 0
   outer loop
      vertex 3 0 1.81357142857143
      vertex 3 0 1.08814285714286
      vertex 2.95439709209813 -0.521092911295192 1.89748885987494
   endloop
endfacet
facet normal -0.984233022809736 0.16869932691955 0.0531591375748338
   outer loop
      vertex 3 0 1.08814285714286
      vertex 2.85303105920647 -0.927477102252778 1.31036388189797
      vertex 2.95439709209813 -0.521092911295192 1.89748885987494
   endloop
endfacet
facet normal -0.996168721388272 -0.0874521499315758 0
   outer loop
      vertex 2.95411272883407 0.522702578279975 1.87440969658305
      vertex 3 0 1.08814285714286
      vertex 3 0 1.81357142857143
   endloop
endfacet
facet normal -0.989102224009664 -0.142502907515429 0.0370096177876074
   outer loop
      vertex 2.95411272883407 0.522702578279975 1.87440969658305
      vertex 2.89987584728377 0.768583157726095 1.37164517740095
      vertex 3 0 1.08814285714286
   endloop
endfacet
facet normal 0.899980056890352 0.434539574532231 -0.0348030941869582
   outer loop
      vertex -2.87079625187243 -0.87093563495544 -0.0444614406077979
      vertex -2.45954104252569 -1.71774790354453 0.0172584683007899
      vertex -2.59180679805646 -1.51080691074284 -0.819232996093585
   endloop
endfacet
facet normal 0.897653263129726 0.438871261338574 0.0401327193651871
   outer loop
      vertex -2.64163493071399 -1.42188779192724 0.854796344991822
      vertex -2.45954104252569 -1.71774790354453 0.0172584683007899
      vertex -2.87079625187243 -0.87093563495544 -0.0444614406077979
   endloop
endfacet
facet normal 0.737022271143984 0.674932773258915 -0.0355517006455805
   outer loop
      vertex -2.45954104252569 -1.71774790354453 0.0172584683007899
      vertex -1.92757587270276 -2.29879343460307 0.0145442793057089
      vertex -2.15108285560424 -2.09113427314592 -0.676664579158511
   endloop
endfacet
facet normal 0.737219755261597 0.674787834838212 0.034182018758238
   outer loop
      vertex -2.15501172772015 -2.08708515719619 0.740424029720873
      vertex -1.92757587270276 -2.29879343460307 0.0145442793057089
      vertex -2.45954104252569 -1.71774790354453 0.0172584683007899
   endloop
endfacet
facet normal 0.211584016892862 -0.976796082697361 -0.0331906104579623
   outer loop
      vertex -0.245505056197083 2.98993766948103 0.0211082253992736
      vertex -1.0104207447706 2.8247212107635 0.00721440741949797
      vertex -0.719017187936711 2.91256146432167 -0.720270870911367
   endloop
endfacet
facet normal 0.210412350590289 -0.97702148260255 0.0339950768815625
   outer loop
      vertex -0.774891248890368 2.89819660347485 0.661095036593733
      vertex -1.0104207447706 2.8247212107635 0.00721440741949797
      vertex -0.245505056197083 2.98993766948103 0.0211082253992736
   endloop
endfacet
facet normal 0.897517343969134 -0.438114533352632 -0.0501823967123562
   outer loop
      vertex -2.65314793792204 1.40028783451832 -0.766075377375542
      vertex -2.44404630198848 1.73972344748711 0.0103058295031375
      vertex -2.8800015936586 0.839994536008359 0.0682320529952336
   endloop
endfacet
facet normal 0.899800810574998 -0.432102784568283 0.0603795069283646
   outer loop
      vertex -2.8800015936586 0.839994536008359 0.0682320529952336
      vertex -2.44404630198848 1.73972344748711 0.0103058295031375
      vertex -2.68402867572512 1.3401455398147 0.727065704771236
   endloop
endfacet
facet normal -0.0469887842157038 0.998444746475697 -0.0300023731229957
   outer loop
      vertex 0.0796727632860678 -2.99894185518665 -0.850763504296911
      vertex -0.259452576198587 -2.9887596692782 0.0192155910249376
      vertex 0.535032868174724 -2.9519044411994 0.00141712386553938
   endloop
endfacet
facet normal -0.0454934868826923 0.998299642082911 0.0364440292556509
   outer loop
      vertex 0.535032868174724 -2.9519044411994 0.00141712386553938
      vertex -0.259452576198587 -2.9887596692782 0.0192155910249376
      vertex 0.181414293947436 -2.99450978524892 0.72706569477017
   endloop
endfacet
facet normal 0.419973658889935 0.907532053915349 -0.0027743386216199
   outer loop
      vertex -1.48261464627381 -2.60803638982557 -0.637891633716123
      vertex -1.49999999302095 -2.59807621538267 -0.0115117565407292
      vertex -1.00940806203183 -2.82508324909287 -0.00447270118584875
   endloop
endfacet
facet normal 0.734448752905933 -0.677954341866716 -0.0310312696966741
   outer loop
      vertex -2.147080561317 2.09524343769756 -0.728310518318694
      vertex -1.92972925309433 2.29698607086591 0.00840130153171881
      vertex -2.44404630198848 1.73972344748711 0.0103058295031375
   endloop
endfacet
facet normal 0.734523874095973 -0.677806732442809 0.032445521081435
   outer loop
      vertex -2.44404630198848 1.73972344748711 0.0103058295031375
      vertex -1.92972925309433 2.29698607086591 0.00840130153171881
      vertex -2.20888320143937 2.02998399067554 0.750242741461323
   endloop
endfacet
facet normal 0.214050201656858 0.976345122939012 -0.0305403353594088
   outer loop
      vertex -0.742487133491764 -2.90666696692263 -0.741838095798123
      vertex -1.00940806203183 -2.82508324909287 -0.00447270118584875
      vertex -0.259452576198587 -2.9887596692782 0.0192155910249376
   endloop
endfacet
facet normal 0.212010136125484 0.976608960097143 0.0358697816836148
   outer loop
      vertex -0.259452576198587 -2.9887596692782 0.0192155910249376
      vertex -1.00940806203183 -2.82508324909287 -0.00447270118584875
      vertex -0.649390063317492 -2.92887223102417 0.693434663269964
   endloop
endfacet
facet normal -0.792641044269956 -0.608214850360838 -0.042365914827571
   outer loop
      vertex 2.35307409247479 1.86092512351355 1.94131922285249
      vertex 2.59807624304469 1.49999994510894 2.539
      vertex 2.12132034822198 2.12132033889731 2.539
   endloop
endfacet
facet normal 0.537482595749564 -0.842740168165348 -0.0300244604772726
   outer loop
      vertex -1.31230482719341 2.69775018126677 -1.36321268919508
      vertex -1.89653903325711 2.32446546443095 -1.34435115330175
      vertex -1.70981460017177 2.4650626833895 -1.94805195844544
   endloop
endfacet
facet normal 0.467357012726355 -0.88342135997415 0.0338248931546241
   outer loop
      vertex -1.70981460017177 2.4650626833895 -1.94805195844544
      vertex -1.06558268604812 2.80437756716076 -1.98732146333529
      vertex -1.31230482719341 2.69775018126677 -1.36321268919508
   endloop
endfacet
facet normal -0.382509974107837 0.923460783220174 -0.03010484283971
   outer loop
      vertex 1.0564293561707 -2.80783849525231 1.74055545695567
      vertex 0.776457099901024 -2.89777748835436 2.539
      vertex 1.49999999994225 -2.59807621138666 2.539
   endloop
endfacet
facet normal 0.464088877444885 -0.885118345826064 -0.0344532685543427
   outer loop
      vertex -1.50000000002581 2.59807621133841 -2.539
      vertex -1.06558268604812 2.80437756716076 -1.98732146333529
      vertex -1.70981460017177 2.4650626833895 -1.94805195844544
   endloop
endfacet
facet normal -0.845837790140139 0.532478704832259 0.0320134607783447
   outer loop
      vertex 2.33865268925039 -1.87901665747325 1.98885899949774
      vertex 2.59807624304469 -1.49999994510893 2.539
      vertex 2.71000103281499 -1.2868156053381 1.95031312165944
   endloop
endfacet
facet normal -0.792540919173874 0.608138021674293 -0.0452442043703704
   outer loop
      vertex 2.12132034822199 -2.12132033889729 2.539
      vertex 2.59807624304469 -1.49999994510893 2.539
      vertex 2.33865268925039 -1.87901665747325 1.98885899949774
   endloop
endfacet
facet normal -0.943169675200802 -0.332300093497045 0.00275892070735021
   outer loop
      vertex 2.90553036140666 0.746922565560905 0.695782856304918
      vertex 2.89987584728377 0.768583157726095 1.37164517740095
      vertex 2.73937944699 1.22302912696663 1.24010835322875
   endloop
endfacet
facet normal 0.990746801803109 0.13043429711673 -0.0375189132648513
   outer loop
      vertex -3 0 2.539
      vertex -2.89777746934155 -0.77645717085778 2.539
      vertex -2.97116180102334 -0.414966928971136 1.85788841980157
   endloop
endfacet
facet normal 0.991000080218335 -0.130467641854261 -0.0299505498487491
   outer loop
      vertex -2.9620713985365 0.475534467701365 1.7225003480064
      vertex -2.89777746934155 0.776457170857777 2.539
      vertex -3 0 2.539
   endloop
endfacet
facet normal 0.494681295698821 0.868373820668586 0.0348901599763982
   outer loop
      vertex -1.10459580520008 -2.78924149315444 -1.91278680126612
      vertex -1.81708364091185 -2.38709175398235 -1.81997839178922
      vertex -1.28574018015147 -2.7105114257542 -1.30397317891432
   endloop
endfacet
facet normal 0.99925130833368 0.0325978020295841 -0.0208376125376214
   outer loop
      vertex -2.9940397167856 0.189013688156181 0.507850422322675
      vertex -2.97619736215554 -0.377159464283247 0.477760404634079
      vertex -2.99994583498073 0.0180274008606597 -0.0428591878100408
   endloop
endfacet
facet normal -0.990578507909628 0.132558910536909 0.0343853879548083
   outer loop
      vertex 3 0 0.362714285714287
      vertex 2.87262120264941 -0.864897350030091 0.0274309209381121
      vertex 2.92351411549563 -0.67310119335638 0.754167991038718
   endloop
endfacet
facet normal 0.518449507456772 0.855105666715242 0.00209927828376298
   outer loop
      vertex -1.81708364091185 -2.38709175398235 -1.81997839178922
      vertex -1.8073453544616 -2.39447338045468 -1.21821881459069
      vertex -1.28574018015147 -2.7105114257542 -1.30397317891432
   endloop
endfacet
facet normal -0.909159092051449 0.415221749294858 -0.0319475234204816
   outer loop
      vertex 2.52027610199737 -1.62733167169479 0.145075064556474
      vertex 2.87262120264941 -0.864897350030091 0.0274309209381121
      vertex 2.60613829602819 -1.48594857985574 -0.460826663652912
   endloop
endfacet
facet normal -0.832153202749271 0.553533575281857 0.0334907179650593
   outer loop
      vertex 2.68614250696417 -1.33590360141749 -0.952878611341888
      vertex 2.28400727407602 -1.9450734618435 -0.876503753925281
      vertex 2.60613829602819 -1.48594857985574 -0.460826663652912
   endloop
endfacet
facet normal 0.992810828357688 -0.106479815733621 -0.054669076606942
   outer loop
      vertex -2.9940397167856 0.189013688156181 0.507850422322675
      vertex -2.91487885275155 0.70956414352882 0.93155698304558
      vertex -2.99596894594636 -0.15546727927459 1.14376587018242
   endloop
endfacet
facet normal 0.99934531485732 0.0304553880823801 0.0195297467847147
   outer loop
      vertex -2.99596894594636 -0.15546727927459 1.14376587018242
      vertex -2.97619736215554 -0.377159464283247 0.477760404634079
      vertex -2.9940397167856 0.189013688156181 0.507850422322675
   endloop
endfacet
facet normal -0.88425000966137 -0.467007867680023 -0.00236049546191567
   outer loop
      vertex 2.46545765538011 1.70924502325664 -0.517260399001021
      vertex 2.80426956049195 1.06586689229861 -0.149448345919507
      vertex 2.45938556472412 1.71797050150072 0.0310902557030892
   endloop
endfacet
facet normal -0.859174942487718 -0.511409976441258 0.0166809531376024
   outer loop
      vertex 2.46545765538011 1.70924502325664 -0.517260399001021
      vertex 2.39642122115141 1.80476184878093 -1.14468958908048
      vertex 2.72611375489918 1.25231936635569 -1.10038955460213
   endloop
endfacet
facet normal -0.879648418740817 -0.475166386486386 -0.0208701835222267
   outer loop
      vertex 2.72611375489918 1.25231936635569 -1.10038955460213
      vertex 2.80426956049195 1.06586689229861 -0.149448345919507
      vertex 2.46545765538011 1.70924502325664 -0.517260399001021
   endloop
endfacet
facet normal -0.841042123516335 0.539808889122634 -0.0354190583629992
   outer loop
      vertex 2.59807624304469 -1.49999994510893 -2.539
      vertex 2.30360156745131 -1.92182720826713 -1.97547569759726
      vertex 2.69856166278755 -1.31063532385377 -2.03903653811389
   endloop
endfacet
facet normal 0.502768587009649 -0.863791097947785 0.032995257575626
   outer loop
      vertex -1.50000000002581 2.59807621133841 2.539
      vertex -1.78194287660313 2.41343729657999 2.00142488975291
      vertex -1.20981528279487 2.74524078752957 1.9699391474282
   endloop
endfacet
facet normal -0.758994723154024 -0.650727216400364 0.0219339932565814
   outer loop
      vertex 2.06969164096523 2.17172201520329 0.00796759294276139
      vertex 2.45938556472412 1.71797050150072 0.0310902557030892
      vertex 2.28889202559796 1.93932289605266 0.698380103498476
   endloop
endfacet
facet normal -0.752962335730056 0.656464414439661 0.0458496842555361
   outer loop
      vertex 2.27615752953832 -1.9542535405433 0.816845943405749
      vertex 2.52027610199737 -1.62733167169479 0.145075064556474
      vertex 1.99986698963772 -2.23618693846408 0.316141791144258
   endloop
endfacet
facet normal -0.764641447715726 0.643449545336457 -0.0360019310802209
   outer loop
      vertex 1.99986698963772 -2.23618693846408 0.316141791144258
      vertex 2.52027610199737 -1.62733167169479 0.145075064556474
      vertex 2.15010994536228 -2.09213460916218 -0.30025807171044
   endloop
endfacet
facet normal -0.792683614305311 0.608247515497053 0.041080987129473
   outer loop
      vertex 2.12132034822199 -2.12132033889729 -2.539
      vertex 2.30360156745131 -1.92182720826713 -1.97547569759726
      vertex 2.59807624304469 -1.49999994510893 -2.539
   endloop
endfacet
facet normal 0.704417714001024 -0.708498271438614 -0.0427303588806213
   outer loop
      vertex -1.78194287660313 2.41343729657999 2.00142488975291
      vertex -2.38389918358614 1.82127007401356 1.89659936944629
      vertex -1.99660456601852 2.2391003119454 1.35331321913647
   endloop
endfacet
facet normal 0.695957004458108 -0.716332739285014 0.0501124193601227
   outer loop
      vertex -2.12132028332661 2.12132040379267 2.539
      vertex -2.38389918358614 1.82127007401356 1.89659936944629
      vertex -1.78194287660313 2.41343729657999 2.00142488975291
   endloop
endfacet
facet normal 0.0905790185031191 0.995879749528251 -0.00435498410554755
   outer loop
      vertex 0.0383326478147909 -2.99975509135521 -1.68571691122857
      vertex -1.22943686549367e-8 -3 -2.539
      vertex -0.566259784155376 -2.94607363398275 -1.98494022141577
   endloop
endfacet
facet normal 0.130437412009342 0.990770442106529 0.0368783486118628
   outer loop
      vertex -0.566259784155376 -2.94607363398275 -1.98494022141577
      vertex -1.22943686549367e-8 -3 -2.539
      vertex -0.776457173860046 -2.8977774685371 -2.539
   endloop
endfacet
facet normal 0.224934762505064 0.974171379153738 -0.0198614363653302
   outer loop
      vertex -0.388837371394538 -2.97469418572851 1.35545130188001
      vertex -1.03983775833067 -2.81402513072464 1.86329863420444
      vertex -0.282954983019684 -2.98662627015573 1.96934117951274
   endloop
endfacet
facet normal -0.998073369221827 -0.0620447391016497 0
   outer loop
      vertex 2.97690270209885 0.371551210786024 -0.291352284256111
      vertex 3 0 -0.362714285714285
      vertex 3 0 0.362714285714287
   endloop
endfacet
facet normal 0.263733165012865 0.964028195356472 0.0330825668599205
   outer loop
      vertex -0.388837371394538 -2.97469418572851 1.35545130188001
      vertex -1.19651470289885 -2.75106389706725 1.27762769558955
      vertex -1.03983775833067 -2.81402513072464 1.86329863420444
   endloop
endfacet
facet normal 0.217368447126911 0.975419079583472 0.0361742640307631
   outer loop
      vertex -0.776457173860046 -2.8977774685371 2.539
      vertex -0.282954983019684 -2.98662627015573 1.96934117951274
      vertex -1.03983775833067 -2.81402513072464 1.86329863420444
   endloop
endfacet
facet normal -0.904506375080588 0.424423838797325 0.0416247822711061
   outer loop
      vertex 2.67567261025059 -1.35675203436545 0.762896530554756
      vertex 2.87262120264941 -0.864897350030091 0.0274309209381121
      vertex 2.52027610199737 -1.62733167169479 0.145075064556474
   endloop
endfacet
facet normal 0.979963799956628 0.19894010074371 0.00968437352897862
   outer loop
      vertex -2.90016899819286 -0.767476241926123 0.802470578551947
      vertex -2.87079625187243 -0.87093563495544 -0.0444614406077979
      vertex -2.97619736215554 -0.377159464283247 0.477760404634079
   endloop
endfacet
facet normal -0.879894361622697 -0.474115304222668 0.031632114795463
   outer loop
      vertex 2.45938556472412 1.71797050150072 0.0310902557030892
      vertex 2.80426956049195 1.06586689229861 -0.149448345919507
      vertex 2.63361010571296 1.43669684035519 0.661558499053257
   endloop
endfacet
facet normal -0.870143952667842 -0.492273310293091 -0.0227264077378473
   outer loop
      vertex 2.73937944699 1.22302912696663 1.24010835322875
      vertex 2.44269342963803 1.74162246448626 1.36638809423743
      vertex 2.63361010571296 1.43669684035519 0.661558499053257
   endloop
endfacet
facet normal 0.985184715649458 0.169338584973423 -0.0271204662551273
   outer loop
      vertex -2.97619736215554 -0.377159464283247 0.477760404634079
      vertex -2.99596894594636 -0.15546727927459 1.14376587018242
      vertex -2.90016899819286 -0.767476241926123 0.802470578551947
   endloop
endfacet
facet normal -0.858618670949543 -0.512609162485617 -0.00241338613478086
   outer loop
      vertex 2.72611375489918 1.25231936635569 -1.10038955460213
      vertex 2.39642122115141 1.80476184878093 -1.14468958908048
      vertex 2.40581053969613 1.79222644972308 -1.82261003203938
   endloop
endfacet
facet normal -0.891104144603033 0.452564153306756 0.0334528117358766
   outer loop
      vertex 2.68614250696417 -1.33590360141749 -0.952878611341888
      vertex 2.80169420214222 -1.0726181043049 -1.43669395450132
      vertex 2.51845485282397 -1.63014881354046 -1.43900600901749
   endloop
endfacet
facet normal -0.836243697175615 0.54671186705463 -0.0424571943926946
   outer loop
      vertex 2.51845485282397 -1.63014881354046 -1.43900600901749
      vertex 2.28400727407602 -1.9450734618435 -0.876503753925281
      vertex 2.68614250696417 -1.33590360141749 -0.952878611341888
   endloop
endfacet
facet normal 0.987612691847155 0.143366573521549 0.063774575648194
   outer loop
      vertex -2.97619736215554 -0.377159464283247 0.477760404634079
      vertex -2.87079625187243 -0.87093563495544 -0.0444614406077979
      vertex -2.99994583498073 0.0180274008606597 -0.0428591878100408
   endloop
endfacet
facet normal -0.774015768038594 0.632573570538898 0.0273910328993791
   outer loop
      vertex 2.50044753203566 -1.65763751753414 1.44828670544144
      vertex 2.12861299672513 -2.11400253315195 1.4803648665671
      vertex 2.33865268925039 -1.87901665747325 1.98885899949774
   endloop
endfacet
facet normal -0.847713243811615 0.529161608879825 -0.0370168604031271
   outer loop
      vertex 2.33865268925039 -1.87901665747325 1.98885899949774
      vertex 2.71000103281499 -1.2868156053381 1.95031312165944
      vertex 2.50044753203566 -1.65763751753414 1.44828670544144
   endloop
endfacet
facet normal -0.298206304783604 -0.954433632775946 -0.0113771882914362
   outer loop
      vertex 0.688309006935108 2.91997101200885 -2.05389308539047
      vertex 1.15495114042305 2.76877009938267 -1.60073981931087
      vertex 0.604744152781122 2.938415305854 -1.4108772715506
   endloop
endfacet
facet normal -0.1182409269102 -0.992898336013246 0.0131140209525327
   outer loop
      vertex 0.604744152781122 2.938415305854 -1.4108772715506
      vertex 0.0567378157050604 2.99946342205885 -1.72978817364049
      vertex 0.688309006935108 2.91997101200885 -2.05389308539047
   endloop
endfacet
facet normal 0.0886185656127221 -0.996041916128017 -0.00687394681188678
   outer loop
      vertex -0.563828972185558 2.94653981648377 -2.06141848250653
      vertex -1.22943607824602e-8 3 -2.539
      vertex 0.0567378157050604 2.99946342205885 -1.72978817364049
   endloop
endfacet
facet normal 0.130405043701181 -0.990524580413153 0.0430764457057536
   outer loop
      vertex -0.776457173860056 2.89777746853709 -2.539
      vertex -1.22943607824602e-8 3 -2.539
      vertex -0.563828972185558 2.94653981648377 -2.06141848250653
   endloop
endfacet
facet normal -0.596585240965372 -0.802381781255467 0.0164172888015276
   outer loop
      vertex 1.98869827298729 2.24612537028042 -1.98158553934279
      vertex 1.63019670695115 2.51842385166707 -1.70074761148612
      vertex 1.49999999994224 2.59807621138666 -2.539
   endloop
endfacet
facet normal -0.607238247537089 -0.794505185450635 -0.00481881937168932
   outer loop
      vertex 2.01420141851845 2.22328420262418 -1.42938788668998
      vertex 1.63019670695115 2.51842385166707 -1.70074761148612
      vertex 1.98869827298729 2.24612537028042 -1.98158553934279
   endloop
endfacet
facet normal -0.491547368910908 0.869708439337874 0.0445916434014673
   outer loop
      vertex 1.83149093854729 -2.37605575313778 1.86287404330099
      vertex 1.0564293561707 -2.80783849525231 1.74055545695567
      vertex 1.49999999994225 -2.59807621138666 2.539
   endloop
endfacet
facet normal -0.652130362759627 0.757999755579518 0.0127420762981435
   outer loop
      vertex 1.83149093854729 -2.37605575313778 1.86287404330099
      vertex 2.12861299672513 -2.11400253315195 1.4803648665671
      vertex 1.71895627955184 -2.45869666876361 1.01956767022169
   endloop
endfacet
facet normal -0.48401334788432 0.874805254294812 -0.0211387352507603
   outer loop
      vertex 1.71895627955184 -2.45869666876361 1.01956767022169
      vertex 1.0564293561707 -2.80783849525231 1.74055545695567
      vertex 1.83149093854729 -2.37605575313778 1.86287404330099
   endloop
endfacet
facet normal -0.608434368733152 -0.792927105255721 0.0327753671996938
   outer loop
      vertex 1.49999999994224 2.59807621138666 -2.539
      vertex 2.12132034822198 2.12132033889731 -2.539
      vertex 1.98869827298729 2.24612537028042 -1.98158553934279
   endloop
endfacet
facet normal -0.467893242481055 -0.883712758732835 -0.011299278444546
   outer loop
      vertex 1.63019670695115 2.51842385166707 -1.70074761148612
      vertex 1.15495114042305 2.76877009938267 -1.60073981931087
      vertex 1.49999999994224 2.59807621138666 -2.539
   endloop
endfacet
facet normal -0.602317272753023 -0.798102479090386 -0.0156950888222968
   outer loop
      vertex 1.63019670695115 2.51842385166707 -1.70074761148612
      vertex 2.01420141851845 2.22328420262418 -1.42938788668998
      vertex 1.53838876574472 2.57553101426297 -1.08143663892809
   endloop
endfacet
facet normal -0.463895794404942 -0.885795685523721 0.0129110588631814
   outer loop
      vertex 1.53838876574472 2.57553101426297 -1.08143663892809
      vertex 1.15495114042305 2.76877009938267 -1.60073981931087
      vertex 1.63019670695115 2.51842385166707 -1.70074761148612
   endloop
endfacet
facet normal 0.973427646636857 0.228434522272697 -0.0160089286672975
   outer loop
      vertex -2.8772563507697 -0.849350276361528 1.36953650319055
      vertex -2.97116180102334 -0.414966928971136 1.85788841980157
      vertex -2.84056390907503 -0.96498532551557 1.95061223599221
   endloop
endfacet
facet normal -0.590026060959339 0.806874090399881 0.0286958120667737
   outer loop
      vertex 1.56270528896621 -2.56084989404632 0.456417686215408
      vertex 1.99986698963772 -2.23618693846408 0.316141791144258
      vertex 1.42608161467416 -2.63937326429748 -0.144821804398945
   endloop
endfacet
facet normal -0.435354236418932 0.899263509864452 -0.0423299971457143
   outer loop
      vertex 1.56270528896621 -2.56084989404632 0.456417686215408
      vertex 0.936542925235793 -2.85006795518822 0.752169866740649
      vertex 1.71895627955184 -2.45869666876361 1.01956767022169
   endloop
endfacet
facet normal -0.592344380788845 0.805478376991236 0.0182405796904663
   outer loop
      vertex 1.71895627955184 -2.45869666876361 1.01956767022169
      vertex 1.99986698963772 -2.23618693846408 0.316141791144258
      vertex 1.56270528896621 -2.56084989404632 0.456417686215408
   endloop
endfacet
facet normal -0.427360577165547 0.903838926511359 -0.0209316030806208
   outer loop
      vertex 1.42608161467416 -2.63937326429748 -0.144821804398945
      vertex 0.936542925235793 -2.85006795518822 0.752169866740649
      vertex 1.56270528896621 -2.56084989404632 0.456417686215408
   endloop
endfacet
facet normal 0.918284015129296 0.395381021104417 0.0206957896309364
   outer loop
      vertex -2.84056390907503 -0.96498532551557 1.95061223599221
      vertex -2.62210178853916 -1.45759466606451 1.66833795548866
      vertex -2.8772563507697 -0.849350276361528 1.36953650319055
   endloop
endfacet
facet normal 0.972019514578896 0.234088351707842 0.0195117111631135
   outer loop
      vertex -2.84056390907503 -0.96498532551557 1.95061223599221
      vertex -2.97116180102334 -0.414966928971136 1.85788841980157
      vertex -2.89777746934155 -0.77645717085778 2.539
   endloop
endfacet
facet normal -0.573693207049535 0.81785675510295 0.0445694101115549
   outer loop
      vertex 2.03613396445951 -2.20321548623243 -1.35845098492116
      vertex 1.40137385858278 -2.65257446803682 -1.28320390673489
      vertex 1.81849590238427 -2.38601606302465 -0.805443693674725
   endloop
endfacet
facet normal -0.609977770226722 0.790198082798554 -0.0592799272159367
   outer loop
      vertex 1.42608161467416 -2.63937326429748 -0.144821804398945
      vertex 2.15010994536228 -2.09213460916218 -0.30025807171044
      vertex 1.81849590238427 -2.38601606302465 -0.805443693674725
   endloop
endfacet
facet normal -0.296255328086662 0.955007981785904 0.013875709188316
   outer loop
      vertex 0.700282986833929 -2.91712251000039 -1.34239497319528
      vertex 1.16578143639582 -2.76422749471799 -1.92683818695242
      vertex 0.59511544791791 -2.94038052021324 -1.98703649965753
   endloop
endfacet
facet normal -0.692023033935525 -0.721547216161613 0.0217654623681106
   outer loop
      vertex 1.84500601801317 2.36557663023103 0.715970062216847
      vertex 2.28889202559796 1.93932289605266 0.698380103498476
      vertex 2.04841501612781 2.19180198049507 1.42246078538967
   endloop
endfacet
facet normal -0.590350601263767 -0.806645761888818 -0.0284391000968217
   outer loop
      vertex 2.04841501612781 2.19180198049507 1.42246078538967
      vertex 1.49004855384851 2.60379632597751 1.32746776647334
      vertex 1.84500601801317 2.36557663023103 0.715970062216847
   endloop
endfacet
facet normal -0.115140701754316 0.993202865030273 -0.01704956583554
   outer loop
      vertex 0.59511544791791 -2.94038052021324 -1.98703649965753
      vertex 0.0383326478147909 -2.99975509135521 -1.68571691122857
      vertex 0.700282986833929 -2.91712251000039 -1.34239497319528
   endloop
endfacet
facet normal -0.292716999571508 0.955937052569048 -0.0223854793885623
   outer loop
      vertex 0.59511544791791 -2.94038052021324 -1.98703649965753
      vertex 1.16578143639582 -2.76422749471799 -1.92683818695242
      vertex 0.776457099901024 -2.89777748835436 -2.539
   endloop
endfacet
facet normal 0.996402260943031 -0.0711431424454824 -0.0460563532055871
   outer loop
      vertex -2.99993493325251 0.0197584475924167 -1.30386877967928
      vertex -2.93318530079664 0.629622101891688 -0.801834505215604
      vertex -2.98866290782403 -0.260564816114533 -0.62699040496573
   endloop
endfacet
facet normal 0.988889871414598 0.142438497413275 0.0425217199589684
   outer loop
      vertex -2.98866290782403 -0.260564816114533 -0.62699040496573
      vertex -2.89589962107594 -0.783431799617686 -1.03281329368625
      vertex -2.99993493325251 0.0197584475924167 -1.30386877967928
   endloop
endfacet
facet normal 0.997571726341085 -0.0533844775951765 0.0447297256503739
   outer loop
      vertex -2.98866290782403 -0.260564816114533 -0.62699040496573
      vertex -2.93318530079664 0.629622101891688 -0.801834505215604
      vertex -2.99994583498073 0.0180274008606597 -0.0428591878100408
   endloop
endfacet
facet normal -0.608255299889985 0.792693738196312 0.0407691989141456
   outer loop
      vertex 1.76275225294681 -2.42748933977699 -1.93566939356908
      vertex 2.12132034822199 -2.12132033889729 -2.539
      vertex 1.49999999994225 -2.59807621138666 -2.539
   endloop
endfacet
facet normal -0.580540069521584 0.813198400506247 -0.0410071834433365
   outer loop
      vertex 1.76275225294681 -2.42748933977699 -1.93566939356908
      vertex 1.40137385858278 -2.65257446803682 -1.28320390673489
      vertex 2.03613396445951 -2.20321548623243 -1.35845098492116
   endloop
endfacet
facet normal -0.0140751472839199 0.999437039850565 0.0304547796524155
   outer loop
      vertex 0.342883963447455 -2.98034068314523 2.05230769251592
      vertex -0.282954983019684 -2.98662627015573 1.96934117951274
      vertex -1.22943686549367e-8 -3 2.539
   endloop
endfacet
facet normal -0.0104975566760388 0.999939016301943 0.0034300117981431
   outer loop
      vertex 0.361754023063447 -2.97810913614619 1.45950466138547
      vertex -0.282954983019684 -2.98662627015573 1.96934117951274
      vertex 0.342883963447455 -2.98034068314523 2.05230769251592
   endloop
endfacet
facet normal -0.130350677534381 0.990111757397574 -0.0518402230841555
   outer loop
      vertex -1.22943686549367e-8 -3 2.539
      vertex 0.776457099901024 -2.89777748835436 2.539
      vertex 0.342883963447455 -2.98034068314523 2.05230769251592
   endloop
endfacet
facet normal 0.00190027274861798 0.999815667225699 0.0191055105535134
   outer loop
      vertex -0.282954983019684 -2.98662627015573 1.96934117951274
      vertex 0.361754023063447 -2.97810913614619 1.45950466138547
      vertex -0.388837371394538 -2.97469418572851 1.35545130188001
   endloop
endfacet
facet normal -0.750887632419206 -0.660129055427025 0.0199347350346852
   outer loop
      vertex 2.35307409247479 1.86092512351355 1.94131922285249
      vertex 2.04841501612781 2.19180198049507 1.42246078538967
      vertex 2.44269342963803 1.74162246448626 1.36638809423743
   endloop
endfacet
facet normal -0.851142787040093 -0.524391727632329 -0.0238594228849608
   outer loop
      vertex 2.44269342963803 1.74162246448626 1.36638809423743
      vertex 2.71765287349052 1.27057579829332 1.91054323911923
      vertex 2.35307409247479 1.86092512351355 1.94131922285249
   endloop
endfacet
facet normal 0.922716392202514 -0.382201662330345 -0.0501632223117571
   outer loop
      vertex -2.59807617853735 1.50000005683892 2.539
      vertex -2.89777746934155 0.776457170857777 2.539
      vertex -2.78370459337143 1.11847607790368 2.03139141577096
   endloop
endfacet
facet normal 0.835167475031378 0.549882370008371 -0.0111654737332973
   outer loop
      vertex -2.3025290572477 -1.92311204575553 -1.92559550224094
      vertex -2.68510554149063 -1.33798663336236 -1.72545064312331
      vertex -2.26835348178192 -1.9633065175076 -1.34880871870916
   endloop
endfacet
facet normal 0.959039693225371 -0.283139320299421 0.00865979899124381
   outer loop
      vertex -2.80801642966098 1.05595631100628 -1.41608350459129
      vertex -2.93752887997104 0.609035367886038 -1.68552526077693
      vertex -2.78818518126507 1.10725940726366 -1.93492124884637
   endloop
endfacet
facet normal 0.903291030455815 -0.428955790329052 -0.00788950196466933
   outer loop
      vertex -2.78818518126507 1.10725940726366 -1.93492124884637
      vertex -2.60648738684774 1.4853361579803 -1.6880391831843
      vertex -2.80801642966098 1.05595631100628 -1.41608350459129
   endloop
endfacet
facet normal -0.767260791801265 0.640042059326212 -0.0407067519947011
   outer loop
      vertex 2.30360156745131 -1.92182720826713 -1.97547569759726
      vertex 2.03613396445951 -2.20321548623243 -1.35845098492116
      vertex 2.51845485282397 -1.63014881354046 -1.43900600901749
   endloop
endfacet
facet normal 0.813982687761972 -0.580099898420981 0.0302703134401431
   outer loop
      vertex -2.33998564031638 1.87735644008087 -1.34172238962423
      vertex -2.60648738684774 1.4853361579803 -1.6880391831843
      vertex -2.21819786619437 2.01980153144084 -1.88683589565133
   endloop
endfacet
facet normal -0.837404960080611 0.545193030484371 0.0389550040900835
   outer loop
      vertex 2.51845485282397 -1.63014881354046 -1.43900600901749
      vertex 2.69856166278755 -1.31063532385377 -2.03903653811389
      vertex 2.30360156745131 -1.92182720826713 -1.97547569759726
   endloop
endfacet
facet normal 0.956008439989758 -0.293052742900585 -0.01295965072031
   outer loop
      vertex -2.78818518126507 1.10725940726366 -1.93492124884637
      vertex -2.93752887997104 0.609035367886038 -1.68552526077693
      vertex -2.89777746934155 0.776457170857777 -2.539
   endloop
endfacet
facet normal -0.412518564171018 -0.910923761644251 -0.00680695865780614
   outer loop
      vertex 1.57004529003043 2.5563563498177 -0.433900236645005
      vertex 0.902192275624017 2.86112724250502 -0.745534482249995
      vertex 1.53838876574472 2.57553101426297 -1.08143663892809
   endloop
endfacet
facet normal -0.602901414243038 -0.797794245339515 0.00585036809940597
   outer loop
      vertex 1.53838876574472 2.57553101426297 -1.08143663892809
      vertex 2.04219248892818 2.19760092786778 -0.699660808157006
      vertex 1.57004529003043 2.5563563498177 -0.433900236645005
   endloop
endfacet
facet normal -0.250482752060481 -0.968121028628752 0.000254650769117759
   outer loop
      vertex 0.427375284239842 2.96940235845884 1.4595033278321
      vertex 1.06561169787433 2.80436654333085 1.8230217668473
      vertex 0.428510418984245 2.96923876116791 1.95410107673231
   endloop
endfacet
facet normal -0.055002129028038 -0.998486216315711 -0.000204034111697666
   outer loop
      vertex 0.428510418984245 2.96923876116791 1.95410107673231
      vertex -0.0991314924364202 2.99836171053583 1.67260388349113
      vertex 0.427375284239842 2.96940235845884 1.4595033278321
   endloop
endfacet
facet normal -0.525717373708361 0.850545474890054 0.013915391666624
   outer loop
      vertex 1.42608161467416 -2.63937326429748 -0.144821804398945
      vertex 1.81849590238427 -2.38601606302465 -0.805443693674725
      vertex 1.32293713669001 -2.69255219677659 -0.791138050051424
   endloop
endfacet
facet normal 0.0889427178920002 0.996036219772454 -0.0010207033771153
   outer loop
      vertex -0.572138380811403 -2.94493763485791 -1.38864758279182
      vertex 0.0383326478147909 -2.99975509135521 -1.68571691122857
      vertex -0.566259784155376 -2.94607363398275 -1.98494022141577
   endloop
endfacet
facet normal -0.362735384172628 0.931720709199869 0.0178762724646056
   outer loop
      vertex 1.40137385858278 -2.65257446803682 -1.28320390673489
      vertex 0.849098867385827 -2.87733055337827 -0.775255834868164
      vertex 1.32293713669001 -2.69255219677659 -0.791138050051424
   endloop
endfacet
facet normal -0.245144405112253 -0.969098435925072 0.0274306786233541
   outer loop
      vertex 0.428510418984245 2.96923876116791 1.95410107673231
      vertex 1.06561169787433 2.80436654333085 1.8230217668473
      vertex 0.776457099901028 2.89777748835436 2.539
   endloop
endfacet
facet normal -0.526310550286831 0.850163188956904 -0.0148241964166884
   outer loop
      vertex 1.32293713669001 -2.69255219677659 -0.791138050051424
      vertex 1.81849590238427 -2.38601606302465 -0.805443693674725
      vertex 1.40137385858278 -2.65257446803682 -1.28320390673489
   endloop
endfacet
facet normal -0.363791156336446 0.931295410068271 -0.0185702384788986
   outer loop
      vertex 1.32293713669001 -2.69255219677659 -0.791138050051424
      vertex 0.849098867385827 -2.87733055337827 -0.775255834868164
      vertex 1.42608161467416 -2.63937326429748 -0.144821804398945
   endloop
endfacet
facet normal -0.993388819183381 -0.106153119305458 -0.0437054823010748
   outer loop
      vertex 3 0 0.362714285714287
      vertex 2.90553036140666 0.746922565560905 0.695782856304918
      vertex 2.95194699933664 0.534798011502867 0.155985906195405
   endloop
endfacet
facet normal -0.968028962698911 -0.248160199841885 0.0365573876324072
   outer loop
      vertex 2.80426956049195 1.06586689229861 -0.149448345919507
      vertex 2.97690270209885 0.371551210786024 -0.291352284256111
      vertex 2.95194699933664 0.534798011502867 0.155985906195405
   endloop
endfacet
facet normal -0.535394056214269 -0.844195914767857 -0.0262004209831329
   outer loop
      vertex 1.61472601759846 2.52837099494726 0.176291934040294
      vertex 1.84500601801317 2.36557663023103 0.715970062216847
      vertex 1.35873941649116 2.67466394114723 0.693604124203121
   endloop
endfacet
facet normal 0.817966027087633 0.574814254394834 0.0228068295689162
   outer loop
      vertex -2.22379840615488 -2.01363369280091 1.39738943641237
      vertex -2.62210178853916 -1.45759466606451 1.66833795548866
      vertex -2.31225562495181 -1.91140626892315 1.99340473746383
   endloop
endfacet
facet normal -0.380750377714442 -0.924354023003834 -0.0244701864916832
   outer loop
      vertex 1.49004855384851 2.60379632597751 1.32746776647334
      vertex 0.879931787745333 2.86805161196853 0.838577027279533
      vertex 1.35873941649116 2.67466394114723 0.693604124203121
   endloop
endfacet
facet normal -0.965955508378177 -0.258056843565316 0.0183472429254159
   outer loop
      vertex 2.95194699933664 0.534798011502867 0.155985906195405
      vertex 2.90553036140666 0.746922565560905 0.695782856304918
      vertex 2.80426956049195 1.06586689229861 -0.149448345919507
   endloop
endfacet
facet normal -0.995066546375183 -0.0971615886633786 -0.0200547743286583
   outer loop
      vertex 2.95194699933664 0.534798011502867 0.155985906195405
      vertex 2.97690270209885 0.371551210786024 -0.291352284256111
      vertex 3 0 0.362714285714287
   endloop
endfacet
facet normal 0.994654943224907 -0.103202140760789 0.003295764046053
   outer loop
      vertex -2.99999619283895 -0.00477943006869049 -2.05374932918037
      vertex -2.93752887997104 0.609035367886038 -1.68552526077693
      vertex -2.99993493325251 0.0197584475924167 -1.30386877967928
   endloop
endfacet
endsolid
