 WAMIT Numeric Output -- Filename  rm3.3                      06-Oct-2019  15:19:51
  8.159982E+01  0.000000E+00     1  1.929343E-04  8.996124E+01  1.305126E-07  1.929343E-04
  8.159982E+01  0.000000E+00     2  7.669695E-07 -2.789897E-03  7.669695E-07 -3.734597E-11
  8.159982E+01  0.000000E+00     3  1.268569E+00  1.456148E-05  1.268569E+00  3.224014E-07
  8.159982E+01  0.000000E+00     4  9.020450E-07 -1.799991E+02 -9.020450E-07 -1.395448E-11
  8.159982E+01  0.000000E+00     5  1.148459E-04  8.998396E+01  3.215860E-08  1.148459E-04
  8.159982E+01  0.000000E+00     6  1.153945E-09  1.799955E+02 -1.153945E-09  9.128922E-14
  8.159982E+01  0.000000E+00     7  2.829945E-04  8.991189E+01  4.352187E-07  2.829942E-04
  8.159982E+01  0.000000E+00     8  1.278195E-06  1.799921E+02 -1.278195E-06  1.762892E-10
  8.159982E+01  0.000000E+00     9  1.236991E-01  1.848830E-05  1.236991E-01  3.991544E-08
  8.159982E+01  0.000000E+00    10  6.887380E-06  1.799831E+02 -6.887380E-06  2.026712E-09
  8.159982E+01  0.000000E+00    11  6.826278E-05  9.360787E+01 -4.295615E-06  6.812749E-05
  8.159982E+01  0.000000E+00    12  1.356369E-09 -1.799987E+02 -1.356369E-09 -2.972449E-14
  4.079991E+01  0.000000E+00     1  7.715558E-04  9.001338E+01 -1.801807E-07  7.715558E-04
  4.079991E+01  0.000000E+00     2  1.039907E-06 -1.343575E-02  1.039907E-06 -2.438561E-10
  4.079991E+01  0.000000E+00     3  1.267286E+00  2.322442E-04  1.267286E+00  5.136849E-06
  4.079991E+01  0.000000E+00     4  4.992065E-07  1.799980E+02 -4.992065E-07  1.760941E-11
  4.079991E+01  0.000000E+00     5  4.591277E-04  9.001027E+01 -8.226871E-08  4.591277E-04
  4.079991E+01  0.000000E+00     6  1.132104E-09  1.799822E+02 -1.132104E-09  3.525202E-13
  4.079991E+01  0.000000E+00     7  1.129918E-03  9.013521E+01 -2.666435E-06  1.129914E-03
  4.079991E+01  0.000000E+00     8  1.285846E-06 -1.799516E+02 -1.285845E-06 -1.086690E-09
  4.079991E+01  0.000000E+00     9  1.188017E-01  2.289602E-04  1.188017E-01  4.747448E-07
  4.079991E+01  0.000000E+00    10  6.041144E-06 -2.001069E-01  6.041107E-06 -2.109880E-08
  4.079991E+01  0.000000E+00    11  2.710793E-04  8.753278E+01  1.166939E-05  2.708280E-04
  4.079991E+01  0.000000E+00    12  1.359375E-09 -1.799951E+02 -1.359375E-09 -1.154563E-13
  2.719994E+01  0.000000E+00     1  1.735325E-03  8.999221E+01  2.360184E-07  1.735325E-03
  2.719994E+01  0.000000E+00     2  9.603986E-07  3.946601E-03  9.603986E-07  6.615338E-11
  2.719994E+01  0.000000E+00     3  1.265146E+00  1.166863E-03  1.265146E+00  2.576544E-05
  2.719994E+01  0.000000E+00     4  2.652538E-07 -1.799865E+02 -2.652538E-07 -6.246314E-11
  2.719994E+01  0.000000E+00     5  1.032078E-03  8.999842E+01  2.854548E-08  1.032078E-03
  2.719994E+01  0.000000E+00     6  1.150002E-09  1.799631E+02 -1.150002E-09  7.398742E-13
  2.719994E+01  0.000000E+00     7  2.534586E-03  8.999596E+01  1.790468E-07  2.534586E-03
  2.719994E+01  0.000000E+00     8  1.119225E-06  1.799357E+02 -1.119224E-06  1.256595E-09
  2.719994E+01  0.000000E+00     9  1.104006E-01  1.173401E-03  1.104006E-01  2.260972E-06
  2.719994E+01  0.000000E+00    10  1.307750E-05  1.799761E+02 -1.307750E-05  5.448879E-09
  2.719994E+01  0.000000E+00    11  6.032200E-04  9.080302E+01 -8.454042E-06  6.031607E-04
  2.719994E+01  0.000000E+00    12  1.323336E-09 -1.799873E+02 -1.323336E-09 -2.932377E-13
  2.039995E+01  0.000000E+00     1  3.083339E-03  9.000038E+01 -2.040080E-08  3.083339E-03
  2.039995E+01  0.000000E+00     2  1.521413E-06 -1.874600E-02  1.521413E-06 -4.977751E-10
  2.039995E+01  0.000000E+00     3  1.262118E+00  3.650336E-03  1.262118E+00  8.041002E-05
  2.039995E+01  0.000000E+00     4  1.165409E-07  2.159088E-01  1.165401E-07  4.391623E-10
  2.039995E+01  0.000000E+00     5  1.832422E-03  9.000090E+01 -2.859238E-08  1.832422E-03
  2.039995E+01  0.000000E+00     6  1.150596E-09  1.799352E+02 -1.150596E-09  1.300428E-12
  2.039995E+01  0.000000E+00     7  4.486845E-03  9.001214E+01 -9.506475E-07  4.486845E-03
  2.039995E+01  0.000000E+00     8  8.454270E-07 -1.798161E+02 -8.454226E-07 -2.714216E-09
  2.039995E+01  0.000000E+00     9  9.895582E-02  3.537644E-03  9.895582E-02  6.109883E-06
  2.039995E+01  0.000000E+00    10  1.807347E-05 -1.797857E+02 -1.807335E-05 -6.759948E-08
  2.039995E+01  0.000000E+00    11  1.056584E-03  8.939246E+01  1.120329E-05  1.056524E-03
  2.039995E+01  0.000000E+00    12  1.324438E-09 -1.799743E+02 -1.324437E-09 -5.939138E-13
  1.631996E+01  0.000000E+00     1  4.814324E-03  9.000022E+01 -1.884039E-08  4.814324E-03
  1.631996E+01  0.000000E+00     2  1.103858E-06 -5.155908E-02  1.103857E-06 -9.933347E-10
  1.631996E+01  0.000000E+00     3  1.258201E+00  8.793510E-03  1.258201E+00  1.931032E-04
  1.631996E+01  0.000000E+00     4  2.909793E-07  1.798381E+02 -2.909781E-07  8.220366E-10
  1.631996E+01  0.000000E+00     5  2.858377E-03  8.999878E+01  6.091881E-08  2.858377E-03
  1.631996E+01  0.000000E+00     6  1.146494E-09  1.799027E+02 -1.146492E-09  1.947771E-12
  1.631996E+01  0.000000E+00     7  6.972547E-03  8.998671E+01  1.617125E-06  6.972547E-03
  1.631996E+01  0.000000E+00     8  1.780104E-06 -1.796553E+02 -1.780072E-06 -1.070856E-08
  1.631996E+01  0.000000E+00     9  8.434326E-02  8.945889E-03  8.434326E-02  1.316895E-05
  1.631996E+01  0.000000E+00    10  2.553043E-06 -1.774368E+02 -2.550488E-06 -1.141736E-07
  1.631996E+01  0.000000E+00    11  1.620005E-03  9.018917E+01 -5.348707E-06  1.619996E-03
  1.631996E+01  0.000000E+00    12  1.324011E-09 -1.799591E+02 -1.324011E-09 -9.448553E-13
  1.359997E+01  0.000000E+00     1  6.926664E-03  8.999867E+01  1.606810E-07  6.926664E-03
  1.359997E+01  0.000000E+00     2  1.536008E-06 -3.124719E-02  1.536008E-06 -8.376874E-10
  1.359997E+01  0.000000E+00     3  1.253376E+00  1.794652E-02  1.253376E+00  3.925898E-04
  1.359997E+01  0.000000E+00     4  5.890471E-07 -1.799866E+02 -5.890471E-07 -1.377120E-10
  1.359997E+01  0.000000E+00     5  4.107646E-03  8.999964E+01  2.601718E-08  4.107646E-03
  1.359997E+01  0.000000E+00     6  1.135331E-09  1.798520E+02 -1.135328E-09  2.932106E-12
  1.359997E+01  0.000000E+00     7  9.973798E-03  8.999767E+01  4.066969E-07  9.973798E-03
  1.359997E+01  0.000000E+00     8  3.395772E-06  1.571199E-02  3.395771E-06  9.312089E-10
  1.359997E+01  0.000000E+00     9  6.674526E-02  1.809388E-02  6.674526E-02  2.107800E-05
  1.359997E+01  0.000000E+00    10  1.563619E-05 -6.203678E-02  1.563618E-05 -1.693002E-08
  1.359997E+01  0.000000E+00    11  2.279301E-03  9.018990E+01 -7.554180E-06  2.279289E-03
  1.359997E+01  0.000000E+00    12  1.345449E-09 -1.799355E+02 -1.345448E-09 -1.513789E-12
  1.165712E+01  0.000000E+00     1  9.418360E-03  8.999899E+01  1.660164E-07  9.418360E-03
  1.165712E+01  0.000000E+00     2  1.167873E-06 -2.857304E-02  1.167873E-06 -5.824107E-10
  1.165712E+01  0.000000E+00     3  1.247624E+00  3.264690E-02  1.247624E+00  7.108909E-04
  1.165712E+01  0.000000E+00     4  3.203689E-07  1.799274E+02 -3.203686E-07  4.059550E-10
  1.165712E+01  0.000000E+00     5  5.577453E-03  8.999887E+01  1.103790E-07  5.577453E-03
  1.165712E+01  0.000000E+00     6  1.145046E-09  1.797986E+02 -1.145039E-09  4.025073E-12
  1.165712E+01  0.000000E+00     7  1.346917E-02  8.999318E+01  1.603505E-06  1.346917E-02
  1.165712E+01  0.000000E+00     8  3.535050E-06  1.798648E+02 -3.535040E-06  8.343761E-09
  1.165712E+01  0.000000E+00     9  4.670887E-02  3.288865E-02  4.670887E-02  2.681161E-05
  1.165712E+01  0.000000E+00    10  1.328621E-05  1.796473E+02 -1.328596E-05  8.178598E-08
  1.165712E+01  0.000000E+00    11  3.017997E-03  9.038483E+01 -2.027055E-05  3.017929E-03
  1.165712E+01  0.000000E+00    12  1.326017E-09 -1.799103E+02 -1.326015E-09 -2.075007E-12
  1.019998E+01  0.000000E+00     1  1.228705E-02  8.999878E+01  2.614371E-07  1.228705E-02
  1.019998E+01  0.000000E+00     2  1.595047E-06 -9.505407E-02  1.595045E-06 -2.646192E-09
  1.019998E+01  0.000000E+00     3  1.240945E+00  5.456100E-02  1.240944E+00  1.181713E-03
  1.019998E+01  0.000000E+00     4  4.570556E-07  1.797511E+02 -4.570513E-07  1.985543E-09
  1.019998E+01  0.000000E+00     5  7.264542E-03  8.999854E+01  1.847222E-07  7.264542E-03
  1.019998E+01  0.000000E+00     6  1.148942E-09  1.797663E+02 -1.148932E-09  4.686194E-12
  1.019998E+01  0.000000E+00     7  1.743381E-02  8.999479E+01  1.585926E-06  1.743381E-02
  1.019998E+01  0.000000E+00     8  5.747685E-07 -1.778314E+02 -5.743568E-07 -2.174966E-08
  1.019998E+01  0.000000E+00     9  2.423099E-02  5.605736E-02  2.423098E-02  2.370725E-05
  1.019998E+01  0.000000E+00    10  5.896827E-06 -1.773655E+02 -5.890594E-06 -2.710479E-07
  1.019998E+01  0.000000E+00    11  3.817729E-03  9.029414E+01 -1.959904E-05  3.817678E-03
  1.019998E+01  0.000000E+00    12  1.300394E-09 -1.798708E+02 -1.300391E-09 -2.932099E-12
  9.066646E+00  0.000000E+00     1  1.552999E-02  8.999877E+01  3.318011E-07  1.552999E-02
  9.066646E+00  0.000000E+00     2  1.422153E-06 -1.530996E-01  1.422148E-06 -3.800120E-09
  9.066646E+00  0.000000E+00     3  1.233325E+00  8.546210E-02  1.233324E+00  1.839621E-03
  9.066646E+00  0.000000E+00     4  4.687918E-07  1.799673E+02 -4.687917E-07  2.674646E-10
  9.066646E+00  0.000000E+00     5  9.165111E-03  8.999901E+01  1.587041E-07  9.165111E-03
  9.066646E+00  0.000000E+00     6  1.138622E-09  1.797382E+02 -1.138610E-09  5.202605E-12
  9.066646E+00  0.000000E+00     7  2.183964E-02  8.999905E+01  3.638561E-07  2.183964E-02
  9.066646E+00  0.000000E+00     8  5.749744E-07  8.470633E-01  5.749116E-07  8.500137E-09
  9.066646E+00  0.000000E+00     9  1.559868E-04  1.798558E+02 -1.559863E-04  3.925966E-07
  9.066646E+00  0.000000E+00    10  1.021234E-05  1.793540E+02 -1.021169E-05  1.151327E-07
  9.066646E+00  0.000000E+00    11  4.660420E-03  9.004208E+01 -3.422568E-06  4.660418E-03
  9.066646E+00  0.000000E+00    12  1.296647E-09 -1.798017E+02 -1.296639E-09 -4.488299E-12
  8.159981E+00  0.000000E+00     1  1.914403E-02  8.999822E+01  5.956088E-07  1.914403E-02
  8.159981E+00  0.000000E+00     2  1.792427E-06 -2.261117E-01  1.792413E-06 -7.073605E-09
  8.159981E+00  0.000000E+00     3  1.224767E+00  1.271726E-01  1.224764E+00  2.718467E-03
  8.159981E+00  0.000000E+00     4  5.426689E-07  1.797897E+02 -5.426653E-07  1.991799E-09
  8.159981E+00  0.000000E+00     5  1.127492E-02  8.999835E+01  3.250995E-07  1.127492E-02
  8.159981E+00  0.000000E+00     6  1.127041E-09  1.796928E+02 -1.127025E-09  6.043192E-12
  8.159981E+00  0.000000E+00     7  2.665581E-02  9.000345E+01 -1.604145E-06  2.665581E-02
  8.159981E+00  0.000000E+00     8  3.636920E-06 -1.798706E+02 -3.636911E-06 -8.211146E-09
  8.159981E+00  0.000000E+00     9  2.616495E-02 -1.798732E+02 -2.616489E-02 -5.792361E-05
  8.159981E+00  0.000000E+00    10  1.254390E-05 -1.788733E+02 -1.254147E-05 -2.466577E-07
  8.159981E+00  0.000000E+00    11  5.527501E-03  8.976795E+01  2.238584E-05  5.527456E-03
  8.159981E+00  0.000000E+00    12  1.284262E-09 -1.797414E+02 -1.284249E-09 -5.797363E-12
  7.418164E+00  0.000000E+00     1  2.312572E-02  8.999567E+01  1.749511E-06  2.312572E-02
  7.418164E+00  0.000000E+00     2  1.957450E-06 -2.049072E-01  1.957438E-06 -7.000424E-09
  7.418164E+00  0.000000E+00     3  1.215269E+00  1.815721E-01  1.215263E+00  3.851219E-03
  7.418164E+00  0.000000E+00     4  1.048853E-07 -1.793287E+02 -1.048781E-07 -1.228914E-09
  7.418164E+00  0.000000E+00     5  1.358926E-02  8.999644E+01  8.445073E-07  1.358926E-02
  7.418164E+00  0.000000E+00     6  1.119868E-09  1.796331E+02 -1.119845E-09  7.171056E-12
  7.418164E+00  0.000000E+00     7  3.184881E-02  8.999821E+01  9.977375E-07  3.184881E-02
  7.418164E+00  0.000000E+00     8  7.137706E-07  1.538943E+00  7.135131E-07  1.916931E-08
  7.418164E+00  0.000000E+00     9  5.332503E-02 -1.798157E+02 -5.332475E-02 -1.715295E-04
  7.418164E+00  0.000000E+00    10  2.232593E-05  1.799107E+02 -2.232590E-05  3.479563E-08
  7.418164E+00  0.000000E+00    11  6.400570E-03  8.996418E+01  4.001600E-06  6.400568E-03
  7.418164E+00  0.000000E+00    12  1.232622E-09 -1.796543E+02 -1.232600E-09 -7.437384E-12
  6.799984E+00  0.000000E+00     1  2.747114E-02  8.999275E+01  3.476601E-06  2.747114E-02
  6.799984E+00  0.000000E+00     2  2.443636E-06 -1.576267E-01  2.443627E-06 -6.722689E-09
  6.799984E+00  0.000000E+00     3  1.204841E+00  2.505359E-01  1.204830E+00  5.268366E-03
  6.799984E+00  0.000000E+00     4  2.690017E-07  1.794691E+02 -2.689901E-07  2.492700E-09
  6.799984E+00  0.000000E+00     5  1.610295E-02  8.999335E+01  1.870512E-06  1.610295E-02
  6.799984E+00  0.000000E+00     6  1.136310E-09  1.796302E+02 -1.136286E-09  7.334930E-12
  6.799984E+00  0.000000E+00     7  3.738317E-02  8.998886E+01  7.266848E-06  3.738317E-02
  6.799984E+00  0.000000E+00     8  3.611946E-06  1.471069E-01  3.611935E-06  9.273663E-09
  6.799984E+00  0.000000E+00     9  8.137718E-02 -1.797481E+02 -8.137639E-02 -3.578464E-04
  6.799984E+00  0.000000E+00    10  2.105726E-05 -2.869752E-01  2.105700E-05 -1.054683E-07
  6.799984E+00  0.000000E+00    11  7.261211E-03  9.013905E+01 -1.762225E-05  7.261189E-03
  6.799984E+00  0.000000E+00    12  1.215234E-09 -1.795652E+02 -1.215199E-09 -9.221512E-12
  6.276908E+00  0.000000E+00     1  3.217593E-02  8.998921E+01  6.058263E-06  3.217593E-02
  6.276908E+00  0.000000E+00     2  2.187862E-06 -1.284703E-01  2.187857E-06 -4.905687E-09
  6.276908E+00  0.000000E+00     3  1.193482E+00  3.360383E-01  1.193462E+00  6.999704E-03
  6.276908E+00  0.000000E+00     4  8.739045E-07 -1.799599E+02 -8.739042E-07 -6.110821E-10
  6.276908E+00  0.000000E+00     5  1.881029E-02  8.998977E+01  3.359061E-06  1.881029E-02
  6.276908E+00  0.000000E+00     6  1.127362E-09  1.795892E+02 -1.127333E-09  8.082317E-12
  6.276908E+00  0.000000E+00     7  4.322125E-02  8.998759E+01  9.358017E-06  4.322125E-02
  6.276908E+00  0.000000E+00     8  3.499807E-06 -1.201729E-01  3.499799E-06 -7.340532E-09
  6.276908E+00  0.000000E+00     9  1.098000E-01 -1.796621E+02 -1.097981E-01 -6.475190E-04
  6.276908E+00  0.000000E+00    10  2.652891E-06 -2.315038E+00  2.650726E-06 -1.071610E-07
  6.276908E+00  0.000000E+00    11  8.091847E-03  9.006737E+01 -9.514773E-06  8.091842E-03
  6.276908E+00  0.000000E+00    12  1.224804E-09 -1.794454E+02 -1.224747E-09 -1.185430E-11
  5.828557E+00  0.000000E+00     1  3.723530E-02  8.998391E+01  1.045443E-05  3.723530E-02
  5.828557E+00  0.000000E+00     2  2.239503E-06 -2.152278E-01  2.239488E-06 -8.412525E-09
  5.828557E+00  0.000000E+00     3  1.181218E+00  4.399943E-01  1.181183E+00  9.070897E-03
  5.828557E+00  0.000000E+00     4  1.069782E-06  1.798262E+02 -1.069777E-06  3.244300E-09
  5.828557E+00  0.000000E+00     5  2.170519E-02  8.998390E+01  6.098624E-06  2.170519E-02
  5.828557E+00  0.000000E+00     6  1.094975E-09  1.795029E+02 -1.094934E-09  9.499374E-12
  5.828557E+00  0.000000E+00     7  4.932420E-02  8.998376E+01  1.397915E-05  4.932420E-02
  5.828557E+00  0.000000E+00     8  3.098254E-06 -4.810269E-01  3.098145E-06 -2.601109E-08
  5.828557E+00  0.000000E+00     9  1.384743E-01 -1.795608E+02 -1.384703E-01 -1.061401E-03
  5.828557E+00  0.000000E+00    10  2.946327E-05 -1.343821E+00  2.945516E-05 -6.909711E-07
  5.828557E+00  0.000000E+00    11  8.876492E-03  9.008638E+01 -1.338141E-05  8.876482E-03
  5.828557E+00  0.000000E+00    12  1.148545E-09 -1.792861E+02 -1.148456E-09 -1.430944E-11
  5.439987E+00  0.000000E+00     1  4.264414E-02  8.997704E+01  1.709256E-05  4.264414E-02
  5.439987E+00  0.000000E+00     2  2.094610E-06  1.218195E-01  2.094605E-06  4.453453E-09
  5.439987E+00  0.000000E+00     3  1.168051E+00  5.645615E-01  1.167994E+00  1.150915E-02
  5.439987E+00  0.000000E+00     4  1.193707E-06 -1.799258E+02 -1.193706E-06 -1.544995E-09
  5.439987E+00  0.000000E+00     5  2.478107E-02  8.997701E+01  9.942809E-06  2.478107E-02
  5.439987E+00  0.000000E+00     6  1.097275E-09  1.796105E+02 -1.097250E-09  7.460310E-12
  5.439987E+00  0.000000E+00     7  5.565157E-02  8.997975E+01  1.966479E-05  5.565157E-02
  5.439987E+00  0.000000E+00     8  3.922582E-06  5.548895E-01  3.922398E-06  3.798823E-08
  5.439987E+00  0.000000E+00     9  1.668456E-01 -1.794351E+02 -1.668375E-01 -1.644857E-03
  5.439987E+00  0.000000E+00    10  2.075507E-05  9.440490E-01  2.075225E-05  3.419609E-07
  5.439987E+00  0.000000E+00    11  9.602601E-03  8.985909E+01  2.361793E-05  9.602572E-03
  5.439987E+00  0.000000E+00    12  1.138571E-09 -1.790975E+02 -1.138430E-09 -1.793321E-11
  5.099988E+00  0.000000E+00     1  4.839643E-02  8.996648E+01  2.831473E-05  4.839642E-02
  5.099988E+00  0.000000E+00     2  2.053795E-06  2.044549E-01  2.053782E-06  7.328770E-09
  5.099988E+00  0.000000E+00     3  1.154003E+00  7.118515E-01  1.153914E+00  1.433714E-02
  5.099988E+00  0.000000E+00     4  9.955120E-07 -1.795044E+02 -9.954747E-07 -8.610997E-09
  5.099988E+00  0.000000E+00     5  2.803075E-02  8.996667E+01  1.630843E-05  2.803075E-02
  5.099988E+00  0.000000E+00     6  1.083594E-09  1.795773E+02 -1.083564E-09  7.993677E-12
  5.099988E+00  0.000000E+00     7  6.216194E-02  8.996754E+01  3.520897E-05  6.216193E-02
  5.099988E+00  0.000000E+00     8  1.369406E-07  3.468189E+00  1.366898E-07  8.284132E-09
  5.099988E+00  0.000000E+00     9  1.947169E-01 -1.792876E+02 -1.947019E-01 -2.420859E-03
  5.099988E+00  0.000000E+00    10  1.741223E-05  1.791807E+02 -1.741045E-05  2.489822E-07
  5.099988E+00  0.000000E+00    11  1.026302E-02  8.989498E+01  1.881124E-05  1.026301E-02
  5.099988E+00  0.000000E+00    12  1.125061E-09 -1.788986E+02 -1.124853E-09 -2.162626E-11
  4.799988E+00  0.000000E+00     1  5.448580E-02  8.995330E+01  4.441446E-05  5.448578E-02
  4.799988E+00  0.000000E+00     2  2.035729E-06 -1.883601E-01  2.035718E-06 -6.692452E-09
  4.799988E+00  0.000000E+00     3  1.139089E+00  8.842633E-01  1.138953E+00  1.757920E-02
  4.799988E+00  0.000000E+00     4  1.275683E-06 -1.795075E+02 -1.275635E-06 -1.096487E-08
  4.799988E+00  0.000000E+00     5  3.144671E-02  8.995336E+01  2.560013E-05  3.144670E-02
  4.799988E+00  0.000000E+00     6  1.086771E-09  1.795657E+02 -1.086739E-09  8.237420E-12
  4.799988E+00  0.000000E+00     7  6.881338E-02  8.995390E+01  5.537402E-05  6.881336E-02
  4.799988E+00  0.000000E+00     8  2.785303E-06 -1.489563E+00  2.784362E-06 -7.240351E-08
  4.799988E+00  0.000000E+00     9  2.216152E-01 -1.791152E+02 -2.215887E-01 -3.422002E-03
  4.799988E+00  0.000000E+00    10  2.869127E-06 -9.856303E+00  2.826779E-06 -4.911306E-07
  4.799988E+00  0.000000E+00    11  1.085124E-02  8.991142E+01  1.677521E-05  1.085123E-02
  4.799988E+00  0.000000E+00    12  1.127753E-09 -1.787078E+02 -1.127466E-09 -2.543254E-11
  4.533322E+00  0.000000E+00     1  6.090509E-02  8.993600E+01  6.803034E-05  6.090505E-02
  4.533322E+00  0.000000E+00     2  1.830004E-06  9.974638E-02  1.830001E-06  3.185857E-09
  4.533322E+00  0.000000E+00     3  1.123327E+00  1.084346E+00  1.123126E+00  2.125817E-02
  4.533322E+00  0.000000E+00     4  1.363697E-06 -1.792184E+02 -1.363570E-06 -1.860285E-08
  4.533322E+00  0.000000E+00     5  3.502079E-02  8.993622E+01  3.898589E-05  3.502077E-02
  4.533322E+00  0.000000E+00     6  1.089753E-09  1.797007E+02 -1.089738E-09  5.693137E-12
  4.533322E+00  0.000000E+00     7  7.556412E-02  8.993727E+01  8.273486E-05  7.556408E-02
  4.533322E+00  0.000000E+00     8  1.692336E-06  8.908451E-01  1.692131E-06  2.631168E-08
  4.533322E+00  0.000000E+00     9  2.472199E-01 -1.789154E+02 -2.471756E-01 -4.679467E-03
  4.533322E+00  0.000000E+00    10  7.576984E-07  2.481160E+01  6.877572E-07  3.179574E-07
  4.533322E+00  0.000000E+00    11  1.136186E-02  8.985622E+01  2.851269E-05  1.136182E-02
  4.533322E+00  0.000000E+00    12  1.079787E-09 -1.784206E+02 -1.079377E-09 -2.976108E-11
  4.294726E+00  0.000000E+00     1  6.764639E-02  8.991418E+01  1.013221E-04  6.764632E-02
  4.294726E+00  0.000000E+00     2  1.497167E-06 -5.031336E-01  1.497109E-06 -1.314696E-08
  4.294726E+00  0.000000E+00     3  1.106756E+00  1.314729E+00  1.106465E+00  2.539380E-02
  4.294726E+00  0.000000E+00     4  1.372749E-06 -1.794690E+02 -1.372690E-06 -1.272266E-08
  4.294726E+00  0.000000E+00     5  3.874427E-02  8.991411E+01  5.808266E-05  3.874423E-02
  4.294726E+00  0.000000E+00     6  1.069540E-09  1.796746E+02 -1.069522E-09  6.073910E-12
  4.294726E+00  0.000000E+00     7  8.237217E-02  8.991444E+01  1.230032E-04  8.237208E-02
  4.294726E+00  0.000000E+00     8  1.799675E-06 -2.503116E+00  1.797958E-06 -7.859853E-08
  4.294726E+00  0.000000E+00     9  2.713955E-01 -1.786850E+02 -2.713240E-01 -6.228294E-03
  4.294726E+00  0.000000E+00    10  2.488513E-06 -1.630694E+02 -2.380657E-06 -7.246861E-07
  4.294726E+00  0.000000E+00    11  1.179197E-02  8.988916E+01  2.281101E-05  1.179195E-02
  4.294726E+00  0.000000E+00    12  1.060674E-09 -1.781638E+02 -1.060130E-09 -3.398615E-11
  4.079990E+00  0.000000E+00     1  7.470107E-02  8.988694E+01  1.474127E-04  7.470092E-02
  4.079990E+00  0.000000E+00     2  9.343244E-07 -1.658274E+00  9.339331E-07 -2.703776E-08
  4.079990E+00  0.000000E+00     3  1.089403E+00  1.578374E+00  1.088990E+00  3.000690E-02
  4.079990E+00  0.000000E+00     4  1.598911E-06 -1.790610E+02 -1.598697E-06 -2.620231E-08
  4.079990E+00  0.000000E+00     5  4.260785E-02  8.988682E+01  8.416552E-05  4.260777E-02
  4.079990E+00  0.000000E+00     6  1.069344E-09  1.797754E+02 -1.069336E-09  4.191514E-12
  4.079990E+00  0.000000E+00     7  8.919526E-02  8.988699E+01  1.759348E-04  8.919509E-02
  4.079990E+00  0.000000E+00     8  3.221726E-06  1.486219E+00  3.220642E-06  8.356028E-08
  4.079990E+00  0.000000E+00     9  2.938058E-01 -1.784218E+02 -2.936944E-01 -8.091850E-03
  4.079990E+00  0.000000E+00    10  1.509745E-05  3.324810E-01  1.509720E-05  8.760832E-08
  4.079990E+00  0.000000E+00    11  1.214651E-02  8.988338E+01  2.472337E-05  1.214649E-02
  4.079990E+00  0.000000E+00    12  1.010307E-09 -1.778393E+02 -1.009589E-09 -3.809042E-11
  3.885705E+00  0.000000E+00     1  8.205897E-02  8.985341E+01  2.099469E-04  8.205870E-02
  3.885705E+00  0.000000E+00     2  4.733454E-07 -1.733219E+02 -4.701339E-07 -5.504558E-08
  3.885705E+00  0.000000E+00     3  1.071305E+00  1.878483E+00  1.070729E+00  3.511719E-02
  3.885705E+00  0.000000E+00     4  1.810449E-06 -1.782282E+02 -1.809584E-06 -5.597795E-08
  3.885705E+00  0.000000E+00     5  4.660133E-02  8.985355E+01  1.191092E-04  4.660117E-02
  3.885705E+00  0.000000E+00     6  1.056010E-09  1.799145E+02 -1.056009E-09  1.576296E-12
  3.885705E+00  0.000000E+00     7  9.599137E-02  8.985448E+01  2.438058E-04  9.599106E-02
  3.885705E+00  0.000000E+00     8  5.519939E-07  1.204893E+01  5.398333E-07  1.152271E-07
  3.885705E+00  0.000000E+00     9  3.141623E-01 -1.781213E+02 -3.139935E-01 -1.029950E-02
  3.885705E+00  0.000000E+00    10  5.604289E-06  1.707121E+02 -5.530816E-06  9.045034E-07
  3.885705E+00  0.000000E+00    11  1.244169E-02  8.980381E+01  4.260193E-05  1.244162E-02
  3.885705E+00  0.000000E+00    12  9.741294E-10 -1.773305E+02 -9.730723E-10 -4.536993E-11
  3.709082E+00  0.000000E+00     1  8.970883E-02  8.981277E+01  2.931379E-04  8.970836E-02
  3.709082E+00  0.000000E+00     2  7.712525E-07 -1.743501E+02 -7.675057E-07 -7.593010E-08
  3.709082E+00  0.000000E+00     3  1.052501E+00  2.218473E+00  1.051713E+00  4.074231E-02
  3.709082E+00  0.000000E+00     4  1.775470E-06 -1.783685E+02 -1.774750E-06 -5.054827E-08
  3.709082E+00  0.000000E+00     5  5.071417E-02  8.981297E+01  1.655465E-04  5.071390E-02
  3.709082E+00  0.000000E+00     6  1.032388E-09 -1.799179E+02 -1.032387E-09 -1.479181E-12
  3.709082E+00  0.000000E+00     7  1.027199E-01  8.981315E+01  3.349803E-04  1.027194E-01
  3.709082E+00  0.000000E+00     8  2.443094E-06  5.031183E-01  2.443000E-06  2.145271E-08
  3.709082E+00  0.000000E+00     9  3.321846E-01 -1.777813E+02 -3.319356E-01 -1.286016E-02
  3.709082E+00  0.000000E+00    10  1.318394E-06 -2.216130E+01  1.220998E-06 -4.973184E-07
  3.709082E+00  0.000000E+00    11  1.268053E-02  8.981818E+01  4.023987E-05  1.268047E-02
  3.709082E+00  0.000000E+00    12  9.428258E-10 -1.768939E+02 -9.414407E-10 -5.108713E-11
  3.547817E+00  0.000000E+00     1  9.763794E-02  8.976453E+01  4.012598E-04  9.763711E-02
  3.547817E+00  0.000000E+00     2  7.697794E-07 -1.697970E+02 -7.576064E-07 -1.363557E-07
  3.547817E+00  0.000000E+00     3  1.033069E+00  2.601259E+00  1.032005E+00  4.688577E-02
  3.547817E+00  0.000000E+00     4  1.432653E-06 -1.781842E+02 -1.431934E-06 -4.539638E-08
  3.547817E+00  0.000000E+00     5  5.493470E-02  8.976460E+01  2.257039E-04  5.493424E-02
  3.547817E+00  0.000000E+00     6  9.945479E-10  1.799781E+02 -9.945478E-10  3.800687E-13
  3.547817E+00  0.000000E+00     7  1.093413E-01  8.976466E+01  4.491259E-04  1.093403E-01
  3.547817E+00  0.000000E+00     8  1.500543E-06 -4.021158E+00  1.496849E-06 -1.052254E-07
  3.547817E+00  0.000000E+00     9  3.481051E-01 -1.773999E+02 -3.477467E-01 -1.579187E-02
  3.547817E+00  0.000000E+00    10  7.841051E-06 -1.039094E+01  7.712458E-06 -1.414240E-06
  3.547817E+00  0.000000E+00    11  1.287941E-02  8.975920E+01  5.412911E-05  1.287929E-02
  3.547817E+00  0.000000E+00    12  9.100246E-10 -1.764532E+02 -9.082815E-10 -5.629808E-11
  3.399992E+00  0.000000E+00     1  1.058319E-01  8.970772E+01  5.398697E-04  1.058306E-01
  3.399992E+00  0.000000E+00     2  8.230718E-07 -1.729966E+02 -8.169308E-07 -1.003556E-07
  3.399992E+00  0.000000E+00     3  1.013057E+00  3.030562E+00  1.011641E+00  5.355895E-02
  3.399992E+00  0.000000E+00     4  1.241581E-06 -1.772953E+02 -1.240198E-06 -5.858729E-08
  3.399992E+00  0.000000E+00     5  5.925063E-02  8.970775E+01  3.022234E-04  5.924986E-02
  3.399992E+00  0.000000E+00     6  1.021116E-09 -1.795842E+02 -1.021089E-09 -7.410740E-12
  3.399992E+00  0.000000E+00     7  1.158161E-01  8.970881E+01  5.885932E-04  1.158146E-01
  3.399992E+00  0.000000E+00     8  1.135717E-06 -8.564631E-01  1.135590E-06 -1.697617E-08
  3.399992E+00  0.000000E+00     9  3.616203E-01 -1.769694E+02 -3.611145E-01 -1.911888E-02
  3.399992E+00  0.000000E+00    10  1.110351E-06  1.778325E+02 -1.109557E-06  4.199548E-08
  3.399992E+00  0.000000E+00    11  1.304931E-02  8.964877E+01  7.999201E-05  1.304907E-02
  3.399992E+00  0.000000E+00    12  9.018780E-10 -1.760050E+02 -8.996865E-10 -6.283329E-11
  3.263992E+00  0.000000E+00     1  1.142749E-01  8.964130E+01  7.154262E-04  1.142727E-01
  3.263992E+00  0.000000E+00     2  5.656955E-07 -1.699897E+02 -5.570836E-07 -9.833192E-08
  3.263992E+00  0.000000E+00     3  9.925368E-01  3.509588E+00  9.906753E-01  6.075870E-02
  3.263992E+00  0.000000E+00     4  1.119884E-06 -1.757231E+02 -1.116765E-06 -8.351822E-08
  3.263992E+00  0.000000E+00     5  6.364828E-02  8.964130E+01  3.984680E-04  6.364704E-02
  3.263992E+00  0.000000E+00     6  1.006772E-09 -1.796238E+02 -1.006750E-09 -6.610163E-12
  3.263992E+00  0.000000E+00     7  1.221074E-01  8.964191E+01  7.631314E-04  1.221051E-01
  3.263992E+00  0.000000E+00     8  8.161142E-07  5.895473E+00  8.117977E-07  8.382631E-08
  3.263992E+00  0.000000E+00     9  3.727345E-01 -1.764906E+02 -3.720355E-01 -2.281619E-02
  3.263992E+00  0.000000E+00    10  5.153941E-07  6.006613E+01  2.571817E-07  4.466415E-07
  3.263992E+00  0.000000E+00    11  1.320727E-02  8.962872E+01  8.558533E-05  1.320700E-02
  3.263992E+00  0.000000E+00    12  8.391491E-10 -1.752171E+02 -8.362271E-10 -6.996803E-11
  3.138454E+00  0.000000E+00     1  1.229484E-01  8.956496E+01  9.335407E-04  1.229448E-01
  3.138454E+00  0.000000E+00     2  3.024404E-07 -1.627350E+02 -2.888131E-07 -8.976176E-08
  3.138454E+00  0.000000E+00     3  9.715809E-01  4.041796E+00  9.691645E-01  6.848106E-02
  3.138454E+00  0.000000E+00     4  8.645574E-07 -1.756847E+02 -8.621064E-07 -6.505403E-08
  3.138454E+00  0.000000E+00     5  6.811342E-02  8.956480E+01  5.173569E-04  6.811145E-02
  3.138454E+00  0.000000E+00     6  9.749308E-10 -1.794468E+02 -9.748854E-10 -9.412436E-12
  3.138454E+00  0.000000E+00     7  1.281769E-01  8.956478E+01  9.736142E-04  1.281732E-01
  3.138454E+00  0.000000E+00     8  1.035051E-06  5.227200E-01  1.035008E-06  9.442829E-09
  3.138454E+00  0.000000E+00     9  3.813553E-01 -1.759565E+02 -3.804060E-01 -2.689118E-02
  3.138454E+00  0.000000E+00    10  9.728038E-06  8.975746E-01  9.726845E-06  1.523896E-07
  3.138454E+00  0.000000E+00    11  1.338174E-02  8.959219E+01  9.524712E-05  1.338140E-02
  3.138454E+00  0.000000E+00    12  8.186511E-10 -1.745470E+02 -8.149463E-10 -7.779510E-11
  3.022215E+00  0.000000E+00     1  1.318317E-01  8.947795E+01  1.201159E-03  1.318262E-01
  3.022215E+00  0.000000E+00     2  2.575943E-07 -1.629333E+02 -2.462508E-07 -7.559991E-08
  3.022215E+00  0.000000E+00     3  9.502657E-01  4.630162E+00  9.471645E-01  7.670891E-02
  3.022215E+00  0.000000E+00     4  6.694248E-07 -1.750341E+02 -6.669120E-07 -5.794769E-08
  3.022215E+00  0.000000E+00     5  7.263012E-02  8.947794E+01  6.617752E-04  7.262710E-02
  3.022215E+00  0.000000E+00     6  9.697311E-10 -1.791179E+02 -9.696162E-10 -1.492904E-11
  3.022215E+00  0.000000E+00     7  1.339896E-01  8.947763E+01  1.221569E-03  1.339840E-01
  3.022215E+00  0.000000E+00     8  5.234097E-08 -1.391000E+02 -3.956211E-08 -3.426976E-08
  3.022215E+00  0.000000E+00     9  3.874969E-01 -1.753702E+02 -3.862326E-01 -3.127771E-02
  3.022215E+00  0.000000E+00    10  1.597511E-06  1.595916E+02 -1.497236E-06  5.570685E-07
  3.022215E+00  0.000000E+00    11  1.359301E-02  8.948692E+01  1.217216E-04  1.359247E-02
  3.022215E+00  0.000000E+00    12  7.981873E-10 -1.739527E+02 -7.937455E-10 -8.408918E-11
  2.914279E+00  0.000000E+00     1  1.409020E-01  8.938001E+01  1.524649E-03  1.408937E-01
  2.914279E+00  0.000000E+00     2  3.296075E-07 -1.668041E+02 -3.209043E-07 -7.524307E-08
  2.914279E+00  0.000000E+00     3  9.286796E-01  5.277401E+00  9.247430E-01  8.541795E-02
  2.914279E+00  0.000000E+00     4  2.602208E-07 -1.680811E+02 -2.546107E-07 -5.374269E-08
  2.914279E+00  0.000000E+00     5  7.718203E-02  8.938004E+01  8.351157E-04  7.717752E-02
  2.914279E+00  0.000000E+00     6  9.784996E-10 -1.788100E+02 -9.782886E-10 -2.032146E-11
  2.914279E+00  0.000000E+00     7  1.395129E-01  8.937965E+01  1.510504E-03  1.395047E-01
  2.914279E+00  0.000000E+00     8  1.104252E-07  5.701502E+01  6.011760E-08  9.262612E-08
  2.914279E+00  0.000000E+00     9  3.913192E-01 -1.747236E+02 -3.896610E-01 -3.598581E-02
  2.914279E+00  0.000000E+00    10  2.957474E-06  1.696970E+02 -2.909786E-06  5.289566E-07
  2.914279E+00  0.000000E+00    11  1.385946E-02  8.941880E+01  1.405851E-04  1.385875E-02
  2.914279E+00  0.000000E+00    12  7.678111E-10 -1.729169E+02 -7.619514E-10 -9.467849E-11
  2.813787E+00  0.000000E+00     1  1.501331E-01  8.927115E+01  1.909782E-03  1.501210E-01
  2.813787E+00  0.000000E+00     2  1.342101E-07 -1.136450E+02 -5.382748E-08 -1.229429E-07
  2.813787E+00  0.000000E+00     3  9.069020E-01  5.986145E+00  9.019567E-01  9.457897E-02
  2.813787E+00  0.000000E+00     4  2.773400E-07 -1.776023E+02 -2.770972E-07 -1.160272E-08
  2.813787E+00  0.000000E+00     5  8.175087E-02  8.927110E+01  1.039993E-03  8.174425E-02
  2.813787E+00  0.000000E+00     6  9.402034E-10 -1.781769E+02 -9.397274E-10 -2.991142E-11
  2.813787E+00  0.000000E+00     7  1.447146E-01  8.927056E+01  1.842340E-03  1.447029E-01
  2.813787E+00  0.000000E+00     8  1.726193E-06 -2.633648E+00  1.724369E-06 -7.931794E-08
  2.813787E+00  0.000000E+00     9  3.928063E-01 -1.740147E+02 -3.906650E-01 -4.095896E-02
  2.813787E+00  0.000000E+00    10  7.753551E-06 -3.923207E+00  7.735382E-06 -5.304931E-07
  2.813787E+00  0.000000E+00    11  1.420230E-02  8.929259E+01  1.753475E-04  1.420122E-02
  2.813787E+00  0.000000E+00    12  7.514643E-10 -1.724900E+02 -7.450183E-10 -9.821610E-11
  2.719994E+00  0.000000E+00     1  1.594965E-01  8.915106E+01  2.363130E-03  1.594790E-01
  2.719994E+00  0.000000E+00     2  5.450624E-08 -7.396155E+01  1.505912E-08 -5.238467E-08
  2.719994E+00  0.000000E+00     3  8.850245E-01  6.758106E+00  8.788752E-01  1.041478E-01
  2.719994E+00  0.000000E+00     4  1.745308E-08  4.266863E+01  1.283300E-08  1.182895E-08
  2.719994E+00  0.000000E+00     5  8.631766E-02  8.915105E+01  1.278920E-03  8.630818E-02
  2.719994E+00  0.000000E+00     6  9.175544E-10 -1.776774E+02 -9.168006E-10 -3.718513E-11
  2.719994E+00  0.000000E+00     7  1.495648E-01  8.915064E+01  2.217076E-03  1.495483E-01
  2.719994E+00  0.000000E+00     8  1.196153E-06  2.140206E+00  1.195319E-06  4.467029E-08
  2.719994E+00  0.000000E+00     9  3.922111E-01 -1.732435E+02 -3.894873E-01 -4.614386E-02
  2.719994E+00  0.000000E+00    10  2.545657E-06 -1.710495E+02 -2.514659E-06 -3.960573E-07
  2.719994E+00  0.000000E+00    11  1.463961E-02  8.916886E+01  2.123566E-04  1.463807E-02
  2.719994E+00  0.000000E+00    12  7.248933E-10 -1.716676E+02 -7.172414E-10 -1.050480E-10
  2.632252E+00  0.000000E+00     1  1.689609E-01  8.902040E+01  2.888645E-03  1.689362E-01
  2.632252E+00  0.000000E+00     2  5.063303E-08 -1.323648E+02 -3.411900E-08 -3.741120E-08
  2.632252E+00  0.000000E+00     3  8.631238E-01  7.594967E+00  8.555518E-01  1.140785E-01
  2.632252E+00  0.000000E+00     4  5.063712E-08 -6.500212E+01  2.139847E-08 -4.589360E-08
  2.632252E+00  0.000000E+00     5  9.086207E-02  8.902038E+01  1.553449E-03  9.084879E-02
  2.632252E+00  0.000000E+00     6  9.027086E-10 -1.771276E+02 -9.015744E-10 -4.523694E-11
  2.632252E+00  0.000000E+00     7  1.540361E-01  8.902046E+01  2.633310E-03  1.540135E-01
  2.632252E+00  0.000000E+00     8  9.508446E-08  1.549757E+02 -8.615871E-08  4.022104E-08
  2.632252E+00  0.000000E+00     9  3.896660E-01 -1.724057E+02 -3.862481E-01 -5.149759E-02
  2.632252E+00  0.000000E+00    10  7.166078E-06  1.799306E+02 -7.166072E-06  8.678606E-09
  2.632252E+00  0.000000E+00    11  1.519059E-02  8.900027E+01  2.650399E-04  1.518828E-02
  2.632252E+00  0.000000E+00    12  6.886536E-10 -1.704164E+02 -6.790426E-10 -1.146514E-10
  2.549994E+00  0.000000E+00     1  1.784904E-01  8.887946E+01  3.490530E-03  1.784562E-01
  2.549994E+00  0.000000E+00     2  1.638442E-07 -4.116461E+01  1.233454E-07 -1.078463E-07
  2.549994E+00  0.000000E+00     3  8.412765E-01  8.497905E+00  8.320404E-01  1.243182E-01
  2.549994E+00  0.000000E+00     4  5.382946E-08  2.307837E+01  4.952146E-08  2.110060E-08
  2.549994E+00  0.000000E+00     5  9.536231E-02  8.887947E+01  1.864872E-03  9.534407E-02
  2.549994E+00  0.000000E+00     6  8.873589E-10 -1.762851E+02 -8.854944E-10 -5.749351E-11
  2.549994E+00  0.000000E+00     7  1.581033E-01  8.887939E+01  3.092048E-03  1.580731E-01
  2.549994E+00  0.000000E+00     8  9.733792E-07 -4.304759E+00  9.706332E-07 -7.306335E-08
  2.549994E+00  0.000000E+00     9  3.852980E-01 -1.715022E+02 -3.810681E-01 -5.693613E-02
  2.549994E+00  0.000000E+00    10  7.708127E-06 -4.402092E+00  7.685388E-06 -5.916406E-07
  2.549994E+00  0.000000E+00    11  1.586801E-02  8.888929E+01  3.075904E-04  1.586503E-02
  2.549994E+00  0.000000E+00    12  6.599150E-10 -1.693468E+02 -6.485408E-10 -1.219944E-10
  2.472722E+00  0.000000E+00     1  1.880476E-01  8.872942E+01  4.169746E-03  1.880013E-01
  2.472722E+00  0.000000E+00     2  1.827641E-07 -9.655832E+00  1.801749E-07 -3.065493E-08
  2.472722E+00  0.000000E+00     3  8.195541E-01  9.467708E+00  8.083905E-01  1.348099E-01
  2.472722E+00  0.000000E+00     4  1.719834E-08 -1.039656E+02 -4.150622E-09 -1.668998E-08
  2.472722E+00  0.000000E+00     5  9.979606E-02  8.872945E+01  2.212818E-03  9.977152E-02
  2.472722E+00  0.000000E+00     6  8.786654E-10 -1.764398E+02 -8.769697E-10 -5.456195E-11
  2.472722E+00  0.000000E+00     7  1.617430E-01  8.872938E+01  3.586611E-03  1.617032E-01
  2.472722E+00  0.000000E+00     8  9.668188E-07 -5.728399E+00  9.619907E-07 -9.650103E-08
  2.472722E+00  0.000000E+00     9  3.792590E-01 -1.705317E+02 -3.740923E-01 -6.238871E-02
  2.472722E+00  0.000000E+00    10  1.434678E-06  1.514032E+02 -1.259661E-06  6.866993E-07
  2.472722E+00  0.000000E+00    11  1.669281E-02  8.874769E+01  3.648254E-04  1.668883E-02
  2.472722E+00  0.000000E+00    12  6.289817E-10 -1.681886E+02 -6.156640E-10 -1.287472E-10
  2.399995E+00  0.000000E+00     1  1.975920E-01  8.857170E+01  4.925159E-03  1.975306E-01
  2.399995E+00  0.000000E+00     2  1.286825E-07 -1.598766E+02 -1.208269E-07 -4.427229E-08
  2.399995E+00  0.000000E+00     3  7.980211E-01  1.050461E+01  7.846465E-01  1.454909E-01
  2.399995E+00  0.000000E+00     4  2.298536E-07  5.179838E+00  2.289150E-07  2.075168E-08
  2.399995E+00  0.000000E+00     5  1.041396E-01  8.857174E+01  2.595720E-03  1.041072E-01
  2.399995E+00  0.000000E+00     6  8.694137E-10 -1.752669E+02 -8.664489E-10 -7.173860E-11
  2.399995E+00  0.000000E+00     7  1.649364E-01  8.857188E+01  4.110668E-03  1.648851E-01
  2.399995E+00  0.000000E+00     8  8.378262E-07 -8.478745E+00  8.286693E-07 -1.235312E-07
  2.399995E+00  0.000000E+00     9  3.717407E-01 -1.694947E+02 -3.655095E-01 -6.777842E-02
  2.399995E+00  0.000000E+00    10  4.032480E-06 -1.563312E+02 -3.693274E-06 -1.618833E-06
  2.399995E+00  0.000000E+00    11  1.766323E-02  8.856355E+01  4.427845E-04  1.765768E-02
  2.399995E+00  0.000000E+00    12  6.074799E-10 -1.672412E+02 -5.924803E-10 -1.341602E-10
  2.331424E+00  0.000000E+00     1  2.070794E-01  8.840802E+01  5.753033E-03  2.069995E-01
  2.331424E+00  0.000000E+00     2  1.705935E-07 -4.906313E+01  1.117775E-07 -1.288717E-07
  2.331424E+00  0.000000E+00     3  7.767372E-01  1.160836E+01  7.608497E-01  1.562957E-01
  2.331424E+00  0.000000E+00     4  1.372211E-07 -9.054365E+00  1.355113E-07 -2.159470E-08
  2.331424E+00  0.000000E+00     5  1.083689E-01  8.840803E+01  3.010659E-03  1.083271E-01
  2.331424E+00  0.000000E+00     6  8.371101E-10 -1.745854E+02 -8.333749E-10 -7.899092E-11
  2.331424E+00  0.000000E+00     7  1.676647E-01  8.840794E+01  4.658252E-03  1.676000E-01
  2.331424E+00  0.000000E+00     8  1.466729E-06  3.270403E+00  1.464341E-06  8.367442E-08
  2.331424E+00  0.000000E+00     9  3.629692E-01 -1.683926E+02 -3.555461E-01 -7.303122E-02
  2.331424E+00  0.000000E+00    10  1.483094E-07 -5.813979E+01  7.828490E-08 -1.259649E-07
  2.331424E+00  0.000000E+00    11  1.880627E-02  8.840910E+01  5.221186E-04  1.879902E-02
  2.331424E+00  0.000000E+00    12  5.693004E-10 -1.654851E+02 -5.511298E-10 -1.426845E-10
  2.266662E+00  0.000000E+00     1  2.164646E-01  8.824044E+01  6.646609E-03  2.163625E-01
  2.266662E+00  0.000000E+00     2  2.029492E-07 -1.524739E+01  1.958052E-07 -5.337303E-08
  2.266662E+00  0.000000E+00     3  7.557508E-01  1.277884E+01  7.370317E-01  1.671633E-01
  2.266662E+00  0.000000E+00     4  3.306191E-07  8.783141E-01  3.305803E-07  5.068018E-09
  2.266662E+00  0.000000E+00     5  1.124593E-01  8.824045E+01  3.453073E-03  1.124063E-01
  2.266662E+00  0.000000E+00     6  8.376062E-10 -1.742609E+02 -8.334077E-10 -8.375994E-11
  2.266662E+00  0.000000E+00     7  1.699157E-01  8.824045E+01  5.217278E-03  1.698356E-01
  2.266662E+00  0.000000E+00     8  2.451083E-07  3.378252E+01  2.037227E-07  1.362905E-07
  2.266662E+00  0.000000E+00     9  3.530379E-01 -1.672212E+02 -3.442936E-01 -7.808767E-02
  2.266662E+00  0.000000E+00    10  3.713630E-06  1.655547E+02 -3.596228E-06  9.263836E-07
  2.266662E+00  0.000000E+00    11  2.010202E-02  8.824100E+01  6.170417E-04  2.009255E-02
  2.266662E+00  0.000000E+00    12  5.475853E-10 -1.638364E+02 -5.259397E-10 -1.524372E-10
  2.205401E+00  0.000000E+00     1  2.256996E-01  8.807168E+01  7.594619E-03  2.255718E-01
  2.205401E+00  0.000000E+00     2  5.515435E-08  2.051901E+01  5.165514E-08  1.933260E-08
  2.205401E+00  0.000000E+00     3  7.351052E-01  1.401504E+01  7.132227E-01  1.780253E-01
  2.205401E+00  0.000000E+00     4  2.297486E-07 -7.732771E+00  2.276594E-07 -3.091336E-08
  2.205401E+00  0.000000E+00     5  1.163860E-01  8.807168E+01  3.916297E-03  1.163200E-01
  2.205401E+00  0.000000E+00     6  8.233697E-10 -1.729264E+02 -8.171028E-10 -1.013932E-10
  2.205401E+00  0.000000E+00     7  1.716797E-01  8.807166E+01  5.776951E-03  1.715825E-01
  2.205401E+00  0.000000E+00     8  6.937414E-07 -4.347455E+00  6.917453E-07 -5.258880E-08
  2.205401E+00  0.000000E+00     9  3.421821E-01 -1.659840E+02 -3.319946E-01 -8.287429E-02
  2.205401E+00  0.000000E+00    10  3.608196E-06 -1.712613E+02 -3.566311E-06 -5.481858E-07
  2.205401E+00  0.000000E+00    11  2.155611E-02  8.806748E+01  7.269226E-04  2.154385E-02
  2.205401E+00  0.000000E+00    12  5.132984E-10 -1.620799E+02 -4.883964E-10 -1.579372E-10
  2.147364E+00  0.000000E+00     1  2.347357E-01  8.790470E+01  8.582356E-03  2.345788E-01
  2.147364E+00  0.000000E+00     2  2.426842E-07  1.799568E+01  2.308120E-07  7.497613E-08
  2.147364E+00  0.000000E+00     3  7.148339E-01  1.531604E+01  6.894455E-01  1.888184E-01
  2.147364E+00  0.000000E+00     4  1.903653E-07  1.511638E+01  1.837783E-07  4.964356E-08
  2.147364E+00  0.000000E+00     5  1.201243E-01  8.790469E+01  4.391987E-03  1.200440E-01
  2.147364E+00  0.000000E+00     6  8.151882E-10 -1.723581E+02 -8.079481E-10 -1.084050E-10
  2.147364E+00  0.000000E+00     7  1.729501E-01  8.790443E+01  6.324190E-03  1.728345E-01
  2.147364E+00  0.000000E+00     8  4.911227E-07 -1.732512E+01  4.688407E-07 -1.462531E-07
  2.147364E+00  0.000000E+00     9  3.305397E-01 -1.646847E+02 -3.188012E-01 -8.730576E-02
  2.147364E+00  0.000000E+00    10  4.268942E-06 -1.664163E+02 -4.149531E-06 -1.002625E-06
  2.147364E+00  0.000000E+00    11  2.316772E-02  8.791885E+01  8.413348E-04  2.315244E-02
  2.147364E+00  0.000000E+00    12  4.939846E-10 -1.611011E+02 -4.673546E-10 -1.600013E-10
  2.092304E+00  0.000000E+00     1  2.435232E-01  8.774309E+01  9.590013E-03  2.433343E-01
  2.092304E+00  0.000000E+00     2  1.694768E-07 -1.131497E+01  1.661828E-07 -3.325177E-08
  2.092304E+00  0.000000E+00     3  6.949664E-01  1.668058E+01  6.657221E-01  1.994803E-01
  2.092304E+00  0.000000E+00     4  2.471668E-07  1.085762E+00  2.471224E-07  4.683562E-09
  2.092304E+00  0.000000E+00     5  1.236507E-01  8.774303E+01  4.869527E-03  1.235548E-01
  2.092304E+00  0.000000E+00     6  7.801096E-10 -1.706086E+02 -7.696535E-10 -1.272969E-10
  2.092304E+00  0.000000E+00     7  1.737260E-01  8.774300E+01  6.841679E-03  1.735913E-01
  2.092304E+00  0.000000E+00     8  5.146690E-07  1.785390E+02 -5.145016E-07  1.312264E-08
  2.092304E+00  0.000000E+00     9  3.182940E-01 -1.633205E+02 -3.049020E-01 -9.135593E-02
  2.092304E+00  0.000000E+00    10  7.111913E-06 -1.720110E+02 -7.042890E-06 -9.884379E-07
  2.092304E+00  0.000000E+00    11  2.491505E-02  8.774254E+01  9.814037E-04  2.489571E-02
  2.092304E+00  0.000000E+00    12  4.815842E-10 -1.596412E+02 -4.515008E-10 -1.675420E-10
  2.039996E+00  0.000000E+00     1  2.520123E-01  8.759054E+01  1.059477E-02  2.517895E-01
  2.039996E+00  0.000000E+00     2  7.828852E-08 -2.595109E+01  7.039453E-08 -3.425935E-08
  2.039996E+00  0.000000E+00     3  6.755236E-01  1.810712E+01  6.420697E-01  2.099490E-01
  2.039996E+00  0.000000E+00     4  2.042561E-07  2.319449E+01  1.877468E-07  8.044700E-08
  2.039996E+00  0.000000E+00     5  1.269421E-01  8.759055E+01  5.336717E-03  1.268298E-01
  2.039996E+00  0.000000E+00     6  7.672315E-10 -1.696160E+02 -7.546655E-10 -1.382900E-10
  2.039996E+00  0.000000E+00     7  1.740097E-01  8.759050E+01  7.315609E-03  1.738559E-01
  2.039996E+00  0.000000E+00     8  3.814263E-07 -2.026398E+01  3.578186E-07 -1.321055E-07
  2.039996E+00  0.000000E+00     9  3.056519E-01 -1.618925E+02 -2.905145E-01 -9.499697E-02
  2.039996E+00  0.000000E+00    10  2.043371E-06 -1.326600E+02 -1.384683E-06 -1.502670E-06
  2.039996E+00  0.000000E+00    11  2.678417E-02  8.758900E+01  1.126747E-03  2.676046E-02
  2.039996E+00  0.000000E+00    12  4.730317E-10 -1.583168E+02 -4.395604E-10 -1.747731E-10
  1.990240E+00  0.000000E+00     1  2.601551E-01  8.745150E+01  1.156780E-02  2.598977E-01
  1.990240E+00  0.000000E+00     2  1.286379E-07 -1.351146E+02 -9.114247E-08 -9.077864E-08
  1.990240E+00  0.000000E+00     3  6.565175E-01  1.959462E+01  6.184979E-01  2.201717E-01
  1.990240E+00  0.000000E+00     4  2.294294E-07  4.193748E+00  2.288151E-07  1.677802E-08
  1.990240E+00  0.000000E+00     5  1.299771E-01  8.745148E+01  5.779495E-03  1.298485E-01
  1.990240E+00  0.000000E+00     6  7.383034E-10 -1.687119E+02 -7.240212E-10 -1.445167E-10
  1.990240E+00  0.000000E+00     7  1.738077E-01  8.745149E+01  7.728414E-03  1.736358E-01
  1.990240E+00  0.000000E+00     8  2.711757E-07  1.340491E+01  2.637878E-07  6.286700E-08
  1.990240E+00  0.000000E+00     9  2.926356E-01 -1.604040E+02 -2.756864E-01 -9.814579E-02
  1.990240E+00  0.000000E+00    10  3.376322E-06 -1.734010E+02 -3.353952E-06 -3.880079E-07
  1.990240E+00  0.000000E+00    11  2.876101E-02  8.745315E+01  1.278034E-03  2.873260E-02
  1.990240E+00  0.000000E+00    12  4.507557E-10 -1.558792E+02 -4.113985E-10 -1.842064E-10
  1.942853E+00  0.000000E+00     1  2.679048E-01  8.733045E+01  1.247783E-02  2.676141E-01
  1.942853E+00  0.000000E+00     2  1.706028E-07  1.195827E+01  1.669005E-07  3.534879E-08
  1.942853E+00  0.000000E+00     3  6.379604E-01  2.114131E+01  5.950216E-01  2.300928E-01
  1.942853E+00  0.000000E+00     4  2.696386E-07  1.097852E+01  2.647039E-07  5.135024E-08
  1.942853E+00  0.000000E+00     5  1.327364E-01  8.733047E+01  6.182221E-03  1.325924E-01
  1.942853E+00  0.000000E+00     6  7.497997E-10 -1.674816E+02 -7.319744E-10 -1.625212E-10
  1.942853E+00  0.000000E+00     7  1.731312E-01  8.733032E+01  8.064087E-03  1.729433E-01
  1.942853E+00  0.000000E+00     8  4.723500E-07 -2.968527E+00  4.717161E-07 -2.446177E-08
  1.942853E+00  0.000000E+00     9  2.794393E-01 -1.588586E+02 -2.606311E-01 -1.007855E-01
  1.942853E+00  0.000000E+00    10  2.851714E-06 -1.579547E+02 -2.643217E-06 -1.070362E-06
  1.942853E+00  0.000000E+00    11  3.081898E-02  8.733346E+01  1.433799E-03  3.078561E-02
  1.942853E+00  0.000000E+00    12  4.126836E-10 -1.531076E+02 -3.680549E-10 -1.866636E-10
  1.897671E+00  0.000000E+00     1  2.752178E-01  8.723238E+01  1.328896E-02  2.748968E-01
  1.897671E+00  0.000000E+00     2  1.007021E-07 -5.806434E+00  1.001854E-07 -1.018783E-08
  1.897671E+00  0.000000E+00     3  6.198553E-01  2.274581E+01  5.716487E-01  2.396630E-01
  1.897671E+00  0.000000E+00     4  2.013813E-07  3.250919E+00  2.010573E-07  1.142009E-08
  1.897671E+00  0.000000E+00     5  1.352029E-01  8.723240E+01  6.528281E-03  1.350452E-01
  1.897671E+00  0.000000E+00     6  7.193564E-10 -1.655262E+02 -6.965254E-10 -1.797942E-10
  1.897671E+00  0.000000E+00     7  1.719962E-01  8.723238E+01  8.304879E-03  1.717956E-01
  1.897671E+00  0.000000E+00     8  4.448089E-07  1.236706E+01  4.344873E-07  9.526639E-08
  1.897671E+00  0.000000E+00     9  2.661718E-01 -1.572533E+02 -2.454699E-01 -1.029172E-01
  1.897671E+00  0.000000E+00    10  7.250972E-07  1.691973E+02 -7.122474E-07  1.359032E-07
  1.897671E+00  0.000000E+00    11  3.293710E-02  8.723336E+01  1.589817E-03  3.289871E-02
  1.897671E+00  0.000000E+00    12  3.984676E-10 -1.533073E+02 -3.560023E-10 -1.789937E-10
  1.854542E+00  0.000000E+00     1  2.820541E-01  8.716238E+01  1.396325E-02  2.817083E-01
  1.854542E+00  0.000000E+00     2  4.191719E-07 -1.132854E+01  4.110052E-07 -8.233989E-08
  1.854542E+00  0.000000E+00     3  6.022030E-01  2.440659E+01  5.483878E-01  2.488358E-01
  1.854542E+00  0.000000E+00     4  2.626757E-07  1.169325E+01  2.572243E-07  5.323700E-08
  1.854542E+00  0.000000E+00     5  1.373626E-01  8.716240E+01  6.800169E-03  1.371941E-01
  1.854542E+00  0.000000E+00     6  7.026693E-10 -1.637898E+02 -6.747341E-10 -1.961583E-10
  1.854542E+00  0.000000E+00     7  1.704223E-01  8.716233E+01  8.437004E-03  1.702134E-01
  1.854542E+00  0.000000E+00     8  5.014131E-07  9.484450E+00  4.945590E-07  8.262282E-08
  1.854542E+00  0.000000E+00     9  2.529457E-01 -1.555927E+02 -2.303402E-01 -1.045225E-01
  1.854542E+00  0.000000E+00    10  1.124775E-06  3.400145E+01  9.324651E-07  6.289901E-07
  1.854542E+00  0.000000E+00    11  3.507916E-02  8.716125E+01  1.737304E-03  3.503612E-02
  1.854542E+00  0.000000E+00    12  3.812327E-10 -1.505175E+02 -3.318652E-10 -1.876268E-10
  1.813330E+00  0.000000E+00     1  2.883786E-01  8.712581E+01  1.446017E-02  2.880158E-01
  1.813330E+00  0.000000E+00     2  8.593573E-08 -1.058254E+02 -2.343522E-08 -8.267854E-08
  1.813330E+00  0.000000E+00     3  5.850022E-01  2.612233E+01  5.252478E-01  2.575701E-01
  1.813330E+00  0.000000E+00     4  1.974024E-07 -9.264349E+00  1.948275E-07 -3.177976E-08
  1.813330E+00  0.000000E+00     5  1.392037E-01  8.712582E+01  6.980061E-03  1.390286E-01
  1.813330E+00  0.000000E+00     6  6.862612E-10 -1.639766E+02 -6.595993E-10 -1.894287E-10
  1.813330E+00  0.000000E+00     7  1.684327E-01  8.712581E+01  8.445720E-03  1.682208E-01
  1.813330E+00  0.000000E+00     8  9.170949E-07  3.014450E+00  9.158259E-07  4.822800E-08
  1.813330E+00  0.000000E+00     9  2.398386E-01 -1.538766E+02 -2.153387E-01 -1.056022E-01
  1.813330E+00  0.000000E+00    10  8.143318E-07 -4.641552E+01  5.614194E-07 -5.898683E-07
  1.813330E+00  0.000000E+00    11  3.722480E-02  8.712560E+01  1.866707E-03  3.717796E-02
  1.813330E+00  0.000000E+00    12  3.707923E-10 -1.475316E+02 -3.128329E-10 -1.990541E-10
  1.773910E+00  0.000000E+00     1  2.941608E-01  8.712808E+01  1.473848E-02  2.937913E-01
  1.773910E+00  0.000000E+00     2  2.129289E-07 -7.174163E+01  6.671117E-08 -2.022087E-07
  1.773910E+00  0.000000E+00     3  5.682467E-01  2.789173E+01  5.022352E-01  2.658271E-01
  1.773910E+00  0.000000E+00     4  2.133128E-07  8.650305E+00  2.108863E-07  3.208297E-08
  1.773910E+00  0.000000E+00     5  1.407186E-01  8.712809E+01  7.050476E-03  1.405419E-01
  1.773910E+00  0.000000E+00     6  6.641032E-10 -1.619194E+02 -6.313104E-10 -2.061072E-10
  1.773910E+00  0.000000E+00     7  1.660543E-01  8.712812E+01  8.319775E-03  1.658457E-01
  1.773910E+00  0.000000E+00     8  6.231105E-07  2.336334E+01  5.720208E-07  2.471011E-07
  1.773910E+00  0.000000E+00     9  2.269288E-01 -1.521079E+02 -2.005665E-01 -1.061592E-01
  1.773910E+00  0.000000E+00    10  1.391202E-06 -1.316621E+02 -9.247817E-07 -1.039337E-06
  1.773910E+00  0.000000E+00    11  3.934330E-02  8.712702E+01  1.971963E-03  3.929385E-02
  1.773910E+00  0.000000E+00    12  3.489703E-10 -1.470091E+02 -2.927014E-10 -1.900162E-10
  1.736167E+00  0.000000E+00     1  2.993750E-01  8.717464E+01  1.475676E-02  2.990111E-01
  1.736167E+00  0.000000E+00     2  1.679342E-07  1.277484E+01  1.637772E-07  3.713365E-08
  1.736167E+00  0.000000E+00     3  5.519295E-01  2.971358E+01  4.793586E-01  2.735719E-01
  1.736167E+00  0.000000E+00     4  1.787014E-07 -1.948287E+00  1.785981E-07 -6.075396E-09
  1.736167E+00  0.000000E+00     5  1.419029E-01  8.717467E+01  6.994599E-03  1.417304E-01
  1.736167E+00  0.000000E+00     6  6.549705E-10 -1.601911E+02 -6.162146E-10 -2.219593E-10
  1.736167E+00  0.000000E+00     7  1.633167E-01  8.717464E+01  8.050173E-03  1.631182E-01
  1.736167E+00  0.000000E+00     8  6.389698E-07  2.709567E+01  5.688411E-07  2.910365E-07
  1.736167E+00  0.000000E+00     9  2.142892E-01 -1.502866E+02 -1.861135E-01 -1.062151E-01
  1.736167E+00  0.000000E+00    10  1.886845E-06 -1.478499E+02 -1.597510E-06 -1.004065E-06
  1.736167E+00  0.000000E+00    11  4.140526E-02  8.717408E+01  2.041344E-03  4.135491E-02
  1.736167E+00  0.000000E+00    12  3.402229E-10 -1.448120E+02 -2.780524E-10 -1.960574E-10
  1.699997E+00  0.000000E+00     1  3.040056E-01  8.727097E+01  1.447451E-02  3.036608E-01
  1.699997E+00  0.000000E+00     2  1.413934E-07 -1.716756E+01  1.350937E-07 -4.173470E-08
  1.699997E+00  0.000000E+00     3  5.360420E-01  3.158674E+01  4.566264E-01  2.807728E-01
  1.699997E+00  0.000000E+00     4  2.362394E-07  1.759071E+00  2.361281E-07  7.251786E-09
  1.699997E+00  0.000000E+00     5  1.427556E-01  8.727095E+01  6.797023E-03  1.425937E-01
  1.699997E+00  0.000000E+00     6  6.347602E-10 -1.576069E+02 -5.868940E-10 -2.418181E-10
  1.699997E+00  0.000000E+00     7  1.602532E-01  8.727095E+01  7.630104E-03  1.600714E-01
  1.699997E+00  0.000000E+00     8  6.441564E-07  9.132537E+00  6.359910E-07  1.022397E-07
  1.699997E+00  0.000000E+00     9  2.019910E-01 -1.484141E+02 -1.720672E-01 -1.057982E-01
  1.699997E+00  0.000000E+00    10  1.552817E-06 -1.509646E+02 -1.357659E-06 -7.536591E-07
  1.699997E+00  0.000000E+00    11  4.338161E-02  8.727030E+01  2.066015E-03  4.333239E-02
  1.699997E+00  0.000000E+00    12  3.336592E-10 -1.427992E+02 -2.657666E-10 -2.017340E-10
  1.665303E+00  0.000000E+00     1  3.080388E-01  8.742229E+01  1.385387E-02  3.077271E-01
  1.665303E+00  0.000000E+00     2  4.595234E-08 -1.417443E+02 -3.608432E-08 -2.845241E-08
  1.665303E+00  0.000000E+00     3  5.205749E-01  3.351028E+01  4.340485E-01  2.874024E-01
  1.665303E+00  0.000000E+00     4  9.281499E-08 -4.808513E+00  9.248832E-08 -7.780300E-09
  1.665303E+00  0.000000E+00     5  1.432791E-01  8.742228E+01  6.443926E-03  1.431341E-01
  1.665303E+00  0.000000E+00     6  6.270217E-10 -1.573797E+02 -5.787873E-10 -2.411668E-10
  1.665303E+00  0.000000E+00     7  1.568980E-01  8.742226E+01  7.056477E-03  1.567392E-01
  1.665303E+00  0.000000E+00     8  6.419769E-07  5.946312E+00  6.385227E-07  6.650657E-08
  1.665303E+00  0.000000E+00     9  1.900883E-01 -1.464888E+02 -1.584915E-01 -1.049477E-01
  1.665303E+00  0.000000E+00    10  2.425312E-06 -1.704692E+02 -2.391835E-06 -4.015763E-07
  1.665303E+00  0.000000E+00    11  4.524780E-02  8.742284E+01  2.034557E-03  4.520204E-02
  1.665303E+00  0.000000E+00    12  3.027827E-10 -1.387454E+02 -2.276280E-10 -1.996567E-10
  1.631997E+00  0.000000E+00     1  3.114699E-01  8.763377E+01  1.285963E-02  3.112044E-01
  1.631997E+00  0.000000E+00     2  2.234703E-07  1.792931E+02 -2.234533E-07  2.757202E-09
  1.631997E+00  0.000000E+00     3  5.055170E-01  3.548338E+01  4.116344E-01  2.934358E-01
  1.631997E+00  0.000000E+00     4  4.518434E-08  2.374913E+01  4.135802E-08  1.819721E-08
  1.631997E+00  0.000000E+00     5  1.434796E-01  8.763377E+01  5.923807E-03  1.433572E-01
  1.631997E+00  0.000000E+00     6  6.194504E-10 -1.538356E+02 -5.559769E-10 -2.731455E-10
  1.631997E+00  0.000000E+00     7  1.532864E-01  8.763376E+01  6.328729E-03  1.531557E-01
  1.631997E+00  0.000000E+00     8  5.122354E-07  1.636568E+01  4.914812E-07  1.443309E-07
  1.631997E+00  0.000000E+00     9  1.785928E-01 -1.445173E+02 -1.454264E-01 -1.036655E-01
  1.631997E+00  0.000000E+00    10  1.336614E-06 -1.763401E+02 -1.333888E-06 -8.532156E-08
  1.631997E+00  0.000000E+00    11  4.697903E-02  8.763380E+01  1.939582E-03  4.693898E-02
  1.631997E+00  0.000000E+00    12  3.108198E-10 -1.392927E+02 -2.356173E-10 -2.027152E-10
  1.599997E+00  0.000000E+00     1  3.143002E-01  8.791032E+01  1.146058E-02  3.140912E-01
  1.599997E+00  0.000000E+00     2  1.857669E-07  1.465706E+02 -1.550346E-07  1.023406E-07
  1.599997E+00  0.000000E+00     3  4.908587E-01  3.750527E+01  3.893969E-01  2.988517E-01
  1.599997E+00  0.000000E+00     4  8.348601E-08 -1.426396E+01  8.091222E-08 -2.057007E-08
  1.599997E+00  0.000000E+00     5  1.433658E-01  8.791032E+01  5.227670E-03  1.432705E-01
  1.599997E+00  0.000000E+00     6  6.106490E-10 -1.517798E+02 -5.380650E-10 -2.887528E-10
  1.599997E+00  0.000000E+00     7  1.494539E-01  8.791029E+01  5.449735E-03  1.493545E-01
  1.599997E+00  0.000000E+00     8  4.627011E-08 -2.224505E+01  4.282637E-08 -1.751641E-08
  1.599997E+00  0.000000E+00     9  1.675733E-01 -1.424943E+02 -1.329347E-01 -1.020255E-01
  1.599997E+00  0.000000E+00    10  1.305831E-06 -1.459441E+02 -1.081870E-06 -7.312678E-07
  1.599997E+00  0.000000E+00    11  4.856094E-02  8.791016E+01  1.770847E-03  4.852865E-02
  1.599997E+00  0.000000E+00    12  2.902971E-10 -1.362469E+02 -2.096892E-10 -2.007556E-10
  1.569228E+00  0.000000E+00     1  3.165366E-01  8.825649E+01  9.630706E-03  3.163901E-01
  1.569228E+00  0.000000E+00     2  2.865327E-07  1.550250E+02 -2.597396E-07  1.209805E-07
  1.569228E+00  0.000000E+00     3  4.765881E-01  3.957551E+01  3.673472E-01  3.036317E-01
  1.569228E+00  0.000000E+00     4  1.384478E-07 -3.164396E+01  1.178640E-07 -7.263514E-08
  1.569228E+00  0.000000E+00     5  1.429501E-01  8.825648E+01  4.349313E-03  1.428839E-01
  1.569228E+00  0.000000E+00     6  5.768109E-10 -1.488379E+02 -4.935811E-10 -2.984769E-10
  1.569228E+00  0.000000E+00     7  1.454368E-01  8.825645E+01  4.425062E-03  1.453695E-01
  1.569228E+00  0.000000E+00     8  7.354047E-09 -7.196027E+01  2.277375E-09 -6.992536E-09
  1.569228E+00  0.000000E+00     9  1.569886E-01 -1.404248E+02 -1.210050E-01 -1.000161E-01
  1.569228E+00  0.000000E+00    10  1.499019E-06 -1.377800E+02 -1.110129E-06 -1.007310E-06
  1.569228E+00  0.000000E+00    11  4.997291E-02  8.825730E+01  1.519732E-03  4.994979E-02
  1.569228E+00  0.000000E+00    12  2.731815E-10 -1.317967E+02 -1.820727E-10 -2.036606E-10
  1.539620E+00  0.000000E+00     1  3.181920E-01  8.867657E+01  7.349050E-03  3.181071E-01
  1.539620E+00  0.000000E+00     2  1.107398E-07  1.485070E+02 -9.442827E-08  5.784983E-08
  1.539620E+00  0.000000E+00     3  4.626950E-01  4.169331E+01  3.455017E-01  3.077585E-01
  1.539620E+00  0.000000E+00     4  8.246671E-08  4.459306E+01  5.872546E-08  5.789714E-08
  1.539620E+00  0.000000E+00     5  1.422463E-01  8.867654E+01  3.285422E-03  1.422084E-01
  1.539620E+00  0.000000E+00     6  5.682534E-10 -1.479805E+02 -4.818038E-10 -3.012922E-10
  1.539620E+00  0.000000E+00     7  1.412704E-01  8.867651E+01  3.262945E-03  1.412327E-01
  1.539620E+00  0.000000E+00     8  1.406016E-07 -8.487808E+01  1.255226E-08 -1.400401E-07
  1.539620E+00  0.000000E+00     9  1.469481E-01 -1.383049E+02 -1.097254E-01 -9.774495E-02
  1.539620E+00  0.000000E+00    10  1.649716E-06 -1.431391E+02 -1.319929E-06 -9.896216E-07
  1.539620E+00  0.000000E+00    11  5.120326E-02  8.867678E+01  1.182415E-03  5.118961E-02
  1.539620E+00  0.000000E+00    12  2.582845E-10 -1.307995E+02 -1.687667E-10 -1.955216E-10
  1.511108E+00  0.000000E+00     1  3.192846E-01  8.917431E+01  4.601067E-03  3.192514E-01
  1.511108E+00  0.000000E+00     2  1.223076E-07 -9.066626E+01 -1.422215E-09 -1.222993E-07
  1.511108E+00  0.000000E+00     3  4.491687E-01  4.385867E+01  3.238736E-01  3.112208E-01
  1.511108E+00  0.000000E+00     4  1.329189E-07  4.094929E+01  1.003923E-07  8.711385E-08
  1.511108E+00  0.000000E+00     5  1.412711E-01  8.917431E+01  2.035790E-03  1.412564E-01
  1.511108E+00  0.000000E+00     6  5.559178E-10 -1.469200E+02 -4.658088E-10 -3.034250E-10
  1.511108E+00  0.000000E+00     7  1.369890E-01  8.917429E+01  1.974138E-03  1.369747E-01
  1.511108E+00  0.000000E+00     8  2.831436E-07 -6.456631E+00  2.813477E-07 -3.183982E-08
  1.511108E+00  0.000000E+00     9  1.373131E-01 -1.361448E+02 -9.901541E-02 -9.513581E-02
  1.511108E+00  0.000000E+00    10  1.190512E-06 -1.019077E+02 -2.456449E-07 -1.164893E-06
  1.511108E+00  0.000000E+00    11  5.224257E-02  8.917484E+01  7.523593E-04  5.223716E-02
  1.511108E+00  0.000000E+00    12  2.539723E-10 -1.283491E+02 -1.575774E-10 -1.991766E-10
  1.483634E+00  0.000000E+00     1  3.198367E-01  8.975323E+01  1.377492E-03  3.198337E-01
  1.483634E+00  0.000000E+00     2  4.326946E-07 -1.545267E+02 -3.906304E-07 -1.860981E-07
  1.483634E+00  0.000000E+00     3  4.359990E-01  4.607067E+01  3.024833E-01  3.140047E-01
  1.483634E+00  0.000000E+00     4  6.502665E-08 -1.155760E+02 -2.807248E-08 -5.865493E-08
  1.483634E+00  0.000000E+00     5  1.400430E-01  8.975321E+01  6.031974E-04  1.400417E-01
  1.483634E+00  0.000000E+00     6  5.537363E-10 -1.424382E+02 -4.389445E-10 -3.375673E-10
  1.483634E+00  0.000000E+00     7  1.326256E-01  8.975321E+01  5.712628E-04  1.326243E-01
  1.483634E+00  0.000000E+00     8  3.865751E-07  1.913213E+01  3.652227E-07  1.266991E-07
  1.483634E+00  0.000000E+00     9  1.283209E-01 -1.339282E+02 -8.902340E-02 -9.241798E-02
  1.483634E+00  0.000000E+00    10  4.064254E-07 -1.213636E+02 -2.115308E-07 -3.470393E-07
  1.483634E+00  0.000000E+00    11  5.308289E-02  8.975352E+01  2.283624E-04  5.308240E-02
  1.483634E+00  0.000000E+00    12  2.409375E-10 -1.274646E+02 -1.465553E-10 -1.912391E-10
  1.457140E+00  0.000000E+00     1  3.198735E-01  9.041632E+01 -2.324231E-03  3.198650E-01
  1.457140E+00  0.000000E+00     2  2.069684E-07  1.493312E+02 -1.780198E-07  1.055692E-07
  1.457140E+00  0.000000E+00     3  4.231758E-01  4.832964E+01  2.813459E-01  3.161048E-01
  1.457140E+00  0.000000E+00     4  2.894323E-08 -1.052051E+02 -7.591070E-09 -2.793002E-08
  1.457140E+00  0.000000E+00     5  1.385808E-01  9.041630E+01 -1.006878E-03  1.385772E-01
  1.457140E+00  0.000000E+00     6  5.358080E-10 -1.411633E+02 -4.173605E-10 -3.360065E-10
  1.457140E+00  0.000000E+00     7  1.282100E-01  9.041631E+01 -9.315596E-04  1.282066E-01
  1.457140E+00  0.000000E+00     8  1.971896E-07  4.421831E+01  1.413234E-07  1.375189E-07
  1.457140E+00  0.000000E+00     9  1.197578E-01 -1.316712E+02 -7.962158E-02 -8.945580E-02
  1.457140E+00  0.000000E+00    10  6.183949E-07 -1.618732E+02 -5.877041E-07 -1.923958E-07
  1.457140E+00  0.000000E+00    11  5.372648E-02  9.041594E+01 -3.900258E-04  5.372507E-02
  1.457140E+00  0.000000E+00    12  2.333151E-10 -1.230410E+02 -1.272124E-10 -1.955835E-10
  1.431576E+00  0.000000E+00     1  3.194242E-01  9.116616E+01 -6.500889E-03  3.193581E-01
  1.431576E+00  0.000000E+00     2  3.193058E-07  1.788214E+02 -3.192383E-07  6.567666E-09
  1.431576E+00  0.000000E+00     3  4.106898E-01  5.063520E+01  2.604823E-01  3.175139E-01
  1.431576E+00  0.000000E+00     4  5.330423E-08 -5.018465E+01  3.413152E-08 -4.094362E-08
  1.431576E+00  0.000000E+00     5  1.369054E-01  9.116618E+01 -2.786319E-03  1.368770E-01
  1.431576E+00  0.000000E+00     6  5.308445E-10 -1.376383E+02 -3.922441E-10 -3.576877E-10
  1.431576E+00  0.000000E+00     7  1.237711E-01  9.116618E+01 -2.519022E-03  1.237454E-01
  1.431576E+00  0.000000E+00     8  2.538427E-07  3.404303E+01  2.103385E-07  1.421050E-07
  1.431576E+00  0.000000E+00     9  1.117099E-01 -1.293635E+02 -7.085070E-02 -8.636706E-02
  1.431576E+00  0.000000E+00    10  5.006838E-07 -9.420693E+01 -3.672962E-08 -4.993347E-07
  1.431576E+00  0.000000E+00    11  5.417170E-02  9.116635E+01 -1.102682E-03  5.416047E-02
  1.431576E+00  0.000000E+00    12  2.320836E-10 -1.220853E+02 -1.232785E-10 -1.966347E-10
  1.406894E+00  0.000000E+00     1  3.185199E-01  9.200491E+01 -1.114345E-02  3.183249E-01
  1.406894E+00  0.000000E+00     2  3.450093E-07 -1.739657E+02 -3.430976E-07 -3.626879E-08
  1.406894E+00  0.000000E+00     3  3.985319E-01  5.298732E+01  2.399129E-01  3.182286E-01
  1.406894E+00  0.000000E+00     4  9.764055E-08 -8.065617E+01  1.585278E-08 -9.634504E-08
  1.406894E+00  0.000000E+00     5  1.350368E-01  9.200491E+01 -4.724281E-03  1.349541E-01
  1.406894E+00  0.000000E+00     6  5.292798E-10 -1.352963E+02 -3.761879E-10 -3.723167E-10
  1.406894E+00  0.000000E+00     7  1.193345E-01  9.200491E+01 -4.174946E-03  1.192615E-01
  1.406894E+00  0.000000E+00     8  3.587592E-07  3.417753E+01  2.968018E-07  2.015362E-07
  1.406894E+00  0.000000E+00     9  1.041444E-01 -1.270137E+02 -6.269558E-02 -8.315842E-02
  1.406894E+00  0.000000E+00    10  5.693939E-07  6.447445E+01  2.453595E-07  5.138172E-07
  1.406894E+00  0.000000E+00    11  5.442173E-02  9.200511E+01 -1.904141E-03  5.438840E-02
  1.406894E+00  0.000000E+00    12  2.211205E-10 -1.185650E+02 -1.057299E-10 -1.942047E-10
  1.383048E+00  0.000000E+00     1  3.171919E-01  9.293431E+01 -1.623734E-02  3.167760E-01
  1.383048E+00  0.000000E+00     2  2.738296E-07  8.056089E+01  4.490789E-08  2.701220E-07
  1.383048E+00  0.000000E+00     3  3.866932E-01  5.538583E+01  2.196600E-01  3.182469E-01
  1.383048E+00  0.000000E+00     4  1.939578E-07 -1.113246E+02 -7.053291E-08 -1.806786E-07
  1.383048E+00  0.000000E+00     5  1.329959E-01  9.293430E+01 -6.808155E-03  1.328216E-01
  1.383048E+00  0.000000E+00     6  5.264407E-10 -1.323363E+02 -3.545478E-10 -3.891473E-10
  1.383048E+00  0.000000E+00     7  1.149232E-01  9.293430E+01 -5.883018E-03  1.147726E-01
  1.383048E+00  0.000000E+00     8  3.531420E-07  2.556350E+01  3.185720E-07  1.523847E-07
  1.383048E+00  0.000000E+00     9  9.706339E-02 -1.246141E+02 -5.513656E-02 -7.988280E-02
  1.383048E+00  0.000000E+00    10  7.597833E-07  6.944182E+01  2.668042E-07  7.113973E-07
  1.383048E+00  0.000000E+00    11  5.448652E-02  9.293426E+01 -2.789167E-03  5.441508E-02
  1.383048E+00  0.000000E+00    12  2.156084E-10 -1.162777E+02 -9.545454E-11 -1.933272E-10
  1.359997E+00  0.000000E+00     1  3.154755E-01  9.395565E+01 -2.176285E-02  3.147239E-01
  1.359997E+00  0.000000E+00     2  5.460712E-07  7.775057E+01  1.158588E-07  5.336390E-07
  1.359997E+00  0.000000E+00     3  3.751655E-01  5.783084E+01  1.997459E-01  3.175700E-01
  1.359997E+00  0.000000E+00     4  1.758103E-07 -1.352248E+02 -1.248034E-07 -1.238280E-07
  1.359997E+00  0.000000E+00     5  1.308030E-01  9.395566E+01 -9.023369E-03  1.304914E-01
  1.359997E+00  0.000000E+00     6  5.120731E-10 -1.310305E+02 -3.361561E-10 -3.862873E-10
  1.359997E+00  0.000000E+00     7  1.105578E-01  9.395565E+01 -7.626756E-03  1.102945E-01
  1.359997E+00  0.000000E+00     8  4.600115E-07  4.208403E+01  3.414034E-07  3.083088E-07
  1.359997E+00  0.000000E+00     9  9.044429E-02 -1.221688E+02 -4.815396E-02 -7.655956E-02
  1.359997E+00  0.000000E+00    10  3.599300E-07  1.044640E+02 -8.990031E-08  3.485219E-07
  1.359997E+00  0.000000E+00    11  5.437157E-02  9.395569E+01 -3.750818E-03  5.424204E-02
  1.359997E+00  0.000000E+00    12  1.985331E-10 -1.137011E+02 -7.980337E-11 -1.817878E-10
  1.337702E+00  0.000000E+00     1  3.134032E-01  9.506995E+01 -2.769601E-02  3.121770E-01
  1.337702E+00  0.000000E+00     2  3.804147E-07  3.911919E+01  2.951391E-07  2.400172E-07
  1.337702E+00  0.000000E+00     3  3.639405E-01  6.032233E+01  1.801943E-01  3.162005E-01
  1.337702E+00  0.000000E+00     4  8.399638E-08 -1.630736E+02 -8.035760E-08 -2.445500E-08
  1.337702E+00  0.000000E+00     5  1.284780E-01  9.506995E+01 -1.135384E-02  1.279753E-01
  1.337702E+00  0.000000E+00     6  5.084181E-10 -1.273330E+02 -3.083286E-10 -4.042555E-10
  1.337702E+00  0.000000E+00     7  1.062565E-01  9.506995E+01 -9.390086E-03  1.058407E-01
  1.337702E+00  0.000000E+00     8  4.602765E-07  4.978704E+01  2.971685E-07  3.514901E-07
  1.337702E+00  0.000000E+00     9  8.427570E-02 -1.196780E+02 -4.172707E-02 -7.322052E-02
  1.337702E+00  0.000000E+00    10  7.324446E-07  8.319793E+01  8.675066E-08  7.272890E-07
  1.337702E+00  0.000000E+00    11  5.408783E-02  9.506973E+01 -4.779638E-03  5.387624E-02
  1.337702E+00  0.000000E+00    12  1.996986E-10 -1.135830E+02 -7.989480E-11 -1.830201E-10
  1.316126E+00  0.000000E+00     1  3.110073E-01  9.627778E+01 -3.400828E-02  3.091424E-01
  1.316126E+00  0.000000E+00     2  2.181870E-07  2.003949E+01  2.049772E-07  7.476566E-08
  1.316126E+00  0.000000E+00     3  3.530111E-01  6.286040E+01  1.610296E-01  3.141438E-01
  1.316126E+00  0.000000E+00     4  1.324970E-07 -1.774636E+02 -1.323672E-07 -5.863482E-09
  1.316126E+00  0.000000E+00     5  1.260402E-01  9.627779E+01 -1.378237E-02  1.252844E-01
  1.316126E+00  0.000000E+00     6  5.044457E-10 -1.243057E+02 -2.843095E-10 -4.166936E-10
  1.316126E+00  0.000000E+00     7  1.020342E-01  9.627777E+01 -1.115731E-02  1.014224E-01
  1.316126E+00  0.000000E+00     8  4.191119E-07  3.911540E+01  3.251793E-07  2.644111E-07
  1.316126E+00  0.000000E+00     9  7.852553E-02 -1.171398E+02 -3.582050E-02 -6.987954E-02
  1.316126E+00  0.000000E+00    10  5.879523E-07  6.170673E+01  2.786805E-07  5.177114E-07
  1.316126E+00  0.000000E+00    11  5.364868E-02  9.627769E+01 -5.866340E-03  5.332699E-02
  1.316126E+00  0.000000E+00    12  1.967652E-10 -1.107360E+02 -6.966708E-11 -1.840192E-10
  1.295235E+00  0.000000E+00     1  3.083218E-01  9.757947E+01 -4.066801E-02  3.056280E-01
  1.295235E+00  0.000000E+00     2  2.866786E-07  1.014250E+01  2.821986E-07  5.048323E-08
  1.295235E+00  0.000000E+00     3  3.423700E-01  6.544505E+01  1.422773E-01  3.114072E-01
  1.295235E+00  0.000000E+00     4  1.462069E-07 -1.773801E+02 -1.460541E-07 -6.683081E-09
  1.295235E+00  0.000000E+00     5  1.235072E-01  9.757947E+01 -1.629074E-02  1.224281E-01
  1.295235E+00  0.000000E+00     6  4.927401E-10 -1.216674E+02 -2.586823E-10 -4.193761E-10
  1.295235E+00  0.000000E+00     7  9.790388E-02  9.757947E+01 -1.291363E-02  9.704848E-02
  1.295235E+00  0.000000E+00     8  4.417123E-07  5.167664E+01  2.739054E-07  3.465337E-07
  1.295235E+00  0.000000E+00     9  7.319323E-02 -1.145550E+02 -3.041665E-02 -6.657384E-02
  1.295235E+00  0.000000E+00    10  8.682764E-07  7.151987E+01  2.752225E-07  8.235025E-07
  1.295235E+00  0.000000E+00    11  5.306483E-02  9.757958E+01 -6.999414E-03  5.260119E-02
  1.295235E+00  0.000000E+00    12  1.885300E-10 -1.074212E+02 -5.644477E-11 -1.798821E-10
  1.274997E+00  0.000000E+00     1  3.053772E-01  9.897504E+01 -4.764013E-02  3.016383E-01
  1.274997E+00  0.000000E+00     2  4.797737E-07  4.578819E+01  3.345524E-07  3.438859E-07
  1.274997E+00  0.000000E+00     3  3.320104E-01  6.807645E+01  1.239624E-01  3.080003E-01
  1.274997E+00  0.000000E+00     4  1.807925E-07 -1.586093E+02 -1.683386E-07 -6.593984E-08
  1.274997E+00  0.000000E+00     5  1.208968E-01  9.897501E+01 -1.886033E-02  1.194166E-01
  1.274997E+00  0.000000E+00     6  4.948082E-10 -1.182356E+02 -2.340930E-10 -4.359308E-10
  1.274997E+00  0.000000E+00     7  9.387581E-02  9.897502E+01 -1.464499E-02  9.272644E-02
  1.274997E+00  0.000000E+00     8  3.547473E-07  5.148272E+01  2.209191E-07  2.775615E-07
  1.274997E+00  0.000000E+00     9  6.824347E-02 -1.119237E+02 -2.548013E-02 -6.330825E-02
  1.274997E+00  0.000000E+00    10  4.657021E-07  9.563882E+01 -4.575853E-08  4.634486E-07
  1.274997E+00  0.000000E+00    11  5.235157E-02  9.897493E+01 -8.166960E-03  5.171062E-02
  1.274997E+00  0.000000E+00    12  1.823167E-10 -1.032365E+02 -4.174514E-11 -1.774732E-10
  1.255382E+00  0.000000E+00     1  3.022036E-01  1.004643E+02 -5.488683E-02  2.971774E-01
  1.255382E+00  0.000000E+00     2  3.306963E-07  3.815230E+01  2.600501E-07  2.042889E-07
  1.255382E+00  0.000000E+00     3  3.219254E-01  7.075468E+01  1.061110E-01  3.039349E-01
  1.255382E+00  0.000000E+00     4  1.546367E-07 -1.673230E+02 -1.508671E-07 -3.393570E-08
  1.255382E+00  0.000000E+00     5  1.182245E-01  1.004642E+02 -2.147209E-02  1.162583E-01
  1.255382E+00  0.000000E+00     6  4.817251E-10 -1.162498E+02 -2.130602E-10 -4.320468E-10
  1.255382E+00  0.000000E+00     7  8.995845E-02  1.004642E+02 -1.633837E-02  8.846232E-02
  1.255382E+00  0.000000E+00     8  3.386663E-07  6.468603E+01  1.448063E-07  3.061470E-07
  1.255382E+00  0.000000E+00     9  6.365974E-02 -1.092448E+02 -2.098253E-02 -6.010238E-02
  1.255382E+00  0.000000E+00    10  8.585052E-07  7.179908E+01  2.681543E-07  8.155517E-07
  1.255382E+00  0.000000E+00    11  5.152113E-02  1.004645E+02 -9.357619E-03  5.066420E-02
  1.255382E+00  0.000000E+00    12  1.798561E-10 -1.022888E+02 -3.828059E-11 -1.757350E-10
  1.236361E+00  0.000000E+00     1  2.988294E-01  1.020466E+02 -6.236793E-02  2.922486E-01
  1.236361E+00  0.000000E+00     2  3.685287E-07  5.573303E+01  2.075000E-07  3.045606E-07
  1.236361E+00  0.000000E+00     3  3.121089E-01  7.347987E+01  8.874887E-02  2.992250E-01
  1.236361E+00  0.000000E+00     4  2.114903E-07 -1.792244E+02 -2.114709E-07 -2.862786E-09
  1.236361E+00  0.000000E+00     5  1.155050E-01  1.020466E+02 -2.410675E-02  1.129614E-01
  1.236361E+00  0.000000E+00     6  4.731455E-10 -1.144902E+02 -1.961363E-10 -4.305777E-10
  1.236361E+00  0.000000E+00     7  8.615819E-02  1.020466E+02 -1.798188E-02  8.426082E-02
  1.236361E+00  0.000000E+00     8  5.670789E-07  5.542004E+01  3.218489E-07  4.668959E-07
  1.236361E+00  0.000000E+00     9  5.941610E-02 -1.065198E+02 -1.689472E-02 -5.696351E-02
  1.236361E+00  0.000000E+00    10  3.788674E-07  1.158963E+02 -1.654679E-07  3.408238E-07
  1.236361E+00  0.000000E+00    11  5.058878E-02  1.020467E+02 -1.055829E-02  4.947472E-02
  1.236361E+00  0.000000E+00    12  1.704545E-10 -9.998834E+01 -2.956495E-11 -1.678709E-10
  1.217908E+00  0.000000E+00     1  2.952814E-01  1.037216E+02 -7.004213E-02  2.868539E-01
  1.217908E+00  0.000000E+00     2  4.033764E-07  6.536063E+01  1.681698E-07  3.666489E-07
  1.217908E+00  0.000000E+00     3  3.025538E-01  7.625217E+01  7.190166E-02  2.938859E-01
  1.217908E+00  0.000000E+00     4  1.721565E-07 -1.583833E+02 -1.600485E-07 -6.342182E-08
  1.217908E+00  0.000000E+00     5  1.127520E-01  1.037216E+02 -2.674520E-02  1.095341E-01
  1.217908E+00  0.000000E+00     6  4.816095E-10 -1.120978E+02 -1.811758E-10 -4.462321E-10
  1.217908E+00  0.000000E+00     7  8.248002E-02  1.037215E+02 -1.956455E-02  8.012604E-02
  1.217908E+00  0.000000E+00     8  4.984151E-07  6.495180E+01  2.110193E-07  4.515401E-07
  1.217908E+00  0.000000E+00     9  5.548946E-02 -1.037479E+02 -1.318707E-02 -5.389974E-02
  1.217908E+00  0.000000E+00    10  2.684826E-07  1.550273E+02 -2.433818E-07  1.133498E-07
  1.217908E+00  0.000000E+00    11  4.956716E-02  1.037217E+02 -1.175762E-02  4.815248E-02
  1.217908E+00  0.000000E+00    12  1.655280E-10 -9.421097E+01 -1.215457E-11 -1.650811E-10
  1.199997E+00  0.000000E+00     1  2.915839E-01  1.054883E+02 -7.786514E-02  2.809950E-01
  1.199997E+00  0.000000E+00     2  4.515204E-07  4.959394E+01  2.926757E-07  3.438191E-07
  1.199997E+00  0.000000E+00     3  2.932549E-01  7.907167E+01  5.559555E-02  2.879368E-01
  1.199997E+00  0.000000E+00     4  1.300552E-07 -1.748896E+02 -1.295383E-07 -1.158461E-08
  1.199997E+00  0.000000E+00     5  1.099775E-01  1.054883E+02 -2.936857E-02  1.059837E-01
  1.199997E+00  0.000000E+00     6  4.727841E-10 -1.091881E+02 -1.553898E-10 -4.465185E-10
  1.199997E+00  0.000000E+00     7  7.892654E-02  1.054883E+02 -2.107669E-02  7.606032E-02
  1.199997E+00  0.000000E+00     8  4.397321E-07  6.383516E+01  1.939021E-07  3.946724E-07
  1.199997E+00  0.000000E+00     9  5.187130E-02 -1.009277E+02 -9.833271E-03 -5.093072E-02
  1.199997E+00  0.000000E+00    10  2.512807E-07 -1.219297E+02 -1.328968E-07 -2.132614E-07
  1.199997E+00  0.000000E+00    11  4.846926E-02  1.054882E+02 -1.294323E-02  4.670912E-02
  1.199997E+00  0.000000E+00    12  1.666027E-10 -9.230579E+01 -6.702888E-12 -1.664678E-10
  1.182606E+00  0.000000E+00     1  2.877607E-01  1.073459E+02 -8.579286E-02  2.746740E-01
  1.182606E+00  0.000000E+00     2  2.491273E-07  2.180230E+01  2.313074E-07  9.252715E-08
  1.182606E+00  0.000000E+00     3  2.842062E-01  8.193836E+01  3.985662E-02  2.813976E-01
  1.182606E+00  0.000000E+00     4  9.397145E-08 -1.468102E+02 -7.864110E-08 -5.144133E-08
  1.182606E+00  0.000000E+00     5  1.071928E-01  1.073459E+02 -3.195843E-02  1.023180E-01
  1.182606E+00  0.000000E+00     6  4.767167E-10 -1.073551E+02 -1.422015E-10 -4.550138E-10
  1.182606E+00  0.000000E+00     7  7.550011E-02  1.073459E+02 -2.250960E-02  7.206652E-02
  1.182606E+00  0.000000E+00     8  4.593682E-07  6.353327E+01  2.047303E-07  4.112233E-07
  1.182606E+00  0.000000E+00     9  4.852815E-02 -9.806128E+01 -6.805205E-03 -4.804862E-02
  1.182606E+00  0.000000E+00    10  2.505037E-07 -1.789166E+02 -2.504589E-07 -4.736439E-09
  1.182606E+00  0.000000E+00    11  4.730766E-02  1.073460E+02 -1.410438E-02  4.515619E-02
  1.182606E+00  0.000000E+00    12  1.607217E-10 -9.000000E+01  2.492312E-13 -1.607215E-10
  1.165712E+00  0.000000E+00     1  2.838326E-01  1.092933E+02 -9.377946E-02  2.678924E-01
  1.165712E+00  0.000000E+00     2  3.125496E-07 -4.066189E+01  2.370901E-07 -2.036555E-07
  1.165712E+00  0.000000E+00     3  2.754018E-01  8.485284E+01  2.470746E-02  2.742913E-01
  1.165712E+00  0.000000E+00     4  1.165903E-07 -1.070464E+02 -3.417807E-08 -1.114682E-07
  1.165712E+00  0.000000E+00     5  1.044077E-01  1.092933E+02 -3.449674E-02  9.854414E-02
  1.165712E+00  0.000000E+00     6  4.733170E-10 -1.048208E+02 -1.210731E-10 -4.575700E-10
  1.165712E+00  0.000000E+00     7  7.220082E-02  1.092933E+02 -2.385549E-02  6.814598E-02
  1.165712E+00  0.000000E+00     8  4.749193E-07  7.021729E+01  1.607383E-07  4.468909E-07
  1.165712E+00  0.000000E+00     9  4.545005E-02 -9.514684E+01 -4.077263E-03 -4.526680E-02
  1.165712E+00  0.000000E+00    10  1.371372E-08  3.284381E+01  1.152161E-08  7.437644E-09
  1.165712E+00  0.000000E+00    11  4.609494E-02  1.092933E+02 -1.522997E-02  4.350622E-02
  1.165712E+00  0.000000E+00    12  1.554590E-10 -8.751741E+01  6.733836E-12 -1.553131E-10
  1.149293E+00  0.000000E+00     1  2.798187E-01  1.113295E+02 -1.017785E-01  2.606523E-01
  1.149293E+00  0.000000E+00     2  2.420920E-07 -4.192588E+01  1.801188E-07 -1.617583E-07
  1.149293E+00  0.000000E+00     3  2.668387E-01  8.781487E+01  1.017414E-02  2.666447E-01
  1.149293E+00  0.000000E+00     4  1.619188E-07 -1.236448E+02 -8.970984E-08 -1.347955E-07
  1.149293E+00  0.000000E+00     5  1.016310E-01  1.113294E+02 -3.696620E-02  9.466977E-02
  1.149293E+00  0.000000E+00     6  4.839194E-10 -1.030375E+02 -1.091670E-10 -4.714452E-10
  1.149293E+00  0.000000E+00     7  6.902865E-02  1.113295E+02 -2.510782E-02  6.430048E-02
  1.149293E+00  0.000000E+00     8  5.817380E-07  7.429256E+01  1.574913E-07  5.600140E-07
  1.149293E+00  0.000000E+00     9  4.260486E-02 -9.218452E+01 -1.624001E-03 -4.257390E-02
  1.149293E+00  0.000000E+00    10  2.133192E-07 -1.103290E+02 -7.410944E-08 -2.000321E-07
  1.149293E+00  0.000000E+00    11  4.484147E-02  1.113293E+02 -1.631006E-02  4.177008E-02
  1.149293E+00  0.000000E+00    12  1.561699E-10 -8.217486E+01  2.126258E-11 -1.547157E-10
  1.133331E+00  0.000000E+00     1  2.757369E-01  1.134532E+02 -1.097434E-01  2.529569E-01
  1.133331E+00  0.000000E+00     2  2.674113E-07 -2.014303E+01  2.510554E-07 -9.208705E-08
  1.133331E+00  0.000000E+00     3  2.585103E-01  9.082462E+01 -3.720416E-03  2.584836E-01
  1.133331E+00  0.000000E+00     4  1.125868E-07 -1.568261E+02 -1.035027E-07 -4.430549E-08
  1.133331E+00  0.000000E+00     5  9.887079E-02  1.134532E+02 -3.935050E-02  9.070265E-02
  1.133331E+00  0.000000E+00     6  4.888280E-10 -9.847218E+01 -7.201859E-11 -4.834937E-10
  1.133331E+00  0.000000E+00     7  6.598227E-02  1.134533E+02 -2.626105E-02  6.053112E-02
  1.133331E+00  0.000000E+00     8  4.478044E-07  7.320550E+01  1.293886E-07  4.287043E-07
  1.133331E+00  0.000000E+00     9  3.998048E-02 -8.917477E+01  5.758143E-04 -3.997634E-02
  1.133331E+00  0.000000E+00    10  5.702748E-07 -1.112774E+02 -2.069430E-07 -5.314019E-07
  1.133331E+00  0.000000E+00    11  4.355749E-02  1.134535E+02 -1.733606E-02  3.995892E-02
  1.133331E+00  0.000000E+00    12  1.523118E-10 -7.995004E+01  2.657945E-11 -1.499748E-10
  1.117805E+00  0.000000E+00     1  2.716032E-01  1.156634E+02 -1.176267E-01  2.448107E-01
  1.117805E+00  0.000000E+00     2  6.003112E-07  3.929980E+01  4.645463E-07  3.802240E-07
  1.117805E+00  0.000000E+00     3  2.504011E-01  9.388229E+01 -1.695385E-02  2.498265E-01
  1.117805E+00  0.000000E+00     4  3.031514E-07 -1.177935E+02 -1.413554E-07 -2.681779E-07
  1.117805E+00  0.000000E+00     5  9.613363E-02  1.156632E+02 -4.163363E-02  8.665054E-02
  1.117805E+00  0.000000E+00     6  4.821756E-10 -9.588996E+01 -4.948005E-11 -4.796301E-10
  1.117805E+00  0.000000E+00     7  6.305996E-02  1.156634E+02 -2.731022E-02  5.683934E-02
  1.117805E+00  0.000000E+00     8  4.559676E-07  7.408617E+01  1.250224E-07  4.384927E-07
  1.117805E+00  0.000000E+00     9  3.755924E-02 -8.611724E+01  2.543328E-03 -3.747303E-02
  1.117805E+00  0.000000E+00    10  3.420200E-07 -1.021414E+02 -7.193518E-08 -3.343696E-07
  1.117805E+00  0.000000E+00    11  4.225328E-02  1.156632E+02 -1.829909E-02  3.808521E-02
  1.117805E+00  0.000000E+00    12  1.487496E-10 -7.740283E+01  3.244153E-11 -1.451688E-10
  1.102700E+00  0.000000E+00     1  2.674330E-01  1.179586E+02 -1.253816E-01  2.362199E-01
  1.102700E+00  0.000000E+00     2  5.526033E-07  4.676079E+01  3.785586E-07  4.025715E-07
  1.102700E+00  0.000000E+00     3  2.425225E-01  9.698846E+01 -2.950756E-02  2.407207E-01
  1.102700E+00  0.000000E+00     4  1.390619E-07 -1.464176E+02 -1.158512E-07 -7.692010E-08
  1.102700E+00  0.000000E+00     5  9.342563E-02  1.179585E+02 -4.380084E-02  8.252173E-02
  1.102700E+00  0.000000E+00     6  4.755168E-10 -9.535772E+01 -4.440072E-11 -4.734394E-10
  1.102700E+00  0.000000E+00     7  6.025919E-02  1.179586E+02 -2.825153E-02  5.322613E-02
  1.102700E+00  0.000000E+00     8  4.789447E-07  8.317757E+01  5.689509E-08  4.755534E-07
  1.102700E+00  0.000000E+00     9  3.532511E-02 -8.301158E+01  4.297964E-03 -3.506267E-02
  1.102700E+00  0.000000E+00    10  3.456024E-07 -9.145708E+01 -8.787995E-09 -3.454906E-07
  1.102700E+00  0.000000E+00    11  4.093625E-02  1.179587E+02 -1.919238E-02  3.615839E-02
  1.102700E+00  0.000000E+00    12  1.470526E-10 -7.518697E+01  3.759631E-11 -1.421653E-10
  1.087997E+00  0.000000E+00     1  2.632379E-01  1.203378E+02 -1.329608E-01  2.271907E-01
  1.087997E+00  0.000000E+00     2  5.966260E-07  5.279252E+01  3.607816E-07  4.751833E-07
  1.087997E+00  0.000000E+00     3  2.348604E-01  1.001427E+02 -4.135915E-02  2.311900E-01
  1.087997E+00  0.000000E+00     4  1.625156E-07 -1.565541E+02 -1.490977E-07 -6.466217E-08
  1.087997E+00  0.000000E+00     5  9.075207E-02  1.203376E+02 -4.583838E-02  7.832485E-02
  1.087997E+00  0.000000E+00     6  4.895186E-10 -9.233788E+01 -1.996866E-11 -4.891112E-10
  1.087997E+00  0.000000E+00     7  5.757696E-02  1.203378E+02 -2.908196E-02  4.969252E-02
  1.087997E+00  0.000000E+00     8  5.155638E-07  8.486272E+01  4.616484E-08  5.134928E-07
  1.087997E+00  0.000000E+00     9  3.326446E-02 -7.985762E+01  5.857700E-03 -3.274464E-02
  1.087997E+00  0.000000E+00    10  7.297503E-07 -9.771294E+01 -9.793968E-08 -7.231482E-07
  1.087997E+00  0.000000E+00    11  3.961496E-02  1.203376E+02 -2.000931E-02  3.419024E-02
  1.087997E+00  0.000000E+00    12  1.420195E-10 -7.172372E+01  4.453724E-11 -1.348554E-10
  1.073681E+00  0.000000E+00     1  2.590298E-01  1.227996E+02 -1.403172E-01  2.177327E-01
  1.073681E+00  0.000000E+00     2  6.594598E-07  5.967641E+01  3.329501E-07  5.692376E-07
  1.073681E+00  0.000000E+00     3  2.274092E-01  1.033454E+02 -5.249061E-02  2.212683E-01
  1.073681E+00  0.000000E+00     4  2.217057E-07 -1.145182E+02 -9.200399E-08 -2.017144E-07
  1.073681E+00  0.000000E+00     5  8.811663E-02  1.227994E+02 -4.773276E-02  7.406837E-02
  1.073681E+00  0.000000E+00     6  4.575839E-10 -9.261003E+01 -2.083739E-11 -4.571092E-10
  1.073681E+00  0.000000E+00     7  5.501021E-02  1.227995E+02 -2.979908E-02  4.624001E-02
  1.073681E+00  0.000000E+00     8  4.945402E-07  8.795988E+01  1.760529E-08  4.942267E-07
  1.073681E+00  0.000000E+00     9  3.135826E-02 -7.665480E+01  7.238032E-03 -3.051149E-02
  1.073681E+00  0.000000E+00    10  1.065652E-06 -9.036937E+01 -6.869799E-09 -1.065629E-06
  1.073681E+00  0.000000E+00    11  3.829533E-02  1.227996E+02 -2.074466E-02  3.218992E-02
  1.073681E+00  0.000000E+00    12  1.418256E-10 -6.919061E+01  5.038499E-11 -1.325740E-10
  1.059738E+00  0.000000E+00     1  2.548203E-01  1.253428E+02 -1.474050E-01  2.078585E-01
  1.059738E+00  0.000000E+00     2  4.017537E-07 -8.490836E+01  3.565522E-08 -4.001684E-07
  1.059738E+00  0.000000E+00     3  2.201714E-01  1.065959E+02 -6.288546E-02  2.109996E-01
  1.059738E+00  0.000000E+00     4  8.086888E-08  1.355987E+02 -5.777729E-08  5.658233E-08
  1.059738E+00  0.000000E+00     5  8.552398E-02  1.253427E+02 -4.947266E-02  6.976251E-02
  1.059738E+00  0.000000E+00     6  4.666955E-10 -9.000000E+01 -4.888392E-12 -4.666699E-10
  1.059738E+00  0.000000E+00     7  5.255521E-02  1.253428E+02 -3.040149E-02  4.286956E-02
  1.059738E+00  0.000000E+00     8  4.003522E-07  8.668561E+01  2.314632E-08  3.996826E-07
  1.059738E+00  0.000000E+00     9  2.959974E-02 -7.340347E+01  8.454587E-03 -2.836661E-02
  1.059738E+00  0.000000E+00    10  1.038793E-06 -8.236787E+01  1.379645E-07 -1.029591E-06
  1.059738E+00  0.000000E+00    11  3.698403E-02  1.253427E+02 -2.139401E-02  3.016812E-02
  1.059738E+00  0.000000E+00    12  1.375601E-10 -6.648779E+01  5.487885E-11 -1.261392E-10
  1.046151E+00  0.000000E+00     1  2.506168E-01  1.279662E+02 -1.541785E-01  1.975798E-01
  1.046151E+00  0.000000E+00     2  5.592728E-07 -9.985921E+01 -9.576295E-08 -5.510132E-07
  1.046151E+00  0.000000E+00     3  2.131331E-01  1.098957E+02 -7.253110E-02  2.004120E-01
  1.046151E+00  0.000000E+00     4  1.752956E-08 -1.099350E+02 -5.976757E-09 -1.647919E-08
  1.046151E+00  0.000000E+00     5  8.297677E-02  1.279661E+02 -5.104689E-02  6.541681E-02
  1.046151E+00  0.000000E+00     6  4.633030E-10 -8.799843E+01  1.618175E-11 -4.630203E-10
  1.046151E+00  0.000000E+00     7  5.020852E-02  1.279663E+02 -3.088817E-02  3.958303E-02
  1.046151E+00  0.000000E+00     8  4.760413E-07  9.278102E+01 -2.309700E-08  4.754807E-07
  1.046151E+00  0.000000E+00     9  2.797018E-02 -7.010390E+01  9.518685E-03 -2.630068E-02
  1.046151E+00  0.000000E+00    10  9.853605E-07 -7.700820E+01  2.215204E-07 -9.601375E-07
  1.046151E+00  0.000000E+00    11  3.568589E-02  1.279664E+02 -2.195394E-02  2.813374E-02
  1.046151E+00  0.000000E+00    12  1.408676E-10 -6.251288E+01  6.501735E-11 -1.249657E-10
  1.032909E+00  0.000000E+00     1  2.464286E-01  1.306686E+02 -1.605932E-01  1.869141E-01
  1.032909E+00  0.000000E+00     2  9.808549E-07 -6.469836E+01  4.192015E-07 -8.867618E-07
  1.032909E+00  0.000000E+00     3  2.062950E-01  1.132442E+02 -8.141437E-02  1.895503E-01
  1.032909E+00  0.000000E+00     4  1.035717E-07  3.194601E+01  8.788549E-08  5.480187E-08
  1.032909E+00  0.000000E+00     5  8.047779E-02  1.306685E+02 -5.244591E-02  6.104179E-02
  1.032909E+00  0.000000E+00     6  4.642887E-10 -8.592166E+01  3.302036E-11 -4.631130E-10
  1.032909E+00  0.000000E+00     7  4.796639E-02  1.306686E+02 -3.125887E-02  3.638211E-02
  1.032909E+00  0.000000E+00     8  5.761698E-07  9.462566E+01 -4.646534E-08  5.742931E-07
  1.032909E+00  0.000000E+00     9  2.646140E-02 -6.675550E+01  1.044314E-02 -2.431351E-02
  1.032909E+00  0.000000E+00    10  7.862974E-07 -7.196577E+01  2.434259E-07 -7.476680E-07
  1.032909E+00  0.000000E+00    11  3.440547E-02  1.306687E+02 -2.242148E-02  2.609624E-02
  1.032909E+00  0.000000E+00    12  1.406947E-10 -6.049006E+01  6.930266E-11 -1.224424E-10
  1.019997E+00  0.000000E+00     1  2.422619E-01  1.334488E+02 -1.666049E-01  1.758797E-01
  1.019997E+00  0.000000E+00     2  7.204980E-07 -9.974490E+01 -1.219527E-07 -7.101020E-07
  1.019997E+00  0.000000E+00     3  1.996533E-01  1.166415E+02 -8.952572E-02  1.784561E-01
  1.019997E+00  0.000000E+00     4  9.127130E-08  6.888299E+01  3.288267E-08  8.514211E-08
  1.019997E+00  0.000000E+00     5  7.802894E-02  1.334487E+02 -5.366090E-02  5.664824E-02
  1.019997E+00  0.000000E+00     6  4.665775E-10 -8.412108E+01  4.778995E-11 -4.641235E-10
  1.019997E+00  0.000000E+00     7  4.582460E-02  1.334488E+02 -3.151387E-02  3.326815E-02
  1.019997E+00  0.000000E+00     8  4.746890E-07  1.025020E+02 -1.027577E-07  4.634334E-07
  1.019997E+00  0.000000E+00     9  2.505416E-02 -6.335774E+01  1.123475E-02 -2.239401E-02
  1.019997E+00  0.000000E+00    10  7.377835E-07 -6.996235E+01  2.527924E-07 -6.931237E-07
  1.019997E+00  0.000000E+00    11  3.314797E-02  1.334489E+02 -2.279609E-02  2.406504E-02
  1.019997E+00  0.000000E+00    12  1.439607E-10 -5.261693E+01  8.740449E-11 -1.143903E-10
  1.007405E+00  0.000000E+00     1  2.381237E-01  1.363056E+02 -1.721717E-01  1.644986E-01
  1.007405E+00  0.000000E+00     2  9.588309E-07 -8.629034E+01  6.203702E-08 -9.568219E-07
  1.007405E+00  0.000000E+00     3  1.931988E-01  1.200878E+02 -9.685569E-02  1.671668E-01
  1.007405E+00  0.000000E+00     4  2.776864E-08  2.869321E+00  2.773383E-08  1.390048E-09
  1.007405E+00  0.000000E+00     5  7.563220E-02  1.363056E+02 -5.468469E-02  5.224762E-02
  1.007405E+00  0.000000E+00     6  4.337540E-10 -8.396861E+01  4.557602E-11 -4.313530E-10
  1.007405E+00  0.000000E+00     7  4.377946E-02  1.363057E+02 -3.165410E-02  3.024332E-02
  1.007405E+00  0.000000E+00     8  4.900204E-07  1.023565E+02 -1.048613E-07  4.786691E-07
  1.007405E+00  0.000000E+00     9  2.375677E-02 -5.991289E+01  1.190965E-02 -2.055588E-02
  1.007405E+00  0.000000E+00    10  1.225502E-06 -7.327896E+01  3.525920E-07 -1.173684E-06
  1.007405E+00  0.000000E+00    11  3.191442E-02  1.363057E+02 -2.307526E-02  2.204682E-02
  1.007405E+00  0.000000E+00    12  1.342608E-10 -5.001440E+01  8.627535E-11 -1.028714E-10
  9.951193E-01  0.000000E+00     1  2.340190E-01  1.392381E+02 -1.772529E-01  1.527950E-01
  9.951193E-01  0.000000E+00     2  3.695366E-07 -6.437090E+01  1.598407E-07 -3.331789E-07
  9.951193E-01  0.000000E+00     3  1.869296E-01  1.235833E+02 -1.033998E-01  1.557278E-01
  9.951193E-01  0.000000E+00     4  1.696980E-07 -3.553643E+01  1.380911E-07 -9.863194E-08
  9.951193E-01  0.000000E+00     5  7.328860E-02  1.392381E+02 -5.551094E-02  4.785137E-02
  9.951193E-01  0.000000E+00     6  4.331566E-10 -8.103545E+01  6.749586E-11 -4.278656E-10
  9.951193E-01  0.000000E+00     7  4.182734E-02  1.392382E+02 -3.168132E-02  2.730972E-02
  9.951193E-01  0.000000E+00     8  4.769540E-07  1.077346E+02 -1.452842E-07  4.542880E-07
  9.951193E-01  0.000000E+00     9  2.254891E-02 -5.641759E+01  1.247261E-02 -1.878529E-02
  9.951193E-01  0.000000E+00    10  1.122266E-06 -6.571799E+01  4.615073E-07 -1.022982E-06
  9.951193E-01  0.000000E+00    11  3.070751E-02  1.392386E+02 -2.325896E-02  2.004924E-02
  9.951193E-01  0.000000E+00    12  1.279236E-10 -4.638433E+01  8.824397E-11 -9.261455E-11
  9.831299E-01  0.000000E+00     1  2.299529E-01  1.422450E+02 -1.818091E-01  1.407969E-01
  9.831299E-01  0.000000E+00     2  1.195058E-06  1.994537E+00  1.194334E-06  4.159304E-08
  9.831299E-01  0.000000E+00     3  1.808436E-01  1.271284E+02 -1.091577E-01  1.441840E-01
  9.831299E-01  0.000000E+00     4  1.686072E-07 -6.059460E+01  8.278377E-08 -1.468851E-07
  9.831299E-01  0.000000E+00     5  7.099926E-02  1.422450E+02 -5.613457E-02  4.347190E-02
  9.831299E-01  0.000000E+00     6  4.286521E-10 -7.913187E+01  8.082199E-11 -4.209637E-10
  9.831299E-01  0.000000E+00     7  3.996408E-02  1.422451E+02 -3.159709E-02  2.446939E-02
  9.831299E-01  0.000000E+00     8  5.928034E-07  1.151327E+02 -2.517732E-07  5.366807E-07
  9.831299E-01  0.000000E+00     9  2.142299E-02 -5.287163E+01  1.293098E-02 -1.708023E-02
  9.831299E-01  0.000000E+00    10  1.056076E-06 -7.199556E+01  3.264233E-07 -1.004362E-06
  9.831299E-01  0.000000E+00    11  2.953104E-02  1.422451E+02 -2.334835E-02  1.808139E-02
  9.831299E-01  0.000000E+00    12  1.378327E-10 -4.482148E+01  9.776564E-11 -9.715831E-11
  9.714260E-01  0.000000E+00     1  2.259284E-01  1.453254E+02 -1.858027E-01  1.285340E-01
  9.714260E-01  0.000000E+00     2  2.617422E-07  1.542329E+02 -2.357169E-07  1.137828E-07
  9.714260E-01  0.000000E+00     3  1.749339E-01  1.307222E+02 -1.141255E-01  1.325792E-01
  9.714260E-01  0.000000E+00     4  3.643853E-07 -1.399449E+02 -2.789099E-07 -2.344908E-07
  9.714260E-01  0.000000E+00     5  6.876460E-02  1.453253E+02 -5.655169E-02  3.912131E-02
  9.714260E-01  0.000000E+00     6  4.276838E-10 -7.999125E+01  7.433086E-11 -4.211750E-10
  9.714260E-01  0.000000E+00     7  3.818583E-02  1.453255E+02 -3.140393E-02  2.172442E-02
  9.714260E-01  0.000000E+00     8  5.628383E-07  1.165594E+02 -2.516591E-07  5.034428E-07
  9.714260E-01  0.000000E+00     9  2.036721E-02 -4.927673E+01  1.328770E-02 -1.543569E-02
  9.714260E-01  0.000000E+00    10  1.131369E-06 -5.572767E+01  6.371042E-07 -9.349293E-07
  9.714260E-01  0.000000E+00    11  2.838578E-02  1.453254E+02 -2.334435E-02  1.614910E-02
  9.714260E-01  0.000000E+00    12  1.293754E-10 -3.964521E+01  9.962032E-11 -8.254559E-11
  9.599974E-01  0.000000E+00     1  2.219504E-01  1.484781E+02 -1.891996E-01  1.160410E-01
  9.599974E-01  0.000000E+00     2  1.310369E-06  4.148624E+01  9.816166E-07  8.680408E-07
  9.599974E-01  0.000000E+00     3  1.691971E-01  1.343656E+02 -1.183084E-01  1.209578E-01
  9.599974E-01  0.000000E+00     4  1.947442E-07 -2.401867E+01  1.778819E-07 -7.926757E-08
  9.599974E-01  0.000000E+00     5  6.658519E-02  1.484781E+02 -5.675992E-02  3.481235E-02
  9.599974E-01  0.000000E+00     6  4.004689E-10 -7.795825E+01  8.354757E-11 -3.916569E-10
  9.599974E-01  0.000000E+00     7  3.648914E-02  1.484783E+02 -3.110488E-02  1.907730E-02
  9.599974E-01  0.000000E+00     8  6.319995E-07  1.191935E+02 -3.082640E-07  5.517215E-07
  9.599974E-01  0.000000E+00     9  1.938374E-02 -4.563441E+01  1.355377E-02 -1.385729E-02
  9.599974E-01  0.000000E+00    10  1.128303E-06 -5.092094E+01  7.112732E-07 -8.758753E-07
  9.599974E-01  0.000000E+00    11  2.727354E-02  1.484784E+02 -2.324913E-02  1.425917E-02
  9.599974E-01  0.000000E+00    12  1.309763E-10 -3.885012E+01  1.020030E-10 -8.215952E-11
  9.488347E-01  0.000000E+00     1  2.180209E-01  1.517024E+02 -1.919667E-01  1.033532E-01
  9.488347E-01  0.000000E+00     2  2.061610E-06 -1.795959E+02 -2.061559E-06 -1.453962E-08
  9.488347E-01  0.000000E+00     3  1.636260E-01  1.380572E+02 -1.217070E-01  1.093658E-01
  9.488347E-01  0.000000E+00     4  2.486898E-07 -1.209062E+02 -1.277355E-07 -2.133782E-07
  9.488347E-01  0.000000E+00     5  6.446107E-02  1.517024E+02 -5.675778E-02  3.055788E-02
  9.488347E-01  0.000000E+00     6  3.905573E-10 -7.360482E+01  1.102390E-10 -3.746763E-10
  9.488347E-01  0.000000E+00     7  3.487045E-02  1.517025E+02 -3.070335E-02  1.653034E-02
  9.488347E-01  0.000000E+00     8  6.586320E-07  1.222607E+02 -3.515592E-07  5.569581E-07
  9.488347E-01  0.000000E+00     9  1.846103E-02 -4.194143E+01  1.373184E-02 -1.233881E-02
  9.488347E-01  0.000000E+00    10  1.135000E-06 -4.917340E+01  7.420313E-07 -8.588450E-07
  9.488347E-01  0.000000E+00    11  2.619461E-02  1.517023E+02 -2.306425E-02  1.241764E-02
  9.488347E-01  0.000000E+00    12  1.271453E-10 -2.925875E+01  1.109242E-10 -6.214280E-11
  9.379285E-01  0.000000E+00     1  2.141431E-01  1.549970E+02 -1.940749E-01  9.051082E-02
  9.379285E-01  0.000000E+00     2  1.511256E-06  9.670151E+01 -1.763587E-07  1.500930E-06
  9.379285E-01  0.000000E+00     3  1.582242E-01  1.418018E+02 -1.243447E-01  9.784313E-02
  9.379285E-01  0.000000E+00     4  3.208182E-07 -1.171302E+02 -1.462976E-07 -2.855194E-07
  9.379285E-01  0.000000E+00     5  6.239210E-02  1.549971E+02 -5.654510E-02  2.637091E-02
  9.379285E-01  0.000000E+00     6  3.867552E-10 -7.367628E+01  1.087029E-10 -3.711648E-10
  9.379285E-01  0.000000E+00     7  3.332600E-02  1.549973E+02 -3.020295E-02  1.408560E-02
  9.379285E-01  0.000000E+00     8  6.478235E-07  1.266667E+02 -3.868538E-07  5.196339E-07
  9.379285E-01  0.000000E+00     9  1.759678E-02 -3.820025E+01  1.382851E-02 -1.088206E-02
  9.379285E-01  0.000000E+00    10  1.186267E-06 -4.958430E+01  7.690905E-07 -9.031768E-07
  9.379285E-01  0.000000E+00    11  2.514965E-02  1.549972E+02 -2.279279E-02  1.062983E-02
  9.379285E-01  0.000000E+00    12  1.299238E-10 -2.987366E+01  1.126602E-10 -6.471362E-11
  9.272702E-01  0.000000E+00     1  2.103187E-01  1.583614E+02 -1.954972E-01  7.755508E-02
  9.272702E-01  0.000000E+00     2  1.881767E-06  1.158512E+02 -8.205184E-07  1.693457E-06
  9.272702E-01  0.000000E+00     3  1.529803E-01  1.455936E+02 -1.262165E-01  8.644295E-02
  9.272702E-01  0.000000E+00     4  1.075703E-07 -1.122380E+02 -4.071052E-08 -9.956915E-08
  9.272702E-01  0.000000E+00     5  6.037833E-02  1.583616E+02 -5.612344E-02  2.226437E-02
  9.272702E-01  0.000000E+00     6  3.699910E-10 -7.114681E+01  1.195605E-10 -3.501408E-10
  9.272702E-01  0.000000E+00     7  3.185256E-02  1.583618E+02 -2.960793E-02  1.174547E-02
  9.272702E-01  0.000000E+00     8  7.307580E-07  1.320323E+02 -4.892788E-07  5.427831E-07
  9.272702E-01  0.000000E+00     9  1.678126E-02 -3.440621E+01  1.384542E-02 -9.482361E-03
  9.272702E-01  0.000000E+00    10  1.220414E-06 -4.309575E+01  8.911621E-07 -8.338105E-07
  9.272702E-01  0.000000E+00    11  2.413889E-02  1.583619E+02 -2.243786E-02  8.901031E-03
  9.272702E-01  0.000000E+00    12  1.327132E-10 -2.379694E+01  1.214301E-10 -5.354930E-11
  9.168514E-01  0.000000E+00     1  2.065496E-01  1.617946E+02 -1.962103E-01  6.453108E-02
  9.168514E-01  0.000000E+00     2  2.231366E-06  1.142209E+02 -9.154319E-07  2.034940E-06
  9.168514E-01  0.000000E+00     3  1.478935E-01  1.494361E+02 -1.273456E-01  7.520365E-02
  9.168514E-01  0.000000E+00     4  1.161763E-07 -7.099751E+01  3.782809E-08 -1.098452E-07
  9.168514E-01  0.000000E+00     5  5.841926E-02  1.617948E+02 -5.549502E-02  1.825138E-02
  9.168514E-01  0.000000E+00     6  3.481445E-10 -6.775504E+01  1.317961E-10 -3.222334E-10
  9.168514E-01  0.000000E+00     7  3.044706E-02  1.617950E+02 -2.892302E-02  9.512219E-03
  9.168514E-01  0.000000E+00     8  7.145369E-07  1.376899E+02 -5.284091E-07  4.809852E-07
  9.168514E-01  0.000000E+00     9  1.601784E-02 -3.056419E+01  1.379233E-02 -8.145128E-03
  9.168514E-01  0.000000E+00    10  1.228179E-06 -3.992242E+01  9.419074E-07 -7.881833E-07
  9.168514E-01  0.000000E+00    11  2.316271E-02  1.617951E+02 -2.200330E-02  7.236420E-03
  9.168514E-01  0.000000E+00    12  1.178217E-10 -2.423979E+01  1.074340E-10 -4.837243E-11
  9.066641E-01  0.000000E+00     1  2.028367E-01  1.652959E+02 -1.961937E-01  5.148546E-02
  9.066641E-01  0.000000E+00     2  2.652895E-06  1.134933E+02 -1.057555E-06  2.432988E-06
  9.066641E-01  0.000000E+00     3  1.429603E-01  1.533284E+02 -1.277484E-01  6.417160E-02
  9.066641E-01  0.000000E+00     4  3.495558E-08 -2.833336E+01  3.076794E-08 -1.658994E-08
  9.066641E-01  0.000000E+00     5  5.651438E-02  1.652960E+02 -5.466352E-02  1.434483E-02
  9.066641E-01  0.000000E+00     6  3.150000E-10 -6.626485E+01  1.267905E-10 -2.883560E-10
  9.066641E-01  0.000000E+00     7  2.910610E-02  1.652962E+02 -2.815289E-02  7.387780E-03
  9.066641E-01  0.000000E+00     8  7.303332E-07  1.405324E+02 -5.638060E-07  4.642299E-07
  9.066641E-01  0.000000E+00     9  1.529792E-02 -2.667163E+01  1.367013E-02 -6.866878E-03
  9.066641E-01  0.000000E+00    10  1.288983E-06 -3.517384E+01  1.053625E-06 -7.425305E-07
  9.066641E-01  0.000000E+00    11  2.222045E-02  1.652964E+02 -2.149276E-02  5.639984E-03
  9.066641E-01  0.000000E+00    12  1.245261E-10 -1.538213E+01  1.200653E-10 -3.303123E-11
  8.967008E-01  0.000000E+00     1  1.991821E-01  1.688642E+02 -1.954319E-01  3.846903E-02
  8.967008E-01  0.000000E+00     2  1.860162E-06  1.314007E+02 -1.230165E-06  1.395313E-06
  8.967008E-01  0.000000E+00     3  1.381769E-01  1.572705E+02 -1.274460E-01  5.338887E-02
  8.967008E-01  0.000000E+00     4  7.506680E-08 -3.251933E+00  7.494592E-08 -4.258275E-09
  8.967008E-01  0.000000E+00     5  5.466336E-02  1.688644E+02 -5.363420E-02  1.055724E-02
  8.967008E-01  0.000000E+00     6  2.949098E-10 -6.362213E+01  1.310252E-10 -2.642048E-10
  8.967008E-01  0.000000E+00     7  2.782690E-02  1.688645E+02 -2.730301E-02  5.374203E-03
  8.967008E-01  0.000000E+00     8  7.494081E-07  1.468546E+02 -6.274684E-07  4.097510E-07
  8.967008E-01  0.000000E+00     9  1.461807E-02 -2.272989E+01  1.348278E-02 -5.648236E-03
  8.967008E-01  0.000000E+00    10  1.318897E-06 -3.189137E+01  1.119811E-06 -6.967869E-07
  8.967008E-01  0.000000E+00    11  2.131219E-02  1.688646E+02 -2.091095E-02  4.115990E-03
  8.967008E-01  0.000000E+00    12  1.294336E-10 -1.211386E+01  1.265515E-10 -2.716230E-11
  8.869541E-01  0.000000E+00     1  1.955858E-01  1.724989E+02 -1.939120E-01  2.553279E-02
  8.869541E-01  0.000000E+00     2  1.214592E-06  1.398779E+02 -9.287648E-07  7.827065E-07
  8.869541E-01  0.000000E+00     3  1.335380E-01  1.612627E+02 -1.264606E-01  4.289638E-02
  8.869541E-01  0.000000E+00     4  3.200823E-08 -2.781587E+01  2.830974E-08 -1.493606E-08
  8.869541E-01  0.000000E+00     5  5.286512E-02  1.724991E+02 -5.241274E-02  6.901117E-03
  8.869541E-01  0.000000E+00     6  2.827393E-10 -6.335389E+01  1.268025E-10 -2.527106E-10
  8.869541E-01  0.000000E+00     7  2.660637E-02  1.724992E+02 -2.637869E-02  3.473202E-03
  8.869541E-01  0.000000E+00     8  6.777559E-07  1.452944E+02 -5.571753E-07  3.858871E-07
  8.869541E-01  0.000000E+00     9  1.397764E-02 -1.873734E+01  1.323684E-02 -4.490041E-03
  8.869541E-01  0.000000E+00    10  1.346186E-06 -2.592625E+01  1.210702E-06 -5.885710E-07
  8.869541E-01  0.000000E+00    11  2.043725E-02  1.724993E+02 -2.026237E-02  2.667852E-03
  8.869541E-01  0.000000E+00    12  1.210119E-10 -9.318583E+00  1.194149E-10 -1.959471E-11
  8.774169E-01  0.000000E+00     1  1.920490E-01  1.761994E+02 -1.916266E-01  1.272994E-02
  8.774169E-01  0.000000E+00     2  1.479253E-06  1.518310E+02 -1.304049E-06  6.983162E-07
  8.774169E-01  0.000000E+00     3  1.290428E-01  1.653052E+02 -1.248219E-01  3.273421E-02
  8.774169E-01  0.000000E+00     4  6.483676E-08  2.175452E+01  6.021911E-08  2.403050E-08
  8.774169E-01  0.000000E+00     5  5.111882E-02  1.761995E+02 -5.100640E-02  3.388332E-03
  8.774169E-01  0.000000E+00     6  2.672560E-10 -6.001059E+01  1.335852E-10 -2.314752E-10
  8.774169E-01  0.000000E+00     7  2.544181E-02  1.761996E+02 -2.538586E-02  1.686315E-03
  8.774169E-01  0.000000E+00     8  8.873746E-07  1.547510E+02 -8.025970E-07  3.785125E-07
  8.774169E-01  0.000000E+00     9  1.337071E-02 -1.469481E+01  1.293336E-02 -3.391752E-03
  8.774169E-01  0.000000E+00    10  1.459780E-06 -2.173400E+01  1.356009E-06 -5.405538E-07
  8.774169E-01  0.000000E+00    11  1.959486E-02  1.761996E+02 -1.955177E-02  1.298752E-03
  8.774169E-01  0.000000E+00    12  1.290300E-10 -2.689047E+00  1.288879E-10 -6.053505E-12
  8.680826E-01  0.000000E+00     1  1.885719E-01  1.799648E+02 -1.885719E-01  1.158236E-04
  8.680826E-01  0.000000E+00     2  9.770835E-07  1.378264E+02 -7.241306E-07  6.559931E-07
  8.680826E-01  0.000000E+00     3  1.246832E-01  1.693977E+02 -1.225546E-01  2.294065E-02
  8.680826E-01  0.000000E+00     4  5.694375E-08  5.882028E+01  2.948116E-08  4.871809E-08
  8.680826E-01  0.000000E+00     5  4.942362E-02  1.799648E+02 -4.942361E-02  3.037002E-05
  8.680826E-01  0.000000E+00     6  2.490041E-10 -6.009233E+01  1.241544E-10 -2.158442E-10
  8.680826E-01  0.000000E+00     7  2.433074E-02  1.799650E+02 -2.433073E-02  1.485785E-05
  8.680826E-01  0.000000E+00     8  7.541367E-07  1.557752E+02 -6.877292E-07  3.094362E-07
  8.680826E-01  0.000000E+00     9  1.279984E-02 -1.060230E+01  1.258133E-02 -2.355053E-03
  8.680826E-01  0.000000E+00    10  1.167029E-06 -2.284957E+01  1.075449E-06 -4.531724E-07
  8.680826E-01  0.000000E+00    11  1.878512E-02  1.799650E+02 -1.878511E-02  1.146568E-05
  8.680826E-01  0.000000E+00    12  1.341521E-10  5.515616E-01  1.341459E-10  1.291404E-12
  8.589450E-01  0.000000E+00     1  1.851546E-01 -1.762055E+02 -1.847487E-01 -1.225334E-02
  8.589450E-01  0.000000E+00     2  6.357500E-07  1.627572E+02 -6.071776E-07  1.884500E-07
  8.589450E-01  0.000000E+00     3  1.204598E-01  1.735403E+02 -1.196950E-01  1.355220E-02
  8.589450E-01  0.000000E+00     4  9.566746E-08  8.278859E+01  1.200922E-08  9.491070E-08
  8.589450E-01  0.000000E+00     5  4.777876E-02 -1.762056E+02 -4.767402E-02 -3.161855E-03
  8.589450E-01  0.000000E+00     6  2.353199E-10 -5.711863E+01  1.277555E-10 -1.976209E-10
  8.589450E-01  0.000000E+00     7  2.327039E-02 -1.762053E+02 -2.321937E-02 -1.540085E-03
  8.589450E-01  0.000000E+00     8  8.192649E-07  1.622617E+02 -7.803155E-07  2.496050E-07
  8.589450E-01  0.000000E+00     9  1.225243E-02 -6.459996E+00  1.217463E-02 -1.378514E-03
  8.589450E-01  0.000000E+00    10  1.260084E-06 -1.552084E+01  1.214132E-06 -3.371844E-07
  8.589450E-01  0.000000E+00    11  1.800654E-02 -1.762052E+02 -1.796706E-02 -1.191729E-03
  8.589450E-01  0.000000E+00    12  1.253990E-10  5.235253E+00  1.248759E-10  1.144207E-11
  8.499976E-01  0.000000E+00     1  1.817974E-01 -1.723120E+02 -1.801633E-01 -2.432055E-02
  8.499976E-01  0.000000E+00     2  9.269993E-07  1.732470E+02 -9.205680E-07  1.090061E-07
  8.499976E-01  0.000000E+00     3  1.163676E-01  1.777334E+02 -1.162766E-01  4.602158E-03
  8.499976E-01  0.000000E+00     4  4.495583E-08  2.547707E+01  4.058421E-08  1.933774E-08
  8.499976E-01  0.000000E+00     5  4.618315E-02 -1.723122E+02 -4.576805E-02 -6.178150E-03
  8.499976E-01  0.000000E+00     6  2.232589E-10 -5.158880E+01  1.387110E-10 -1.749395E-10
  8.499976E-01  0.000000E+00     7  2.225854E-02 -1.723118E+02 -2.205845E-02 -2.977781E-03
  8.499976E-01  0.000000E+00     8  9.727244E-07  1.674565E+02 -9.495066E-07  2.112581E-07
  8.499976E-01  0.000000E+00     9  1.173455E-02 -2.266819E+00  1.172537E-02 -4.641383E-04
  8.499976E-01  0.000000E+00    10  1.507509E-06 -1.057694E+01  1.481895E-06 -2.767118E-07
  8.499976E-01  0.000000E+00    11  1.725848E-02 -1.723118E+02 -1.710334E-02 -2.308886E-03
  8.499976E-01  0.000000E+00    12  1.402573E-10  1.026279E+01  1.380133E-10  2.498869E-11
  8.412347E-01  0.000000E+00     1  1.785001E-01 -1.683555E+02 -1.748263E-01 -3.602812E-02
  8.412347E-01  0.000000E+00     2  6.601217E-07  1.562208E+02 -6.040812E-07  2.661702E-07
  8.412347E-01  0.000000E+00     3  1.124021E-01 -1.780237E+02 -1.123352E-01 -3.876212E-03
  8.412347E-01  0.000000E+00     4  6.462569E-08  4.930416E+01  4.213874E-08  4.899801E-08
  8.412347E-01  0.000000E+00     5  4.463587E-02 -1.683558E+02 -4.371726E-02 -9.009006E-03
  8.412347E-01  0.000000E+00     6  1.999100E-10 -4.721359E+01  1.357923E-10 -1.467122E-10
  8.412347E-01  0.000000E+00     7  2.129292E-02 -1.683554E+02 -2.085467E-02 -4.297778E-03
  8.412347E-01  0.000000E+00     8  8.099556E-07  1.359514E+02 -5.821563E-07  5.631359E-07
  8.412347E-01  0.000000E+00     9  1.124656E-02  1.981643E+00  1.123984E-02  3.888984E-04
  8.412347E-01  0.000000E+00    10  1.126057E-06 -2.897025E+01  9.851547E-07 -5.454118E-07
  8.412347E-01  0.000000E+00    11  1.654011E-02 -1.683546E+02 -1.619964E-02 -3.338684E-03
  8.412347E-01  0.000000E+00    12  1.406414E-10  1.093798E+01  1.380864E-10  2.668618E-11
  8.326507E-01  0.000000E+00     1  1.752623E-01 -1.643366E+02 -1.687539E-01 -4.731827E-02
  8.326507E-01  0.000000E+00     2  7.274979E-07 -1.714216E+02 -7.193592E-07 -1.085153E-07
  8.326507E-01  0.000000E+00     3  1.085625E-01 -1.737297E+02 -1.079130E-01 -1.185710E-02
  8.326507E-01  0.000000E+00     4  1.303732E-07  2.314041E+01  1.198840E-07  5.123481E-08
  8.326507E-01  0.000000E+00     5  4.313581E-02 -1.643368E+02 -4.153398E-02 -1.164587E-02
  8.326507E-01  0.000000E+00     6  1.749648E-10 -4.027282E+01  1.334938E-10 -1.131021E-10
  8.326507E-01  0.000000E+00     7  2.037113E-02 -1.643363E+02 -1.961461E-02 -5.500003E-03
  8.326507E-01  0.000000E+00     8  1.029751E-06  1.758447E+02 -1.027044E-06  7.461622E-08
  8.326507E-01  0.000000E+00     9  1.077798E-02  6.270740E+00  1.071350E-02  1.177243E-03
  8.326507E-01  0.000000E+00    10  1.528115E-06 -2.204720E+00  1.526984E-06 -5.878679E-08
  8.326507E-01  0.000000E+00    11  1.585092E-02 -1.643363E+02 -1.526226E-02 -4.279608E-03
  8.326507E-01  0.000000E+00    12  1.371039E-10  1.941997E+01  1.293036E-10  4.558566E-11
  8.242400E-01  0.000000E+00     1  1.720839E-01 -1.602558E+02 -1.619670E-01 -5.813376E-02
  8.242400E-01  0.000000E+00     2  6.848306E-07 -1.563057E+02 -6.271013E-07 -2.752034E-07
  8.242400E-01  0.000000E+00     3  1.048431E-01 -1.693855E+02 -1.030491E-01 -1.931216E-02
  8.242400E-01  0.000000E+00     4  1.159306E-07  4.704179E+00  1.155401E-07  9.507612E-09
  8.242400E-01  0.000000E+00     5  4.168208E-02 -1.602558E+02 -3.923160E-02 -1.408109E-02
  8.242400E-01  0.000000E+00     6  1.683405E-10 -3.651448E+01  1.352963E-10 -1.001669E-10
  8.242400E-01  0.000000E+00     7  1.949125E-02 -1.602554E+02 -1.834532E-02 -6.584684E-03
  8.242400E-01  0.000000E+00     8  9.342525E-07 -1.758448E+02 -9.317968E-07 -6.769370E-08
  8.242400E-01  0.000000E+00     9  1.033508E-02  1.061497E+01  1.015822E-02  1.903805E-03
  8.242400E-01  0.000000E+00    10  1.453023E-06  4.325106E+00  1.448885E-06  1.095807E-07
  8.242400E-01  0.000000E+00    11  1.518949E-02 -1.602553E+02 -1.429646E-02 -5.131460E-03
  8.242400E-01  0.000000E+00    12  1.381011E-10  2.268642E+01  1.274162E-10  5.326386E-11
  8.159976E-01  0.000000E+00     1  1.689641E-01 -1.561135E+02 -1.544922E-01 -6.841806E-02
  8.159976E-01  0.000000E+00     2  7.676712E-07 -1.559626E+02 -7.010986E-07 -3.126977E-07
  8.159976E-01  0.000000E+00     3  1.012424E-01 -1.649911E+02 -9.778859E-02 -2.621864E-02
  8.159976E-01  0.000000E+00     4  1.999873E-07 -2.187213E+01  1.855918E-07 -7.450256E-08
  8.159976E-01  0.000000E+00     5  4.027352E-02 -1.561134E+02 -3.682406E-02 -1.630784E-02
  8.159976E-01  0.000000E+00     6  1.551571E-10 -3.114057E+01  1.327991E-10 -8.023784E-11
  8.159976E-01  0.000000E+00     7  1.865126E-02 -1.561131E+02 -1.705371E-02 -7.552508E-03
  8.159976E-01  0.000000E+00     8  1.238006E-06 -1.774812E+02 -1.236810E-06 -5.440725E-08
  8.159976E-01  0.000000E+00     9  9.910610E-03  1.500866E+01  9.572526E-03  2.566501E-03
  8.159976E-01  0.000000E+00    10  1.680117E-06  5.145068E+00  1.673347E-06  1.506691E-07
  8.159976E-01  0.000000E+00    11  1.455497E-02 -1.561130E+02 -1.330828E-02 -5.893800E-03
  8.159976E-01  0.000000E+00    12  1.398913E-10  2.837243E+01  1.230872E-10  6.647644E-11
  8.079184E-01  0.000000E+00     1  1.659027E-01 -1.519103E+02 -1.463614E-01 -7.811575E-02
  8.079184E-01  0.000000E+00     2  6.979832E-07 -1.299442E+02 -4.481342E-07 -5.351227E-07
  8.079184E-01  0.000000E+00     3  9.775535E-02 -1.605461E+02 -9.217445E-02 -3.255733E-02
  8.079184E-01  0.000000E+00     4  2.332728E-07 -3.441687E+01  1.924378E-07 -1.318481E-07
  8.079184E-01  0.000000E+00     5  3.890913E-02 -1.519103E+02 -3.432608E-02 -1.832049E-02
  8.079184E-01  0.000000E+00     6  1.684254E-10 -2.230522E+01  1.558230E-10 -6.392424E-11
  8.079184E-01  0.000000E+00     7  1.784923E-02 -1.519098E+02 -1.574672E-02 -8.404511E-03
  8.079184E-01  0.000000E+00     8  9.646728E-07 -1.668319E+02 -9.393077E-07 -2.197606E-07
  8.079184E-01  0.000000E+00     9  9.506534E-03  1.945403E+01  8.963796E-03  3.166156E-03
  8.079184E-01  0.000000E+00    10  1.355060E-06  1.341418E+01  1.318092E-06  3.143585E-07
  8.079184E-01  0.000000E+00    11  1.394672E-02 -1.519096E+02 -1.230388E-02 -6.567009E-03
  8.079184E-01  0.000000E+00    12  1.447047E-10  3.081376E+01  1.242778E-10  7.412489E-11
  7.999976E-01  0.000000E+00     1  1.628992E-01 -1.476469E+02 -1.376118E-01 -8.717312E-02
  7.999976E-01  0.000000E+00     2  6.458994E-07 -1.345446E+02 -4.530754E-07 -4.603355E-07
  7.999976E-01  0.000000E+00     3  9.438068E-02 -1.560508E+02 -8.625504E-02 -3.831162E-02
  7.999976E-01  0.000000E+00     4  2.436507E-07 -2.876725E+01  2.135798E-07 -1.172576E-07
  7.999976E-01  0.000000E+00     5  3.758782E-02 -1.476467E+02 -3.175284E-02 -2.011470E-02
  7.999976E-01  0.000000E+00     6  1.444677E-10 -1.933127E+01  1.363227E-10 -4.782306E-11
  7.999976E-01  0.000000E+00     7  1.708344E-02 -1.476463E+02 -1.443143E-02 -9.142098E-03
  7.999976E-01  0.000000E+00     8  1.074967E-06 -1.732038E+02 -1.067414E-06 -1.272099E-07
  7.999976E-01  0.000000E+00     9  9.119975E-03  2.394938E+01  8.334786E-03  3.702066E-03
  7.999976E-01  0.000000E+00    10  1.474880E-06  1.082496E+01  1.448636E-06  2.769960E-07
  7.999976E-01  0.000000E+00    11  1.336361E-02 -1.476463E+02 -1.128905E-02 -7.151466E-03
  7.999976E-01  0.000000E+00    12  1.457713E-10  3.631433E+01  1.174596E-10  8.632789E-11
  7.922307E-01  0.000000E+00     1  1.599531E-01 -1.433234E+02 -1.282855E-01 -9.553968E-02
  7.922307E-01  0.000000E+00     2  8.811717E-07 -1.388070E+02 -6.630776E-07 -5.803375E-07
  7.922307E-01  0.000000E+00     3  9.111464E-02 -1.515047E+02 -8.007663E-02 -4.346966E-02
  7.922307E-01  0.000000E+00     4  2.086533E-07 -1.522290E+01  2.013320E-07 -5.478713E-08
  7.922307E-01  0.000000E+00     5  3.630848E-02 -1.433230E+02 -2.911998E-02 -2.168716E-02
  7.922307E-01  0.000000E+00     6  1.353389E-10 -1.206928E+01  1.323473E-10 -2.829858E-11
  7.922307E-01  0.000000E+00     7  1.635211E-02 -1.433229E+02 -1.311463E-02 -9.767194E-03
  7.922307E-01  0.000000E+00     8  1.155925E-06 -1.585683E+02 -1.075997E-06 -4.223658E-07
  7.922307E-01  0.000000E+00     9  8.752173E-03  2.849470E+01  7.691945E-03  4.175464E-03
  7.922307E-01  0.000000E+00    10  1.548334E-06  2.281196E+01  1.427227E-06  6.003016E-07
  7.922307E-01  0.000000E+00    11  1.280464E-02 -1.433227E+02 -1.026948E-02 -7.648309E-03
  7.922307E-01  0.000000E+00    12  1.465241E-10  4.191050E+01  1.090417E-10  9.787354E-11
  7.846131E-01  0.000000E+00     1  1.570633E-01 -1.389405E+02 -1.184301E-01 -1.031659E-01
  7.846131E-01  0.000000E+00     2  8.592228E-07 -1.349106E+02 -6.066138E-07 -6.085093E-07
  7.846131E-01  0.000000E+00     3  8.795399E-02 -1.469084E+02 -7.368773E-02 -4.802107E-02
  7.846131E-01  0.000000E+00     4  2.273949E-07  9.184553E+00  2.244795E-07  3.629564E-08
  7.846131E-01  0.000000E+00     5  3.506995E-02 -1.389401E+02 -2.644357E-02 -2.303560E-02
  7.846131E-01  0.000000E+00     6  1.314204E-10 -5.931194E+00  1.307169E-10 -1.358020E-11
  7.846131E-01  0.000000E+00     7  1.565362E-02 -1.389400E+02 -1.180318E-02 -1.028206E-02
  7.846131E-01  0.000000E+00     8  1.156042E-06 -1.554057E+02 -1.051163E-06 -4.811338E-07
  7.846131E-01  0.000000E+00     9  8.401441E-03  3.308994E+01  7.038850E-03  4.586807E-03
  7.846131E-01  0.000000E+00    10  1.531067E-06  2.602538E+01  1.375816E-06  6.717850E-07
  7.846131E-01  0.000000E+00    11  1.226914E-02 -1.389398E+02 -9.251176E-03 -8.058998E-03
  7.846131E-01  0.000000E+00    12  1.493492E-10  4.571756E+01  1.042750E-10  1.069201E-10
  7.771406E-01  0.000000E+00     1  1.542296E-01 -1.344986E+02 -1.080983E-01 -1.100070E-01
  7.771406E-01  0.000000E+00     2  7.343963E-07 -1.225898E+02 -3.955606E-07 -6.187647E-07
  7.771406E-01  0.000000E+00     3  8.489583E-02 -1.422617E+02 -6.713685E-02 -5.196099E-02
  7.771406E-01  0.000000E+00     4  2.235703E-07  3.220768E+01  1.891677E-07  1.191607E-07
  7.771406E-01  0.000000E+00     5  3.387122E-02 -1.344982E+02 -2.373989E-02 -2.415941E-02
  7.771406E-01  0.000000E+00     6  1.123169E-10  9.929324E-01  1.123000E-10  1.946348E-12
  7.771406E-01  0.000000E+00     7  1.498641E-02 -1.344980E+02 -1.050375E-02 -1.068943E-02
  7.771406E-01  0.000000E+00     8  1.195983E-06 -1.484330E+02 -1.019012E-06 -6.260918E-07
  7.771406E-01  0.000000E+00     9  8.063326E-03  3.773858E+01  6.376571E-03  4.935237E-03
  7.771406E-01  0.000000E+00    10  1.656128E-06  3.261543E+01  1.394968E-06  8.926491E-07
  7.771406E-01  0.000000E+00    11  1.175600E-02 -1.344980E+02 -8.239589E-03 -8.385264E-03
  7.771406E-01  0.000000E+00    12  1.503617E-10  5.020260E+01  9.624274E-11  1.155248E-10
  7.698091E-01  0.000000E+00     1  1.514513E-01 -1.299981E+02 -9.734722E-02 -1.160216E-01
  7.698091E-01  0.000000E+00     2  8.352697E-07 -1.264031E+02 -4.957012E-07 -6.722765E-07
  7.698091E-01  0.000000E+00     3  8.193769E-02 -1.375646E+02 -6.047317E-02 -5.528815E-02
  7.698091E-01  0.000000E+00     4  1.773600E-07  3.577214E+01  1.439007E-07  1.036781E-07
  7.698091E-01  0.000000E+00     5  3.271135E-02 -1.299977E+02 -2.102542E-02 -2.505920E-02
  7.698091E-01  0.000000E+00     6  1.108849E-10  1.293303E+01  1.080721E-10  2.481739E-11
  7.698091E-01  0.000000E+00     7  1.434914E-02 -1.299975E+02 -9.222972E-03 -1.099247E-02
  7.698091E-01  0.000000E+00     8  1.230060E-06 -1.432254E+02 -9.852741E-07 -7.363975E-07
  7.698091E-01  0.000000E+00     9  7.741758E-03  4.243383E+01  5.713859E-03  5.223660E-03
  7.698091E-01  0.000000E+00    10  1.654787E-06  3.787424E+01  1.306223E-06  1.015924E-06
  7.698091E-01  0.000000E+00    11  1.126444E-02 -1.299974E+02 -7.240251E-03 -8.629390E-03
  7.698091E-01  0.000000E+00    12  1.544811E-10  5.482293E+01  8.899739E-11  1.262691E-10
  7.626147E-01  0.000000E+00     1  1.487272E-01 -1.254395E+02 -8.623833E-02 -1.211723E-01
  7.626147E-01  0.000000E+00     2  8.854369E-07 -1.155847E+02 -3.823714E-07 -7.986180E-07
  7.626147E-01  0.000000E+00     3  7.907633E-02 -1.328172E+02 -5.374511E-02 -5.800457E-02
  7.626147E-01  0.000000E+00     4  2.430288E-07  4.026673E+01  1.854416E-07  1.570809E-07
  7.626147E-01  0.000000E+00     5  3.158916E-02 -1.254390E+02 -1.831655E-02 -2.573672E-02
  7.626147E-01  0.000000E+00     6  1.171134E-10  1.893988E+01  1.107728E-10  3.801219E-11
  7.626147E-01  0.000000E+00     7  1.374028E-02 -1.254389E+02 -7.967079E-03 -1.119468E-02
  7.626147E-01  0.000000E+00     8  1.339946E-06 -1.385909E+02 -1.004968E-06 -8.862810E-07
  7.626147E-01  0.000000E+00     9  7.435679E-03  4.718181E+01  5.053839E-03  5.454176E-03
  7.626147E-01  0.000000E+00    10  1.787678E-06  4.115889E+01  1.345921E-06  1.176559E-06
  7.626147E-01  0.000000E+00    11  1.079364E-02 -1.254388E+02 -6.258503E-03 -8.793963E-03
  7.626147E-01  0.000000E+00    12  1.553972E-10  5.942028E+01  7.905627E-11  1.337849E-10
  7.555535E-01  0.000000E+00     1  1.460570E-01 -1.208229E+02 -7.483755E-02 -1.254272E-01
  7.555535E-01  0.000000E+00     2  8.290592E-07 -1.200606E+02 -4.152884E-07 -7.175477E-07
  7.555535E-01  0.000000E+00     3  7.630907E-02 -1.280194E+02 -4.700089E-02 -6.011648E-02
  7.555535E-01  0.000000E+00     4  2.297514E-07  3.554679E+01  1.869352E-07  1.335701E-07
  7.555535E-01  0.000000E+00     5  3.050368E-02 -1.208225E+02 -1.562946E-02 -2.619531E-02
  7.555535E-01  0.000000E+00     6  1.052646E-10  2.080424E+01  9.840132E-11  3.738750E-11
  7.555535E-01  0.000000E+00     7  1.315849E-02 -1.208224E+02 -6.742124E-03 -1.129998E-02
  7.555535E-01  0.000000E+00     8  1.347386E-06 -1.367201E+02 -9.809153E-07 -9.237174E-07
  7.555535E-01  0.000000E+00     9  7.139497E-03  5.198021E+01  4.397456E-03  5.624481E-03
  7.555535E-01  0.000000E+00    10  1.780292E-06  4.327385E+01  1.296205E-06  1.220365E-06
  7.555535E-01  0.000000E+00    11  1.034266E-02 -1.208222E+02 -5.299334E-03 -8.881876E-03
  7.555535E-01  0.000000E+00    12  1.574957E-10  6.421347E+01  6.851367E-11  1.418124E-10
  7.486218E-01  0.000000E+00     1  1.434394E-01 -1.161490E+02 -6.321482E-02 -1.287585E-01
  7.486218E-01  0.000000E+00     2  7.758197E-07 -1.293131E+02 -4.915265E-07 -6.002482E-07
  7.486218E-01  0.000000E+00     3  7.363322E-02 -1.231711E+02 -4.028779E-02 -6.163396E-02
  7.486218E-01  0.000000E+00     4  2.333595E-07  4.815796E+01  1.556693E-07  1.738497E-07
  7.486218E-01  0.000000E+00     5  2.945371E-02 -1.161486E+02 -1.298026E-02 -2.643925E-02
  7.486218E-01  0.000000E+00     6  9.712366E-11  2.491935E+01  8.808162E-11  4.092229E-11
  7.486218E-01  0.000000E+00     7  1.260259E-02 -1.161484E+02 -5.553936E-03 -1.131278E-02
  7.486218E-01  0.000000E+00     8  1.377776E-06 -1.289507E+02 -8.661403E-07 -1.071480E-06
  7.486218E-01  0.000000E+00     9  6.857621E-03  5.682772E+01  3.752204E-03  5.740028E-03
  7.486218E-01  0.000000E+00    10  1.809137E-06  4.956584E+01  1.173359E-06  1.377028E-06
  7.486218E-01  0.000000E+00    11  9.910747E-03 -1.161481E+02 -4.367599E-03 -8.896460E-03
  7.486218E-01  0.000000E+00    12  1.586868E-10  6.892471E+01  5.706289E-11  1.480720E-10
  7.418162E-01  0.000000E+00     1  1.408738E-01 -1.114181E+02 -5.144291E-02 -1.311452E-01
  7.418162E-01  0.000000E+00     2  9.424269E-07 -1.215920E+02 -4.937060E-07 -8.027595E-07
  7.418162E-01  0.000000E+00     3  7.104585E-02 -1.182726E+02 -3.365208E-02 -6.257036E-02
  7.418162E-01  0.000000E+00     4  2.293806E-07  6.201900E+01  1.076205E-07  2.025668E-07
  7.418162E-01  0.000000E+00     5  2.843839E-02 -1.114177E+02 -1.038468E-02 -2.647452E-02
  7.418162E-01  0.000000E+00     6  8.995986E-11  3.479792E+01  7.387234E-11  5.133862E-11
  7.418162E-01  0.000000E+00     7  1.207133E-02 -1.114175E+02 -4.407985E-03 -1.123773E-02
  7.418162E-01  0.000000E+00     8  1.398202E-06 -1.235536E+02 -7.728100E-07 -1.165218E-06
  7.418162E-01  0.000000E+00     9  6.587493E-03  6.172732E+01  3.120286E-03  5.801627E-03
  7.418162E-01  0.000000E+00    10  1.849162E-06  5.670932E+01  1.014981E-06  1.545708E-06
  7.418162E-01  0.000000E+00    11  9.497226E-03 -1.114175E+02 -3.468022E-03 -8.841387E-03
  7.418162E-01  0.000000E+00    12  1.614936E-10  7.442765E+01  4.335377E-11  1.555655E-10
  7.351332E-01  0.000000E+00     1  1.383592E-01 -1.066304E+02 -3.959796E-02 -1.325717E-01
  7.351332E-01  0.000000E+00     2  8.280482E-07 -1.163348E+02 -3.673350E-07 -7.421110E-07
  7.351332E-01  0.000000E+00     3  6.854470E-02 -1.133237E+02 -2.713859E-02 -6.294341E-02
  7.351332E-01  0.000000E+00     4  2.531838E-07  6.361319E+01  1.125222E-07  2.268056E-07
  7.351332E-01  0.000000E+00     5  2.745679E-02 -1.066301E+02 -7.857897E-03 -2.630834E-02
  7.351332E-01  0.000000E+00     6  9.545589E-11  3.849859E+01  7.470602E-11  5.942084E-11
  7.351332E-01  0.000000E+00     7  1.156354E-02 -1.066299E+02 -3.309356E-03 -1.107988E-02
  7.351332E-01  0.000000E+00     8  1.421412E-06 -1.186083E+02 -6.805997E-07 -1.247877E-06
  7.351332E-01  0.000000E+00     9  6.328796E-03  6.667518E+01  2.505845E-03  5.811574E-03
  7.351332E-01  0.000000E+00    10  1.913436E-06  6.198990E+01  8.986016E-07  1.689305E-06
  7.351332E-01  0.000000E+00    11  9.101199E-03 -1.066296E+02 -2.604611E-03 -8.720540E-03
  7.351332E-01  0.000000E+00    12  1.651229E-10  7.844803E+01  3.306697E-11  1.617781E-10
  7.285696E-01  0.000000E+00     1  1.358949E-01 -1.017864E+02 -2.775839E-02 -1.330297E-01
  7.285696E-01  0.000000E+00     2  9.181959E-07 -1.142708E+02 -3.774248E-07 -8.370390E-07
  7.285696E-01  0.000000E+00     3  6.612740E-02 -1.083248E+02 -2.079064E-02 -6.277406E-02
  7.285696E-01  0.000000E+00     4  2.659142E-07  7.362499E+01  7.496732E-08  2.551280E-07
  7.285696E-01  0.000000E+00     5  2.650783E-02 -1.017861E+02 -5.414459E-03 -2.594896E-02
  7.285696E-01  0.000000E+00     6  9.069317E-11  4.284507E+01  6.649579E-11  6.167301E-11
  7.285696E-01  0.000000E+00     7  1.107823E-02 -1.017859E+02 -2.262781E-03 -1.084468E-02
  7.285696E-01  0.000000E+00     8  1.495341E-06 -1.128660E+02 -5.810566E-07 -1.377831E-06
  7.285696E-01  0.000000E+00     9  6.082543E-03  7.167445E+01  1.912447E-03  5.774070E-03
  7.285696E-01  0.000000E+00    10  1.998960E-06  6.735079E+01  7.697753E-07  1.844800E-06
  7.285696E-01  0.000000E+00    11  8.721606E-03 -1.017858E+02 -1.781418E-03 -8.537738E-03
  7.285696E-01  0.000000E+00    12  1.663614E-10  8.321625E+01  1.965102E-11  1.651967E-10
  7.221221E-01  0.000000E+00     1  1.334799E-01 -9.688631E+01 -1.600418E-02 -1.325170E-01
  7.221221E-01  0.000000E+00     2  8.937357E-07 -1.020087E+02 -1.859515E-07 -8.741771E-07
  7.221221E-01  0.000000E+00     3  6.379106E-02 -1.032754E+02 -1.464849E-02 -6.208640E-02
  7.221221E-01  0.000000E+00     4  2.959447E-07  6.990015E+01  1.017035E-07  2.779202E-07
  7.221221E-01  0.000000E+00     5  2.559054E-02 -9.688614E+01 -3.068220E-03 -2.540594E-02
  7.221221E-01  0.000000E+00     6  8.069610E-11  4.700387E+01  5.503062E-11  5.902111E-11
  7.221221E-01  0.000000E+00     7  1.061437E-02 -9.688581E+01 -1.272567E-03 -1.053781E-02
  7.221221E-01  0.000000E+00     8  1.539468E-06 -1.079249E+02 -4.738018E-07 -1.464744E-06
  7.221221E-01  0.000000E+00     9  5.847303E-03  7.672337E+01  1.342849E-03  5.691020E-03
  7.221221E-01  0.000000E+00    10  2.026021E-06  7.237000E+01  6.136190E-07  1.930863E-06
  7.221221E-01  0.000000E+00    11  8.357496E-03 -9.688565E+01 -1.001965E-03 -8.297217E-03
  7.221221E-01  0.000000E+00    12  1.688622E-10  9.000000E+01  3.354493E-12  1.688289E-10
  7.157876E-01  0.000000E+00     1  1.311137E-01 -9.193046E+01 -4.416763E-03 -1.310393E-01
  7.157876E-01  0.000000E+00     2  8.182226E-07 -9.711868E+01 -1.013983E-07 -8.119154E-07
  7.157876E-01  0.000000E+00     3  6.153318E-02 -9.817596E+01 -8.750857E-03 -6.090776E-02
  7.157876E-01  0.000000E+00     4  2.568294E-07  8.372764E+01  2.805986E-08  2.552919E-07
  7.157876E-01  0.000000E+00     5  2.470396E-02 -9.193037E+01 -8.321485E-04 -2.468994E-02
  7.157876E-01  0.000000E+00     6  4.759612E-11  4.382366E+01  3.433938E-11  3.295752E-11
  7.157876E-01  0.000000E+00     7  1.017078E-02 -9.192998E+01 -3.425316E-04 -1.016501E-02
  7.157876E-01  0.000000E+00     8  1.510553E-06 -1.022890E+02 -3.215112E-07 -1.475940E-06
  7.157876E-01  0.000000E+00     9  5.616981E-03  8.182288E+01  7.989238E-04  5.559874E-03
  7.157876E-01  0.000000E+00    10  2.002185E-06  7.791467E+01  4.191937E-07  1.957810E-06
  7.157876E-01  0.000000E+00    11  8.009769E-03 -9.192982E+01 -2.697314E-04 -8.005226E-03
  7.157876E-01  0.000000E+00    12  1.702390E-10  9.360101E+01 -1.069241E-11  1.699028E-10
  7.095634E-01  0.000000E+00     1  1.287950E-01 -8.691924E+01  6.921908E-03 -1.286089E-01
  7.095634E-01  0.000000E+00     2  7.920063E-07 -9.316769E+01 -4.376507E-08 -7.907962E-07
  7.095634E-01  0.000000E+00     3  5.935158E-02 -9.302625E+01 -3.133370E-03 -5.926881E-02
  7.095634E-01  0.000000E+00     4  2.850695E-07  9.497116E+01 -2.470249E-08  2.839972E-07
  7.095634E-01  0.000000E+00     5  2.384712E-02 -8.691924E+01  1.281632E-03 -2.381266E-02
  7.095634E-01  0.000000E+00     6  4.010903E-11  6.527849E+01  1.677392E-11  3.643309E-11
  7.095634E-01  0.000000E+00     7  9.746566E-03 -8.691863E+01  5.239183E-04 -9.732475E-03
  7.095634E-01  0.000000E+00     8  1.594356E-06 -9.718443E+01 -1.993960E-07 -1.581838E-06
  7.095634E-01  0.000000E+00     9  5.399921E-03  8.697324E+01  2.851295E-04  5.392388E-03
  7.095634E-01  0.000000E+00    10  2.092554E-06  8.274020E+01  2.644334E-07  2.075778E-06
  7.095634E-01  0.000000E+00    11  7.676820E-03 -8.691834E+01  4.126994E-04 -7.665718E-03
  7.095634E-01  0.000000E+00    12  1.720777E-10  9.841223E+01 -2.517395E-11  1.702263E-10
  7.034466E-01  0.000000E+00     1  1.265231E-01 -8.185285E+01  1.793034E-02 -1.252461E-01
  7.034466E-01  0.000000E+00     2  7.437879E-07 -9.020328E+01 -2.638811E-09 -7.437832E-07
  7.034466E-01  0.000000E+00     3  5.724408E-02 -8.782661E+01  2.170910E-03 -5.720291E-02
  7.034466E-01  0.000000E+00     4  3.206134E-07  9.787588E+01 -4.393283E-08  3.175891E-07
  7.034466E-01  0.000000E+00     5  2.301937E-02 -8.185273E+01  3.262259E-03 -2.278703E-02
  7.034466E-01  0.000000E+00     6  1.707540E-11  5.482531E+01  9.836649E-12  1.395743E-11
  7.034466E-01  0.000000E+00     7  9.340939E-03 -8.185211E+01  1.323879E-03 -9.246647E-03
  7.034466E-01  0.000000E+00     8  1.625995E-06 -9.101147E+01 -2.870286E-08 -1.625741E-06
  7.034466E-01  0.000000E+00     9  5.191310E-03  9.217434E+01 -1.969597E-04  5.187572E-03
  7.034466E-01  0.000000E+00    10  2.138677E-06  8.902584E+01  3.636066E-08  2.138368E-06
  7.034466E-01  0.000000E+00    11  7.358008E-03 -8.185191E+01  1.042865E-03 -7.283730E-03
  7.034466E-01  0.000000E+00    12  1.757156E-10  1.035601E+02 -4.119919E-11  1.708174E-10
  6.974342E-01  0.000000E+00     1  1.242969E-01 -7.673165E+01  2.852763E-02 -1.209788E-01
  6.974342E-01  0.000000E+00     2  7.525299E-07 -8.798560E+01  2.645196E-08 -7.520649E-07
  6.974342E-01  0.000000E+00     3  5.520842E-02 -8.257680E+01  7.132772E-03 -5.474571E-02
  6.974342E-01  0.000000E+00     4  3.675087E-07  7.641203E+01  8.634182E-08  3.572223E-07
  6.974342E-01  0.000000E+00     5  2.221964E-02 -7.673141E+01  5.099763E-03 -2.162648E-02
  6.974342E-01  0.000000E+00     6  2.307386E-11  9.000000E+01  4.694964E-12  2.259115E-11
  6.974342E-01  0.000000E+00     7  8.953050E-03 -7.673098E+01  2.054935E-03 -8.714031E-03
  6.974342E-01  0.000000E+00     8  1.679736E-06 -8.710392E+01  8.486806E-08 -1.677590E-06
  6.974342E-01  0.000000E+00     9  4.992333E-03  9.742371E+01 -6.450387E-04  4.950486E-03
  6.974342E-01  0.000000E+00    10  2.188996E-06  9.293519E+01 -1.120904E-07  2.186124E-06
  6.974342E-01  0.000000E+00    11  7.052705E-03 -7.673077E+01  1.618787E-03 -6.864414E-03
  6.974342E-01  0.000000E+00    12  1.793599E-10  1.082596E+02 -5.619747E-11  1.703285E-10
  6.915238E-01  0.000000E+00     1  1.221153E-01 -7.155578E+01  3.863498E-02 -1.158425E-01
  6.915238E-01  0.000000E+00     2  6.398085E-07 -8.595826E+01  4.509578E-08 -6.382173E-07
  6.915238E-01  0.000000E+00     3  5.324210E-02 -7.727651E+01  1.172636E-02 -5.193471E-02
  6.915238E-01  0.000000E+00     4  3.461604E-07  8.754105E+01  1.485150E-08  3.458416E-07
  6.915238E-01  0.000000E+00     5  2.144716E-02 -7.155520E+01  6.785687E-03 -2.034540E-02
  6.915238E-01  0.000000E+00     6  7.781215E-12  9.000000E+01  2.072679E-12  7.500087E-12
  6.915238E-01  0.000000E+00     7  8.582043E-03 -7.155496E+01  2.715314E-03 -8.141163E-03
  6.915238E-01  0.000000E+00     8  1.672590E-06 -8.069180E+01  2.705331E-07 -1.650566E-06
  6.915238E-01  0.000000E+00     9  4.796635E-03  1.027230E+02 -1.056399E-03  4.678859E-03
  6.915238E-01  0.000000E+00    10  2.203992E-06  9.898864E+01 -3.443488E-07  2.176925E-06
  6.915238E-01  0.000000E+00    11  6.760227E-03 -7.155483E+01  2.138915E-03 -6.412933E-03
  6.915238E-01  0.000000E+00    12  1.828809E-10  1.136823E+02 -7.345688E-11  1.674799E-10
  6.857127E-01  0.000000E+00     1  1.199780E-01 -6.632561E+01  4.817578E-02 -1.098809E-01
  6.857127E-01  0.000000E+00     2  5.851428E-07 -8.679393E+01  3.272549E-08 -5.842269E-07
  6.857127E-01  0.000000E+00     3  5.134328E-02 -7.192642E+01  1.592864E-02 -4.880995E-02
  6.857127E-01  0.000000E+00     4  3.707405E-07  1.044904E+02 -9.276573E-08  3.589471E-07
  6.857127E-01  0.000000E+00     5  2.070099E-02 -6.632516E+01  8.312394E-03 -1.895877E-02
  6.857127E-01  0.000000E+00     6  5.839202E-12 -9.000000E+01 -1.728718E-12 -5.577438E-12
  6.857127E-01  0.000000E+00     7  8.227168E-03 -6.632477E+01  3.303634E-03 -7.534738E-03
  6.857127E-01  0.000000E+00     8  1.711469E-06 -7.450594E+01  4.571992E-07 -1.649271E-06
  6.857127E-01  0.000000E+00     9  4.614296E-03  1.080733E+02 -1.431505E-03  4.386629E-03
  6.857127E-01  0.000000E+00    10  2.229761E-06  1.051871E+02 -5.841350E-07  2.151888E-06
  6.857127E-01  0.000000E+00    11  6.480450E-03 -6.632472E+01  2.602242E-03 -5.935029E-03
  6.857127E-01  0.000000E+00    12  1.854196E-10  1.190609E+02 -9.006550E-11  1.620760E-10
  6.799985E-01  0.000000E+00     1  1.178838E-01 -6.104130E+01  5.707688E-02 -1.031447E-01
  6.799985E-01  0.000000E+00     2  7.689619E-07 -8.604245E+01  5.307178E-08 -7.671283E-07
  6.799985E-01  0.000000E+00     3  4.950956E-02 -6.652648E+01  1.972091E-02 -4.541236E-02
  6.799985E-01  0.000000E+00     4  3.751988E-07  1.034470E+02 -8.725065E-08  3.649130E-07
  6.799985E-01  0.000000E+00     5  1.998035E-02 -6.104079E+01  9.674224E-03 -1.748210E-02
  6.799985E-01  0.000000E+00     6  3.783512E-11 -1.189967E+02 -1.834094E-11 -3.309239E-11
  6.799985E-01  0.000000E+00     7  7.887712E-03 -6.104046E+01  3.819166E-03 -6.901447E-03
  6.799985E-01  0.000000E+00     8  1.731681E-06 -6.980466E+01  5.978141E-07 -1.625219E-06
  6.799985E-01  0.000000E+00     9  4.436550E-03  1.134725E+02 -1.767115E-03  4.069433E-03
  6.799985E-01  0.000000E+00    10  2.274120E-06  1.105441E+02 -7.980514E-07  2.129492E-06
  6.799985E-01  0.000000E+00    11  6.212397E-03 -6.104021E+01  3.008016E-03 -5.435597E-03
  6.799985E-01  0.000000E+00    12  1.879618E-10  1.243870E+02 -1.061569E-10  1.551140E-10
  6.743786E-01  0.000000E+00     1  1.158321E-01 -5.570299E+01  6.526939E-02 -9.569208E-02
  6.743786E-01  0.000000E+00     2  9.029619E-07 -8.306996E+01  1.089489E-07 -8.963651E-07
  6.743786E-01  0.000000E+00     3  4.773919E-02 -6.107669E+01  2.308851E-02 -4.178458E-02
  6.743786E-01  0.000000E+00     4  4.157921E-07  1.104344E+02 -1.451672E-07  3.896274E-07
  6.743786E-01  0.000000E+00     5  1.928440E-02 -5.570250E+01  1.086656E-02 -1.593128E-02
  6.743786E-01  0.000000E+00     6  4.055072E-11 -1.157922E+02 -1.764396E-11 -3.651097E-11
  6.743786E-01  0.000000E+00     7  7.562908E-03 -5.570218E+01  4.261659E-03 -6.247867E-03
  6.743786E-01  0.000000E+00     8  1.763113E-06 -6.431181E+01  7.642623E-07 -1.588858E-06
  6.743786E-01  0.000000E+00     9  4.267678E-03  1.189209E+02 -2.063857E-03  3.735448E-03
  6.743786E-01  0.000000E+00    10  2.306925E-06  1.152970E+02 -9.857739E-07  2.085702E-06
  6.743786E-01  0.000000E+00    11  5.955739E-03 -5.570184E+01  3.356056E-03 -4.920134E-03
  6.743786E-01  0.000000E+00    12  1.900436E-10  1.299850E+02 -1.221195E-10  1.456139E-10
  6.688510E-01  0.000000E+00     1  1.138220E-01 -5.031124E+01  7.268863E-02 -8.758885E-02
  6.688510E-01  0.000000E+00     2  8.671565E-07 -7.565392E+01  2.148626E-07 -8.401157E-07
  6.688510E-01  0.000000E+00     3  4.603006E-02 -5.557712E+01  2.602062E-02 -3.796963E-02
  6.688510E-01  0.000000E+00     4  4.050136E-07  1.158807E+02 -1.767877E-07  3.643928E-07
  6.688510E-01  0.000000E+00     5  1.861245E-02 -5.031083E+01  1.188633E-02 -1.432266E-02
  6.688510E-01  0.000000E+00     6  6.831925E-11 -1.166316E+02 -3.062420E-11 -6.107109E-11
  6.688510E-01  0.000000E+00     7  7.252187E-03 -5.031066E+01  4.631426E-03 -5.580692E-03
  6.688510E-01  0.000000E+00     8  1.803826E-06 -5.855490E+01  9.410222E-07 -1.538917E-06
  6.688510E-01  0.000000E+00     9  4.105124E-03  1.244221E+02 -2.320565E-03  3.386299E-03
  6.688510E-01  0.000000E+00    10  2.331842E-06  1.216618E+02 -1.223992E-06  1.984775E-06
  6.688510E-01  0.000000E+00    11  5.710013E-03 -5.031033E+01  3.646580E-03 -4.393939E-03
  6.688510E-01  0.000000E+00    12  1.913075E-10  1.349955E+02 -1.352641E-10  1.352856E-10
  6.634132E-01  0.000000E+00     1  1.118524E-01 -4.486604E+01  7.927632E-02 -7.890647E-02
  6.634132E-01  0.000000E+00     2  6.443623E-07 -6.350768E+01  2.874358E-07 -5.767005E-07
  6.634132E-01  0.000000E+00     3  4.438018E-02 -5.002800E+01  2.851042E-02 -3.401113E-02
  6.634132E-01  0.000000E+00     4  4.380703E-07  1.223397E+02 -2.343407E-07  3.701216E-07
  6.634132E-01  0.000000E+00     5  1.796377E-02 -4.486568E+01  1.273205E-02 -1.267249E-02
  6.634132E-01  0.000000E+00     6  8.528815E-11 -1.172237E+02 -3.901641E-11 -7.584054E-11
  6.634132E-01  0.000000E+00     7  6.954897E-03 -4.486505E+01  4.929425E-03 -4.906258E-03
  6.634132E-01  0.000000E+00     8  1.839777E-06 -5.252887E+01  1.119250E-06 -1.460157E-06
  6.634132E-01  0.000000E+00     9  3.946669E-03  1.299706E+02 -2.535318E-03  3.024626E-03
  6.634132E-01  0.000000E+00    10  2.399313E-06  1.277590E+02 -1.469200E-06  1.896880E-06
  6.634132E-01  0.000000E+00    11  5.474564E-03 -4.486503E+01  3.880210E-03 -3.861972E-03
  6.634132E-01  0.000000E+00    12  1.941246E-10  1.404843E+02 -1.497575E-10  1.235194E-10
  6.580631E-01  0.000000E+00     1  1.099230E-01 -3.936768E+01  8.498052E-02 -6.972353E-02
  6.580631E-01  0.000000E+00     2  5.889818E-07 -5.264627E+01  3.573553E-07 -4.681845E-07
  6.580631E-01  0.000000E+00     3  4.278754E-02 -4.442923E+01  3.055525E-02 -2.995246E-02
  6.580631E-01  0.000000E+00     4  4.517095E-07  1.270569E+02 -2.722037E-07  3.604811E-07
  6.580631E-01  0.000000E+00     5  1.733749E-02 -3.936742E+01  1.340352E-02 -1.099702E-02
  6.580631E-01  0.000000E+00     6  1.093111E-10 -1.125964E+02 -4.200142E-11 -1.009197E-10
  6.580631E-01  0.000000E+00     7  6.670371E-03 -3.936697E+01  5.156859E-03 -4.230916E-03
  6.580631E-01  0.000000E+00     8  1.884183E-06 -4.737664E+01  1.275924E-06 -1.386422E-06
  6.580631E-01  0.000000E+00     9  3.796144E-03  1.355707E+02 -2.710884E-03  2.657407E-03
  6.580631E-01  0.000000E+00    10  2.450639E-06  1.330064E+02 -1.671533E-06  1.792096E-06
  6.580631E-01  0.000000E+00    11  5.249185E-03 -3.936715E+01  4.058131E-03 -3.329492E-03
  6.580631E-01  0.000000E+00    12  1.974794E-10  1.454371E+02 -1.626251E-10  1.120322E-10
  6.527986E-01  0.000000E+00     1  1.080327E-01 -3.381643E+01  8.975625E-02 -6.012386E-02
  6.527986E-01  0.000000E+00     2  7.500244E-07 -4.116106E+01  5.646652E-07 -4.936495E-07
  6.527986E-01  0.000000E+00     3  4.125046E-02 -3.878055E+01  3.215682E-02 -2.583678E-02
  6.527986E-01  0.000000E+00     4  4.478360E-07  1.314525E+02 -2.964667E-07  3.356554E-07
  6.527986E-01  0.000000E+00     5  1.673296E-02 -3.381614E+01  1.390221E-02 -9.312387E-03
  6.527986E-01  0.000000E+00     6  1.405047E-10 -1.105485E+02 -4.931712E-11 -1.315652E-10
  6.527986E-01  0.000000E+00     7  6.398072E-03 -3.381566E+01  5.315726E-03 -3.560673E-03
  6.527986E-01  0.000000E+00     8  1.919360E-06 -4.203082E+01  1.425672E-06 -1.285070E-06
  6.527986E-01  0.000000E+00     9  3.653096E-03  1.412197E+02 -2.847783E-03  2.288066E-03
  6.527986E-01  0.000000E+00    10  2.478965E-06  1.377940E+02 -1.836253E-06  1.665365E-06
  6.527986E-01  0.000000E+00    11  5.033411E-03 -3.381549E+01  4.181929E-03 -2.801195E-03
  6.527986E-01  0.000000E+00    12  1.995071E-10  1.513575E+02 -1.750929E-10  9.563228E-11
  6.476177E-01  0.000000E+00     1  1.061804E-01 -2.821251E+01  9.356621E-02 -5.019606E-02
  6.476177E-01  0.000000E+00     2  8.490740E-07 -3.423867E+01  7.019303E-07 -4.777243E-07
  6.476177E-01  0.000000E+00     3  3.976696E-02 -3.308233E+01  3.332023E-02 -2.170654E-02
  6.476177E-01  0.000000E+00     4  4.395203E-07  1.421469E+02 -3.470395E-07  2.697067E-07
  6.476177E-01  0.000000E+00     5  1.614946E-02 -2.821202E+01  1.423098E-02 -7.634426E-03
  6.476177E-01  0.000000E+00     6  1.713606E-10 -1.049712E+02 -4.426807E-11 -1.655439E-10
  6.476177E-01  0.000000E+00     7  6.137461E-03 -2.821162E+01  5.408378E-03 -2.901359E-03
  6.476177E-01  0.000000E+00     8  1.985193E-06 -3.547714E+01  1.616636E-06 -1.152162E-06
  6.476177E-01  0.000000E+00     9  3.515188E-03  1.469174E+02 -2.945320E-03  1.918759E-03
  6.476177E-01  0.000000E+00    10  2.581601E-06  1.441614E+02 -2.092826E-06  1.511536E-06
  6.476177E-01  0.000000E+00    11  4.826773E-03 -2.821156E+01  4.253391E-03 -2.281754E-03
  6.476177E-01  0.000000E+00    12  2.055637E-10  1.571525E+02 -1.894355E-10  7.981639E-11
  6.425183E-01  0.000000E+00     1  1.043660E-01 -2.255602E+01  9.638252E-02 -4.003339E-02
  6.425183E-01  0.000000E+00     2  7.398547E-07 -2.145160E+01  6.886026E-07 -2.705760E-07
  6.425183E-01  0.000000E+00     3  3.833567E-02 -2.733448E+01  3.405515E-02 -1.760313E-02
  6.425183E-01  0.000000E+00     4  4.069517E-07  1.542026E+02 -3.663942E-07  1.771016E-07
  6.425183E-01  0.000000E+00     5  1.558633E-02 -2.255536E+01  1.439412E-02 -5.978541E-03
  6.425183E-01  0.000000E+00     6  1.966183E-10 -1.024119E+02 -4.226065E-11 -1.920229E-10
  6.425183E-01  0.000000E+00     7  5.888050E-03 -2.255485E+01  5.437690E-03 -2.258466E-03
  6.425183E-01  0.000000E+00     8  1.998077E-06 -2.934042E+01  1.741771E-06 -9.790527E-07
  6.425183E-01  0.000000E+00     9  3.380934E-03  1.526654E+02 -3.003419E-03  1.552478E-03
  6.425183E-01  0.000000E+00    10  2.592818E-06  1.501092E+02 -2.247912E-06  1.292129E-06
  6.425183E-01  0.000000E+00    11  4.628720E-03 -2.255442E+01  4.274695E-03 -1.775396E-03
  6.425183E-01  0.000000E+00    12  2.070779E-10  1.629628E+02 -1.979903E-10  6.067218E-11
  6.374987E-01  0.000000E+00     1  1.025880E-01 -1.684733E+01  9.818494E-02 -2.973230E-02
  6.374987E-01  0.000000E+00     2  7.073788E-07 -1.003301E+01  6.965613E-07 -1.232363E-07
  6.374987E-01  0.000000E+00     3  3.695467E-02 -2.153735E+01  3.437444E-02 -1.356635E-02
  6.374987E-01  0.000000E+00     4  4.095387E-07  1.624073E+02 -3.903843E-07  1.237821E-07
  6.374987E-01  0.000000E+00     5  1.504292E-02 -1.684649E+01  1.439735E-02 -4.359564E-03
  6.374987E-01  0.000000E+00     6  2.217427E-10 -1.004496E+02 -4.021757E-11 -2.180651E-10
  6.374987E-01  0.000000E+00     7  5.649283E-03 -1.684621E+01  5.406850E-03 -1.637184E-03
  6.374987E-01  0.000000E+00     8  2.031509E-06 -2.356814E+01  1.862051E-06 -8.122773E-07
  6.374987E-01  0.000000E+00     9  3.253008E-03  1.584628E+02 -3.025881E-03  1.194196E-03
  6.374987E-01  0.000000E+00    10  2.646158E-06  1.563575E+02 -2.424054E-06  1.061185E-06
  6.374987E-01  0.000000E+00    11  4.439166E-03 -1.684580E+01  4.248673E-03 -1.286456E-03
  6.374987E-01  0.000000E+00    12  2.093184E-10  1.686536E+02 -2.052275E-10  4.118120E-11
  6.325569E-01  0.000000E+00     1  1.008459E-01 -1.108646E+01  9.896395E-02 -1.939167E-02
  6.325569E-01  0.000000E+00     2  7.032369E-07  1.503962E+00  7.029947E-07  1.845721E-08
  6.325569E-01  0.000000E+00     3  3.562265E-02 -1.569058E+01  3.429521E-02 -9.633862E-03
  6.325569E-01  0.000000E+00     4  3.970422E-07  1.693243E+02 -3.901700E-07  7.355197E-08
  6.325569E-01  0.000000E+00     5  1.451861E-02 -1.108510E+01  1.424773E-02 -2.791446E-03
  6.325569E-01  0.000000E+00     6  2.518587E-10 -9.864634E+01 -3.786315E-11 -2.489963E-10
  6.325569E-01  0.000000E+00     7  5.420707E-03 -1.108460E+01  5.319580E-03 -1.042175E-03
  6.325569E-01  0.000000E+00     8  2.075901E-06 -1.791269E+01  1.975274E-06 -6.384794E-07
  6.325569E-01  0.000000E+00     9  3.132031E-03  1.643097E+02 -3.015323E-03  8.470205E-04
  6.325569E-01  0.000000E+00    10  2.701219E-06  1.622170E+02 -2.572154E-06  8.249884E-07
  6.325569E-01  0.000000E+00    11  4.257672E-03 -1.108424E+01  4.178248E-03 -8.185461E-04
  6.325569E-01  0.000000E+00    12  2.129523E-10  1.737715E+02 -2.116952E-10  2.310419E-11
  6.276911E-01  0.000000E+00     1  9.913887E-02 -5.273705E+00  9.871922E-02 -9.112212E-03
  6.276911E-01  0.000000E+00     2  6.064523E-07  1.700160E+01  5.799483E-07  1.773257E-07
  6.276911E-01  0.000000E+00     3  3.433741E-02 -9.795035E+00  3.383686E-02 -5.841621E-03
  6.276911E-01  0.000000E+00     4  4.817440E-07  1.740578E+02 -4.791555E-07  4.987231E-08
  6.276911E-01  0.000000E+00     5  1.401275E-02 -5.272428E+00  1.395346E-02 -1.287651E-03
  6.276911E-01  0.000000E+00     6  2.612218E-10 -9.624080E+01 -2.839669E-11 -2.596738E-10
  6.276911E-01  0.000000E+00     7  5.201908E-03 -5.271969E+00  5.179903E-03 -4.779692E-04
  6.276911E-01  0.000000E+00     8  2.137832E-06 -1.190725E+01  2.091832E-06 -4.410944E-07
  6.276911E-01  0.000000E+00     9  3.014930E-03  1.702041E+02 -2.970973E-03  5.129546E-04
  6.276911E-01  0.000000E+00    10  2.763852E-06  1.677524E+02 -2.700946E-06  5.863167E-07
  6.276911E-01  0.000000E+00    11  4.083902E-03 -5.271908E+00  4.066626E-03 -3.752385E-04
  6.276911E-01  0.000000E+00    12  2.133255E-10 -1.796308E+02 -2.133211E-10 -1.374477E-12
  6.228996E-01  0.000000E+00     1  9.746607E-02  5.909038E-01  9.746089E-02  1.005171E-03
  6.228996E-01  0.000000E+00     2  6.069100E-07  3.558732E+01  4.935572E-07  3.531870E-07
  6.228996E-01  0.000000E+00     3  3.309782E-02 -3.849887E+00  3.302313E-02 -2.222275E-03
  6.228996E-01  0.000000E+00     4  5.101440E-07 -1.797991E+02 -5.101409E-07 -1.789133E-09
  6.228996E-01  0.000000E+00     5  1.352474E-02  5.924644E-01  1.352402E-02  1.398494E-04
  6.228996E-01  0.000000E+00     6  2.952501E-10 -9.686150E+01 -3.527347E-11 -2.931354E-10
  6.228996E-01  0.000000E+00     7  4.992426E-03  5.928404E-01  4.992159E-03  5.165579E-05
  6.228996E-01  0.000000E+00     8  2.170038E-06 -6.526415E+00  2.155975E-06 -2.466492E-07
  6.228996E-01  0.000000E+00     9  2.900699E-03  1.761488E+02 -2.894149E-03  1.948287E-04
  6.228996E-01  0.000000E+00    10  2.822339E-06  1.734383E+02 -2.803851E-06  3.225195E-07
  6.228996E-01  0.000000E+00    11  3.917277E-03  5.934176E-01  3.917067E-03  4.057088E-05
  6.228996E-01  0.000000E+00    12  2.180796E-10 -1.741052E+02 -2.169264E-10 -2.239718E-11
  6.181806E-01  0.000000E+00     1  9.582652E-02  6.507288E+00  9.520915E-02  1.085998E-02
  6.181806E-01  0.000000E+00     2  6.885249E-07  3.908270E+01  5.344584E-07  4.340746E-07
  6.181806E-01  0.000000E+00     3  3.190215E-02  2.144353E+00  3.187981E-02  1.193692E-03
  6.181806E-01  0.000000E+00     4  5.163172E-07 -1.777274E+02 -5.159111E-07 -2.047445E-08
  6.181806E-01  0.000000E+00     5  1.305393E-02  6.509057E+00  1.296978E-02  1.479797E-03
  6.181806E-01  0.000000E+00     6  3.316067E-10 -9.258084E+01 -1.493186E-11 -3.312703E-10
  6.181806E-01  0.000000E+00     7  4.791802E-03  6.509142E+00  4.760913E-03  5.432070E-04
  6.181806E-01  0.000000E+00     8  2.212470E-06  6.041304E-01  2.212347E-06  2.332800E-08
  6.181806E-01  0.000000E+00     9  2.792259E-03 -1.778573E+02 -2.790306E-03 -1.043970E-04
  6.181806E-01  0.000000E+00    10  2.857565E-06 -1.790191E+02 -2.857146E-06 -4.892075E-08
  6.181806E-01  0.000000E+00    11  3.757763E-03  6.509301E+00  3.733538E-03  4.259969E-04
  6.181806E-01  0.000000E+00    12  2.216637E-10 -1.686426E+02 -2.173231E-10 -4.365176E-11
  6.135327E-01  0.000000E+00     1  9.422041E-02  1.247511E+01  9.199587E-02  2.035308E-02
  6.135327E-01  0.000000E+00     2  7.464957E-07  5.577909E+01  4.198182E-07  6.172589E-07
  6.135327E-01  0.000000E+00     3  3.074907E-02  8.188089E+00  3.043561E-02  4.379380E-03
  6.135327E-01  0.000000E+00     4  4.831609E-07 -1.693968E+02 -4.749110E-07 -8.890434E-08
  6.135327E-01  0.000000E+00     5  1.259982E-02  1.247677E+01  1.230226E-02  2.722113E-03
  6.135327E-01  0.000000E+00     6  3.542027E-10 -9.000000E+01  1.369158E-12 -3.542001E-10
  6.135327E-01  0.000000E+00     7  4.599719E-03  1.247705E+01  4.491086E-03  9.937630E-04
  6.135327E-01  0.000000E+00     8  2.235720E-06  6.460184E+00  2.221524E-06  2.515469E-07
  6.135327E-01  0.000000E+00     9  2.689206E-03 -1.718133E+02 -2.661801E-03 -3.829396E-04
  6.135327E-01  0.000000E+00    10  2.897499E-06 -1.735566E+02 -2.879196E-06 -3.251637E-07
  6.135327E-01  0.000000E+00    11  3.605057E-03  1.247750E+01  3.519909E-03  7.788950E-04
  6.135327E-01  0.000000E+00    12  2.251719E-10 -1.627117E+02 -2.149989E-10 -6.691660E-11
  6.089541E-01  0.000000E+00     1  9.264575E-02  1.849452E+01  8.786096E-02  2.938853E-02
  6.089541E-01  0.000000E+00     2  8.865871E-07  4.091722E+01  6.699555E-07  5.806862E-07
  6.089541E-01  0.000000E+00     3  2.963732E-02  1.428069E+01  2.872150E-02  7.310710E-03
  6.089541E-01  0.000000E+00     4  4.759686E-07 -1.660743E+02 -4.619792E-07 -1.145481E-07
  6.089541E-01  0.000000E+00     5  1.216189E-02  1.849549E+01  1.153371E-02  3.858117E-03
  6.089541E-01  0.000000E+00     6  4.088715E-10 -8.825707E+01  1.243585E-11 -4.086824E-10
  6.089541E-01  0.000000E+00     7  4.415784E-03  1.849593E+01  4.187692E-03  1.400852E-03
  6.089541E-01  0.000000E+00     8  2.246880E-06  1.121029E+01  2.204010E-06  4.368172E-07
  6.089541E-01  0.000000E+00     9  2.589919E-03 -1.657206E+02 -2.509902E-03 -6.388053E-04
  6.089541E-01  0.000000E+00    10  2.917271E-06 -1.683987E+02 -2.857673E-06 -5.866668E-07
  6.089541E-01  0.000000E+00    11  3.458805E-03  1.849612E+01  3.280141E-03  1.097273E-03
  6.089541E-01  0.000000E+00    12  2.261737E-10 -1.568814E+02 -2.080106E-10 -8.880388E-11
  6.044434E-01  0.000000E+00     1  9.110916E-02  2.456289E+01  8.286428E-02  3.787333E-02
  6.044434E-01  0.000000E+00     2  1.665277E-06  1.938209E+01  1.570900E-06  5.526493E-07
  6.044434E-01  0.000000E+00     3  2.856580E-02  2.042120E+01  2.677052E-02  9.967143E-03
  6.044434E-01  0.000000E+00     4  6.175808E-07 -1.697295E+02 -6.076854E-07 -1.101118E-07
  6.044434E-01  0.000000E+00     5  1.173887E-02  2.456746E+01  1.067618E-02  4.880603E-03
  6.044434E-01  0.000000E+00     6  4.393837E-10 -8.695863E+01  2.331244E-11 -4.387648E-10
  6.044434E-01  0.000000E+00     7  4.239642E-03  2.456699E+01  3.855851E-03  1.762660E-03
  6.044434E-01  0.000000E+00     8  2.300838E-06  1.761809E+01  2.192918E-06  6.963964E-07
  6.044434E-01  0.000000E+00     9  2.492766E-03 -1.595780E+02 -2.336091E-03 -8.698042E-04
  6.044434E-01  0.000000E+00    10  3.006093E-06 -1.621738E+02 -2.861769E-06 -9.202600E-07
  6.044434E-01  0.000000E+00    11  3.318577E-03  2.456785E+01  3.018145E-03  1.379766E-03
  6.044434E-01  0.000000E+00    12  2.317979E-10 -1.504172E+02 -2.015815E-10 -1.144342E-10
  5.999990E-01  0.000000E+00     1  8.959755E-02  3.068664E+01  7.705133E-02  4.572543E-02
  5.999990E-01  0.000000E+00     2  1.470451E-06  3.169471E+01  1.251148E-06  7.725648E-07
  5.999990E-01  0.000000E+00     3  2.753188E-02  2.661197E+01  2.461517E-02  1.233279E-02
  5.999990E-01  0.000000E+00     4  5.892860E-07 -1.595732E+02 -5.522311E-07 -2.056666E-07
  5.999990E-01  0.000000E+00     5  1.133161E-02  3.068654E+01  9.744872E-03  5.782987E-03
  5.999990E-01  0.000000E+00     6  4.613448E-10 -8.576640E+01  3.405788E-11 -4.600859E-10
  5.999990E-01  0.000000E+00     7  4.070933E-03  3.068758E+01  3.500852E-03  2.077627E-03
  5.999990E-01  0.000000E+00     8  2.354322E-06  2.453907E+01  2.141675E-06  9.777820E-07
  5.999990E-01  0.000000E+00     9  2.400512E-03 -1.533871E+02 -2.146185E-03 -1.075336E-03
  5.999990E-01  0.000000E+00    10  3.043329E-06 -1.556026E+02 -2.771567E-06 -1.257089E-06
  5.999990E-01  0.000000E+00    11  3.184347E-03  3.068787E+01  2.738412E-03  1.625166E-03
  5.999990E-01  0.000000E+00    12  2.337824E-10 -1.448097E+02 -1.910569E-10 -1.347273E-10
  5.956194E-01  0.000000E+00     1  8.811557E-02  3.685842E+01  7.050304E-02  5.285521E-02
  5.956194E-01  0.000000E+00     2  1.855614E-06  3.097732E+01  1.590950E-06  9.550822E-07
  5.956194E-01  0.000000E+00     3  2.653538E-02  3.285115E+01  2.229191E-02  1.439434E-02
  5.956194E-01  0.000000E+00     4  5.727508E-07 -1.509340E+02 -5.006191E-07 -2.782517E-07
  5.956194E-01  0.000000E+00     5  1.093887E-02  3.685865E+01  8.752380E-03  6.561602E-03
  5.956194E-01  0.000000E+00     6  4.860755E-10 -8.415993E+01  4.945918E-11 -4.835526E-10
  5.956194E-01  0.000000E+00     7  3.909341E-03  3.685956E+01  3.127896E-03  2.345040E-03
  5.956194E-01  0.000000E+00     8  2.390137E-06  3.108530E+01  2.046912E-06  1.234060E-06
  5.956194E-01  0.000000E+00     9  2.313060E-03 -1.471492E+02 -1.943170E-03 -1.254727E-03
  5.956194E-01  0.000000E+00    10  3.106657E-06 -1.493695E+02 -2.673187E-06 -1.582842E-06
  5.956194E-01  0.000000E+00    11  3.055808E-03  3.686015E+01  2.444959E-03  1.833069E-03
  5.956194E-01  0.000000E+00    12  2.373317E-10 -1.382485E+02 -1.770589E-10 -1.580396E-10
  5.913033E-01  0.000000E+00     1  8.666394E-02  4.308117E+01  6.329820E-02  5.919439E-02
  5.913033E-01  0.000000E+00     2  2.950764E-06  3.832274E+01  2.314963E-06  1.829740E-06
  5.913033E-01  0.000000E+00     3  2.557528E-02  3.913921E+01  1.983657E-02  1.614329E-02
  5.913033E-01  0.000000E+00     4  5.922539E-07 -1.401772E+02 -4.548678E-07 -3.792888E-07
  5.913033E-01  0.000000E+00     5  1.056022E-02  4.308138E+01  7.713021E-03  7.213018E-03
  5.913033E-01  0.000000E+00     6  5.337580E-10 -8.046821E+01  8.838757E-11 -5.263889E-10
  5.913033E-01  0.000000E+00     7  3.754624E-03  4.308246E+01  2.742270E-03  2.564597E-03
  5.913033E-01  0.000000E+00     8  2.390547E-06  3.837434E+01  1.874121E-06  1.484044E-06
  5.913033E-01  0.000000E+00     9  2.227265E-03 -1.408629E+02 -1.727551E-03 -1.405802E-03
  5.913033E-01  0.000000E+00    10  3.143946E-06 -1.417415E+02 -2.468704E-06 -1.946765E-06
  5.913033E-01  0.000000E+00    11  2.932569E-03  4.308310E+01  2.141842E-03  2.003115E-03
  5.913033E-01  0.000000E+00    12  2.373561E-10 -1.326390E+02 -1.607795E-10 -1.746078E-10
  5.870494E-01  0.000000E+00     1  8.524130E-02  4.935412E+01  5.552465E-02  6.467683E-02
  5.870494E-01  0.000000E+00     2  6.919154E-06  5.793243E+01  3.673511E-06  5.863447E-06
  5.870494E-01  0.000000E+00     3  2.465080E-02  4.547807E+01  1.728470E-02  1.757558E-02
  5.870494E-01  0.000000E+00     4  8.438989E-07 -1.271451E+02 -5.095762E-07 -6.726792E-07
  5.870494E-01  0.000000E+00     5  1.019515E-02  4.935515E+01  6.640796E-03  7.735687E-03
  5.870494E-01  0.000000E+00     6  5.724210E-10 -8.069840E+01  9.252124E-11 -5.648944E-10
  5.870494E-01  0.000000E+00     7  3.606377E-03  4.935550E+01  2.349063E-03  2.736395E-03
  5.870494E-01  0.000000E+00     8  2.476358E-06  4.436516E+01  1.770343E-06  1.731541E-06
  5.870494E-01  0.000000E+00     9  2.144870E-03 -1.345216E+02 -1.503935E-03 -1.529263E-03
  5.870494E-01  0.000000E+00    10  3.203611E-06 -1.355840E+02 -2.288266E-06 -2.242088E-06
  5.870494E-01  0.000000E+00    11  2.814522E-03  4.935631E+01  1.833248E-03  2.135589E-03
  5.870494E-01  0.000000E+00    12  2.427857E-10 -1.255365E+02 -1.411124E-10 -1.975657E-10
  5.828562E-01  0.000000E+00     1  8.384670E-02  5.567805E+01  4.727633E-02  6.924751E-02
  5.828562E-01  0.000000E+00     2  2.611674E-06 -1.108903E+02 -9.312708E-07 -2.439995E-06
  5.828562E-01  0.000000E+00     3  2.375467E-02  5.186309E+01  1.466952E-02  1.868393E-02
  5.828562E-01  0.000000E+00     4  3.890451E-07 -1.308208E+02 -2.543171E-07 -2.944128E-07
  5.828562E-01  0.000000E+00     5  9.843016E-03  5.567790E+01  5.549931E-03  8.129159E-03
  5.828562E-01  0.000000E+00     6  5.727950E-10 -7.896166E+01  1.096707E-10 -5.621978E-10
  5.828562E-01  0.000000E+00     7  3.464369E-03  5.567910E+01  1.953306E-03  2.861197E-03
  5.828562E-01  0.000000E+00     8  2.522400E-06  5.027940E+01  1.611926E-06  1.940154E-06
  5.828562E-01  0.000000E+00     9  2.066515E-03 -1.281383E+02 -1.276200E-03 -1.625361E-03
  5.828562E-01  0.000000E+00    10  3.265468E-06 -1.298061E+02 -2.090526E-06 -2.508581E-06
  5.828562E-01  0.000000E+00    11  2.701430E-03  5.567935E+01  1.523130E-03  2.231098E-03
  5.828562E-01  0.000000E+00    12  2.467731E-10 -1.198001E+02 -1.226403E-10 -2.141408E-10
  5.787225E-01  0.000000E+00     1  8.247995E-02  6.205243E+01  3.865534E-02  7.286087E-02
  5.787225E-01  0.000000E+00     2  1.162719E-06 -1.041892E+02 -2.850117E-07 -1.127246E-06
  5.787225E-01  0.000000E+00     3  2.289590E-02  5.829683E+01  1.203222E-02  1.947942E-02
  5.787225E-01  0.000000E+00     4  4.799404E-07 -1.138707E+02 -1.942196E-07 -4.388866E-07
  5.787225E-01  0.000000E+00     5  9.503868E-03  6.205222E+01  4.454146E-03  8.395481E-03
  5.787225E-01  0.000000E+00     6  5.905940E-10 -7.690296E+01  1.338292E-10 -5.752313E-10
  5.787225E-01  0.000000E+00     7  3.328346E-03  6.205303E+01  1.559843E-03  2.940200E-03
  5.787225E-01  0.000000E+00     8  2.521266E-06  5.765820E+01  1.348799E-06  2.130146E-06
  5.787225E-01  0.000000E+00     9  1.992303E-03 -1.217049E+02 -1.047044E-03 -1.694984E-03
  5.787225E-01  0.000000E+00    10  3.276303E-06 -1.224875E+02 -1.759752E-06 -2.763591E-06
  5.787225E-01  0.000000E+00    11  2.593234E-03  6.205393E+01  1.215294E-03  2.290834E-03
  5.787225E-01  0.000000E+00    12  2.481369E-10 -1.135804E+02 -9.926342E-11 -2.274174E-10
  5.746469E-01  0.000000E+00     1  8.114015E-02  6.847680E+01  2.976854E-02  7.548217E-02
  5.746469E-01  0.000000E+00     2  1.867098E-07 -8.743239E+01  8.364258E-09 -1.865223E-07
  5.746469E-01  0.000000E+00     3  2.206733E-02  6.477953E+01  9.402941E-03  1.996376E-02
  5.746469E-01  0.000000E+00     4  5.183250E-07 -1.124842E+02 -1.982221E-07 -4.789246E-07
  5.746469E-01  0.000000E+00     5  9.176848E-03  6.847645E+01  3.366836E-03  8.536918E-03
  5.746469E-01  0.000000E+00     6  6.033792E-10 -7.576523E+01  1.483684E-10 -5.848533E-10
  5.746469E-01  0.000000E+00     7  3.198033E-03  6.847728E+01  1.173263E-03  2.975041E-03
  5.746469E-01  0.000000E+00     8  2.638280E-06  6.352911E+01  1.175995E-06  2.361685E-06
  5.746469E-01  0.000000E+00     9  1.919618E-03 -1.152190E+02 -8.179107E-04 -1.736651E-03
  5.746469E-01  0.000000E+00    10  3.403429E-06 -1.165465E+02 -1.521073E-06 -3.044612E-06
  5.746469E-01  0.000000E+00    11  2.489416E-03  6.847775E+01  9.132737E-04  2.315842E-03
  5.746469E-01  0.000000E+00    12  2.539757E-10 -1.070891E+02 -7.463270E-11 -2.427625E-10
  5.706285E-01  0.000000E+00     1  7.982717E-02  7.495110E+01  2.072660E-02  7.708947E-02
  5.706285E-01  0.000000E+00     2  1.562241E-07 -5.998351E+00  1.553688E-07 -1.632540E-08
  5.706285E-01  0.000000E+00     3  2.126873E-02  7.131058E+01  6.815311E-03  2.014721E-02
  5.706285E-01  0.000000E+00     4  5.319434E-07 -1.055609E+02 -1.427001E-07 -5.124456E-07
  5.706285E-01  0.000000E+00     5  8.861670E-03  7.495034E+01  2.300987E-03  8.557725E-03
  5.706285E-01  0.000000E+00     6  6.141673E-10 -7.443693E+01  1.647805E-10 -5.916492E-10
  5.706285E-01  0.000000E+00     7  3.073223E-03  7.495122E+01  7.979358E-04  2.967827E-03
  5.706285E-01  0.000000E+00     8  2.651821E-06  7.010425E+01  9.024409E-07  2.493543E-06
  5.706285E-01  0.000000E+00     9  1.849458E-03 -1.086894E+02 -5.926359E-04 -1.751936E-03
  5.706285E-01  0.000000E+00    10  3.413463E-06 -1.099985E+02 -1.167391E-06 -3.207636E-06
  5.706285E-01  0.000000E+00    11  2.389961E-03  7.495170E+01  6.205135E-04  2.308003E-03
  5.706285E-01  0.000000E+00    12  2.567238E-10 -1.008365E+02 -4.826581E-11 -2.521458E-10
  5.666658E-01  0.000000E+00     1  7.854022E-02  8.147545E+01  1.164227E-02  7.767254E-02
  5.666658E-01  0.000000E+00     2  1.112007E-07 -1.257585E+01  1.085329E-07 -2.421195E-08
  5.666658E-01  0.000000E+00     3  2.049947E-02  7.789009E+01  4.300537E-03  2.004330E-02
  5.666658E-01  0.000000E+00     4  5.193066E-07 -9.784244E+01 -7.085909E-08 -5.144495E-07
  5.666658E-01  0.000000E+00     5  8.557969E-03  8.147448E+01  1.268718E-03  8.463402E-03
  5.666658E-01  0.000000E+00     6  6.115755E-10 -7.271938E+01  1.816697E-10 -5.839698E-10
  5.666658E-01  0.000000E+00     7  2.953602E-03  8.147581E+01  4.378037E-04  2.920975E-03
  5.666658E-01  0.000000E+00     8  2.690617E-06  7.668427E+01  6.196943E-07  2.618282E-06
  5.666658E-01  0.000000E+00     9  1.782771E-03 -1.021116E+02 -3.740551E-04 -1.743088E-03
  5.666658E-01  0.000000E+00    10  3.479117E-06 -1.036174E+02 -8.191162E-07 -3.381316E-06
  5.666658E-01  0.000000E+00    11  2.294671E-03  8.147646E+01  3.401064E-04  2.269326E-03
  5.666658E-01  0.000000E+00    12  2.589594E-10 -9.418724E+01 -1.890820E-11 -2.582681E-10
  5.627577E-01  0.000000E+00     1  7.727879E-02  8.804945E+01  2.630330E-03  7.723401E-02
  5.627577E-01  0.000000E+00     2  8.416078E-08  5.662163E+01  4.630237E-08  7.027893E-08
  5.627577E-01  0.000000E+00     3  1.975805E-02  8.451787E+01  1.887593E-03  1.966768E-02
  5.627577E-01  0.000000E+00     4  5.413102E-07 -9.603470E+01 -5.690834E-08 -5.383104E-07
  5.627577E-01  0.000000E+00     5  8.265234E-03  8.804836E+01  2.814796E-04  8.260439E-03
  5.627577E-01  0.000000E+00     6  6.155271E-10 -7.076130E+01  2.028189E-10 -5.811524E-10
  5.627577E-01  0.000000E+00     7  2.839033E-03  8.804918E+01  9.664553E-05  2.837387E-03
  5.627577E-01  0.000000E+00     8  2.762157E-06  8.329971E+01  3.222769E-07  2.743291E-06
  5.627577E-01  0.000000E+00     9  1.718658E-03 -9.548218E+01 -1.641940E-04 -1.710797E-03
  5.627577E-01  0.000000E+00    10  3.551640E-06 -9.683501E+01 -4.226828E-07 -3.526399E-06
  5.627577E-01  0.000000E+00    11  2.203444E-03  8.804985E+01  7.498324E-05  2.202168E-03
  5.627577E-01  0.000000E+00    12  2.605914E-10 -8.785073E+01  9.772947E-12 -2.604081E-10
  5.589033E-01  0.000000E+00     1  7.604227E-02  9.467317E+01 -6.195300E-03  7.578948E-02
  5.589033E-01  0.000000E+00     2  1.678563E-07  7.126726E+01  5.390775E-08  1.589644E-07
  5.589033E-01  0.000000E+00     3  1.904385E-02  9.119434E+01 -3.969453E-04  1.903971E-02
  5.589033E-01  0.000000E+00     4  5.116581E-07 -8.822328E+01  1.586378E-08 -5.114122E-07
  5.589033E-01  0.000000E+00     5  7.983220E-03  9.467244E+01 -6.503059E-04  7.956689E-03
  5.589033E-01  0.000000E+00     6  6.291004E-10 -6.818391E+01  2.337917E-10 -5.840452E-10
  5.589033E-01  0.000000E+00     7  2.729232E-03  9.467291E+01 -2.223431E-04  2.720160E-03
  5.589033E-01  0.000000E+00     8  2.800759E-06  9.046809E+01 -2.288084E-08  2.800665E-06
  5.589033E-01  0.000000E+00     9  1.656975E-03 -8.880843E+01  3.445708E-05 -1.656617E-03
  5.589033E-01  0.000000E+00    10  3.603113E-06 -8.960101E+01  2.509067E-08 -3.603026E-06
  5.589033E-01  0.000000E+00    11  2.115973E-03  9.467360E+01 -1.724081E-04  2.108938E-03
  5.589033E-01  0.000000E+00    12  2.673994E-10 -8.085905E+01  4.248007E-11 -2.640036E-10
  5.551012E-01  0.000000E+00     1  7.483006E-02  1.013465E+02 -1.472216E-02  7.336754E-02
  5.551012E-01  0.000000E+00     2  1.423551E-07  6.568761E+01  5.860923E-08  1.297303E-07
  5.551012E-01  0.000000E+00     3  1.835606E-02  9.792046E+01 -2.529433E-03  1.818095E-02
  5.551012E-01  0.000000E+00     4  5.110970E-07 -7.993080E+01  8.935890E-08 -5.032247E-07
  5.551012E-01  0.000000E+00     5  7.711527E-03  1.013461E+02 -1.517131E-03  7.560818E-03
  5.551012E-01  0.000000E+00     6  6.164630E-10 -6.474014E+01  2.630599E-10 -5.575178E-10
  5.551012E-01  0.000000E+00     7  2.624031E-03  1.013464E+02 -5.162511E-04  2.572747E-03
  5.551012E-01  0.000000E+00     8  2.843253E-06  9.690287E+01 -3.417210E-07  2.822643E-06
  5.551012E-01  0.000000E+00     9  1.598263E-03 -8.207703E+01  2.203072E-04 -1.583006E-03
  5.551012E-01  0.000000E+00    10  3.653120E-06 -8.296920E+01  4.471524E-07 -3.625651E-06
  5.551012E-01  0.000000E+00    11  2.032229E-03  1.013473E+02 -3.998528E-04  1.992504E-03
  5.551012E-01  0.000000E+00    12  2.698937E-10 -7.449704E+01  7.213942E-11 -2.600741E-10
  5.513505E-01  0.000000E+00     1  7.364146E-02  1.080693E+02 -2.284116E-02  7.000961E-02
  5.513505E-01  0.000000E+00     2  1.681525E-07  7.028483E+01  5.672534E-08  1.582956E-07
  5.513505E-01  0.000000E+00     3  1.769360E-02  1.046934E+02 -4.487924E-03  1.711497E-02
  5.513505E-01  0.000000E+00     4  4.954239E-07 -7.264356E+01  1.477925E-07 -4.728660E-07
  5.513505E-01  0.000000E+00     5  7.449852E-03  1.080690E+02 -2.310662E-03  7.082453E-03
  5.513505E-01  0.000000E+00     6  6.150985E-10 -6.239857E+01  2.849863E-10 -5.450954E-10
  5.513505E-01  0.000000E+00     7  2.523249E-03  1.080686E+02 -7.826010E-04  2.398817E-03
  5.513505E-01  0.000000E+00     8  2.873040E-06  1.037193E+02 -6.813847E-07  2.791070E-06
  5.513505E-01  0.000000E+00     9  1.541745E-03 -7.530676E+01  3.910542E-04 -1.491326E-03
  5.513505E-01  0.000000E+00    10  3.701711E-06 -7.637310E+01  8.721175E-07 -3.597510E-06
  5.513505E-01  0.000000E+00    11  1.952006E-03  1.080691E+02 -6.054405E-04  1.855740E-03
  5.513505E-01  0.000000E+00    12  2.726245E-10 -6.787518E+01  1.026773E-10 -2.525499E-10
  5.476502E-01  0.000000E+00     1  7.247630E-02  1.148415E+02 -3.044797E-02  6.577032E-02
  5.476502E-01  0.000000E+00     2  2.727349E-07  8.045954E+01  4.520417E-08  2.689627E-07
  5.476502E-01  0.000000E+00     3  1.705572E-02  1.115145E+02 -6.254967E-03  1.586736E-02
  5.476502E-01  0.000000E+00     4  5.203613E-07 -6.651414E+01  2.073757E-07 -4.772538E-07
  5.476502E-01  0.000000E+00     5  7.197752E-03  1.148414E+02 -3.023839E-03  6.531771E-03
  5.476502E-01  0.000000E+00     6  6.106082E-10 -5.885205E+01  3.158370E-10 -5.225795E-10
  5.476502E-01  0.000000E+00     7  2.426687E-03  1.148420E+02 -1.019492E-03  2.202146E-03
  5.476502E-01  0.000000E+00     8  2.914332E-06  1.103147E+02 -1.011786E-06  2.733060E-06
  5.476502E-01  0.000000E+00     9  1.486267E-03 -6.848640E+01  5.450471E-04 -1.382720E-03
  5.476502E-01  0.000000E+00    10  3.739257E-06 -6.965150E+01  1.300250E-06 -3.505908E-06
  5.476502E-01  0.000000E+00    11  1.875009E-03  1.148428E+02 -7.877478E-04  1.701503E-03
  5.476502E-01  0.000000E+00    12  2.778595E-10 -6.088095E+01  1.352136E-10 -2.427410E-10
  5.439993E-01  0.000000E+00     1  7.133368E-02  1.216630E+02 -3.744461E-02  6.071569E-02
  5.439993E-01  0.000000E+00     2  2.780206E-07  1.024531E+02 -5.995258E-08  2.714796E-07
  5.439993E-01  0.000000E+00     3  1.644121E-02  1.183834E+02 -7.815653E-03  1.446475E-02
  5.439993E-01  0.000000E+00     4  5.461845E-07 -6.022701E+01  2.712161E-07 -4.740879E-07
  5.439993E-01  0.000000E+00     5  6.954958E-03  1.216627E+02 -3.650782E-03  5.919732E-03
  5.439993E-01  0.000000E+00     6  5.959703E-10 -5.452600E+01  3.458615E-10 -4.853457E-10
  5.439993E-01  0.000000E+00     7  2.334143E-03  1.216636E+02 -1.225263E-03  1.986694E-03
  5.439993E-01  0.000000E+00     8  3.006535E-06  1.171930E+02 -1.373954E-06  2.674229E-06
  5.439993E-01  0.000000E+00     9  1.434689E-03 -6.161869E+01  6.819609E-04 -1.262244E-03
  5.439993E-01  0.000000E+00    10  3.856187E-06 -6.256210E+01  1.776881E-06 -3.422407E-06
  5.439993E-01  0.000000E+00    11  1.801378E-03  1.216649E+02 -9.456336E-04  1.533212E-03
  5.439993E-01  0.000000E+00    12  2.803215E-10 -5.437398E+01  1.632851E-10 -2.278555E-10
  5.403966E-01  0.000000E+00     1  7.021341E-02  1.285338E+02 -4.374125E-02  5.492381E-02
  5.403966E-01  0.000000E+00     2  2.709275E-07  1.125171E+02 -1.037540E-07  2.502735E-07
  5.403966E-01  0.000000E+00     3  1.584937E-02  1.253003E+02 -9.158749E-03  1.293521E-02
  5.403966E-01  0.000000E+00     4  5.606568E-07 -5.547439E+01  3.177660E-07 -4.619099E-07
  5.403966E-01  0.000000E+00     5  6.721038E-03  1.285329E+02 -4.186966E-03  5.257535E-03
  5.403966E-01  0.000000E+00     6  5.801954E-10 -5.126633E+01  3.630290E-10 -4.525889E-10
  5.403966E-01  0.000000E+00     7  2.245427E-03  1.285334E+02 -1.398835E-03  1.756474E-03
  5.403966E-01  0.000000E+00     8  3.041943E-06  1.242132E+02 -1.710406E-06  2.515537E-06
  5.403966E-01  0.000000E+00     9  1.384071E-03 -5.470259E+01  7.997449E-04 -1.129629E-03
  5.403966E-01  0.000000E+00    10  3.919744E-06 -5.578011E+01  2.204349E-06 -3.241179E-06
  5.403966E-01  0.000000E+00    11  1.730664E-03  1.285343E+02 -1.078175E-03  1.353786E-03
  5.403966E-01  0.000000E+00    12  2.862133E-10 -4.709205E+01  1.948604E-10 -2.096365E-10
  5.368414E-01  0.000000E+00     1  6.911471E-02  1.354535E+02 -4.925673E-02  4.848316E-02
  5.368414E-01  0.000000E+00     2  2.788356E-07  1.298845E+02 -1.788011E-07  2.139614E-07
  5.368414E-01  0.000000E+00     3  1.527988E-02  1.322652E+02 -1.027668E-02  1.130772E-02
  5.368414E-01  0.000000E+00     4  5.523354E-07 -4.780841E+01  3.709550E-07 -4.092271E-07
  5.368414E-01  0.000000E+00     5  6.495869E-03  1.354527E+02 -4.629424E-03  4.556835E-03
  5.368414E-01  0.000000E+00     6  5.801422E-10 -4.673436E+01  3.976189E-10 -4.224502E-10
  5.368414E-01  0.000000E+00     7  2.160500E-03  1.354528E+02 -1.539731E-03  1.515583E-03
  5.368414E-01  0.000000E+00     8  3.067578E-06  1.312724E+02 -2.023497E-06  2.305535E-06
  5.368414E-01  0.000000E+00     9  1.336012E-03 -4.773645E+01  8.985241E-04 -9.887279E-04
  5.368414E-01  0.000000E+00    10  3.943237E-06 -4.863489E+01  2.605908E-06 -2.959453E-06
  5.368414E-01  0.000000E+00    11  1.663062E-03  1.354537E+02 -1.185237E-03  1.166614E-03
  5.368414E-01  0.000000E+00    12  2.887114E-10 -4.047178E+01  2.196302E-10 -1.873949E-10
  5.333326E-01  0.000000E+00     1  6.803744E-02  1.424222E+02 -5.392147E-02  4.149178E-02
  5.333326E-01  0.000000E+00     2  2.668569E-07  1.354137E+02 -1.900538E-07  1.873290E-07
  5.333326E-01  0.000000E+00     3  1.473128E-02  1.392780E+02 -1.116460E-02  9.610537E-03
  5.333326E-01  0.000000E+00     4  5.710496E-07 -3.816765E+01  4.489626E-07 -3.528884E-07
  5.333326E-01  0.000000E+00     5  6.278963E-03  1.424215E+02 -4.976194E-03  3.829212E-03
  5.333326E-01  0.000000E+00     6  5.733091E-10 -4.233986E+01  4.237687E-10 -3.861391E-10
  5.333326E-01  0.000000E+00     7  2.079063E-03  1.424229E+02 -1.647728E-03  1.267871E-03
  5.333326E-01  0.000000E+00     8  3.124413E-06  1.385983E+02 -2.343595E-06  2.066282E-06
  5.333326E-01  0.000000E+00     9  1.288818E-03 -4.072349E+01  9.767528E-04 -8.408369E-04
  5.333326E-01  0.000000E+00    10  4.028259E-06 -4.146681E+01  3.018534E-06 -2.667457E-06
  5.333326E-01  0.000000E+00    11  1.598127E-03  1.424242E+02 -1.266591E-03  9.745544E-04
  5.333326E-01  0.000000E+00    12  2.925473E-10 -3.377915E+01  2.431615E-10 -1.626543E-10
  5.298694E-01  0.000000E+00     1  6.698123E-02  1.494399E+02 -5.767729E-02  3.405606E-02
  5.298694E-01  0.000000E+00     2  2.621382E-07  1.447336E+02 -2.140297E-07  1.513530E-07
  5.298694E-01  0.000000E+00     3  1.420301E-02  1.463390E+02 -1.182161E-02  7.872419E-03
  5.298694E-01  0.000000E+00     4  6.075515E-07 -3.534097E+01  4.955944E-07 -3.514328E-07
  5.298694E-01  0.000000E+00     5  6.070101E-03  1.494390E+02 -5.226893E-03  3.086376E-03
  5.298694E-01  0.000000E+00     6  5.641251E-10 -3.766351E+01  4.465687E-10 -3.446934E-10
  5.298694E-01  0.000000E+00     7  2.001003E-03  1.494407E+02 -1.723070E-03  1.017371E-03
  5.298694E-01  0.000000E+00     8  3.189213E-06  1.455455E+02 -2.629747E-06  1.804304E-06
  5.298694E-01  0.000000E+00     9  1.244131E-03 -3.366180E+01  1.035520E-03 -6.896091E-04
  5.298694E-01  0.000000E+00    10  4.088447E-06 -3.470238E+01  3.361196E-06 -2.327609E-06
  5.298694E-01  0.000000E+00    11  1.535942E-03  1.494419E+02 -1.322622E-03  7.808907E-04
  5.298694E-01  0.000000E+00    12  2.950156E-10 -2.656182E+01  2.638774E-10 -1.319201E-10
  5.264509E-01  0.000000E+00     1  6.594525E-02  1.565065E+02 -6.047871E-02  2.628880E-02
  5.264509E-01  0.000000E+00     2  2.997941E-07  1.573976E+02 -2.767682E-07  1.152210E-07
  5.264509E-01  0.000000E+00     3  1.369464E-02  1.534470E+02 -1.225015E-02  6.121852E-03
  5.264509E-01  0.000000E+00     4  6.502127E-07 -2.296218E+01  5.986915E-07 -2.536632E-07
  5.264509E-01  0.000000E+00     5  5.869011E-03  1.565054E+02 -5.382457E-03  2.339753E-03
  5.264509E-01  0.000000E+00     6  5.550485E-10 -3.331588E+01  4.638291E-10 -3.048629E-10
  5.264509E-01  0.000000E+00     7  1.926227E-03  1.565072E+02 -1.766562E-03  7.678599E-04
  5.264509E-01  0.000000E+00     8  3.272279E-06  1.532515E+02 -2.922114E-06  1.472773E-06
  5.264509E-01  0.000000E+00     9  1.201957E-03 -2.655599E+01  1.075148E-03 -5.373614E-04
  5.264509E-01  0.000000E+00    10  4.165315E-06 -2.699469E+01  3.711498E-06 -1.890669E-06
  5.264509E-01  0.000000E+00    11  1.476443E-03  1.565084E+02 -1.354074E-03  5.885310E-04
  5.264509E-01  0.000000E+00    12  3.020295E-10 -1.972159E+01  2.843135E-10 -1.019198E-10
  5.230762E-01  0.000000E+00     1  6.492931E-02  1.636217E+02 -6.229455E-02  1.830860E-02
  5.230762E-01  0.000000E+00     2  3.024680E-07  1.636032E+02 -2.901665E-07  8.538311E-08
  5.230762E-01  0.000000E+00     3  1.320534E-02  1.606042E+02 -1.245590E-02  4.385381E-03
  5.230762E-01  0.000000E+00     4  6.038835E-07 -2.187482E+01  5.604040E-07 -2.249949E-07
  5.230762E-01  0.000000E+00     5  5.675450E-03  1.636203E+02 -5.445106E-03  1.600485E-03
  5.230762E-01  0.000000E+00     6  5.469405E-10 -2.812839E+01  4.823432E-10 -2.578545E-10
  5.230762E-01  0.000000E+00     7  1.854588E-03  1.636226E+02 -1.779338E-03  5.229267E-04
  5.230762E-01  0.000000E+00     8  3.259723E-06  1.599444E+02 -3.062054E-06  1.117865E-06
  5.230762E-01  0.000000E+00     9  1.160341E-03 -1.939531E+01  1.094492E-03 -3.853306E-04
  5.230762E-01  0.000000E+00    10  4.174390E-06 -1.996152E+01  3.923602E-06 -1.425091E-06
  5.230762E-01  0.000000E+00    11  1.419336E-03  1.636236E+02 -1.361754E-03  4.001771E-04
  5.230762E-01  0.000000E+00    12  3.053451E-10 -1.255579E+01  2.980427E-10 -6.637899E-11
  5.197446E-01  0.000000E+00     1  6.393295E-02  1.707856E+02 -6.310796E-02  1.023754E-02
  5.197446E-01  0.000000E+00     2  2.700181E-07  1.678180E+02 -2.639379E-07  5.697877E-08
  5.197446E-01  0.000000E+00     3  1.273427E-02  1.678074E+02 -1.244703E-02  2.689449E-03
  5.197446E-01  0.000000E+00     4  5.890432E-07 -1.287315E+01  5.742380E-07 -1.312349E-07
  5.197446E-01  0.000000E+00     5  5.489099E-03  1.707842E+02 -5.418247E-03  8.791001E-04
  5.197446E-01  0.000000E+00     6  5.463455E-10 -2.285829E+01  5.034402E-10 -2.122297E-10
  5.197446E-01  0.000000E+00     7  1.785927E-03  1.707867E+02 -1.762887E-03  2.859462E-04
  5.197446E-01  0.000000E+00     8  3.340919E-06  1.676418E+02 -3.263506E-06  7.150330E-07
  5.197446E-01  0.000000E+00     9  1.121219E-03 -1.219327E+01  1.095925E-03 -2.368127E-04
  5.197446E-01  0.000000E+00    10  4.270260E-06 -1.236650E+01  4.171180E-06 -9.145365E-07
  5.197446E-01  0.000000E+00    11  1.364699E-03  1.707878E+02 -1.347097E-03  2.184772E-04
  5.197446E-01  0.000000E+00    12  3.063844E-10 -5.382942E+00  3.050332E-10 -2.874250E-11
  5.164551E-01  0.000000E+00     1  6.295561E-02  1.779980E+02 -6.291719E-02  2.199257E-03
  5.164551E-01  0.000000E+00     2  2.443341E-07 -1.771170E+02 -2.440249E-07 -1.228907E-08
  5.164551E-01  0.000000E+00     3  1.228072E-02  1.750598E+02 -1.223510E-02  1.057561E-03
  5.164551E-01  0.000000E+00     4  5.800541E-07 -7.571007E+00  5.749974E-07 -7.642491E-08
  5.164551E-01  0.000000E+00     5  5.309708E-03  1.779964E+02 -5.306462E-03  1.856427E-04
  5.164551E-01  0.000000E+00     6  5.458370E-10 -1.830453E+01  5.182180E-10 -1.714296E-10
  5.164551E-01  0.000000E+00     7  1.720103E-03  1.779976E+02 -1.719053E-03  6.010359E-05
  5.164551E-01  0.000000E+00     8  3.323575E-06  1.745124E+02 -3.308343E-06  3.178333E-07
  5.164551E-01  0.000000E+00     9  1.083258E-03 -4.940980E+00  1.079233E-03 -9.330050E-05
  5.164551E-01  0.000000E+00    10  4.254752E-06 -5.604310E+00  4.234415E-06 -4.155096E-07
  5.164551E-01  0.000000E+00    11  1.312273E-03  1.779982E+02 -1.311472E-03  4.583968E-05
  5.164551E-01  0.000000E+00    12  3.125559E-10  1.806064E+00  3.124006E-10  9.850679E-12
  5.132069E-01  0.000000E+00     1  6.199707E-02 -1.747410E+02 -6.173610E-02 -5.682515E-03
  5.132069E-01  0.000000E+00     2  2.064500E-07 -1.772128E+02 -2.062058E-07 -1.003911E-08
  5.132069E-01  0.000000E+00     3  1.184447E-02 -1.776394E+02 -1.183442E-02 -4.878569E-04
  5.132069E-01  0.000000E+00     4  6.134821E-07 -1.404937E+00  6.132977E-07 -1.504155E-08
  5.132069E-01  0.000000E+00     5  5.137071E-03 -1.747421E+02 -5.115455E-03 -4.707588E-04
  5.132069E-01  0.000000E+00     6  5.407678E-10 -1.374206E+01  5.252884E-10 -1.284600E-10
  5.132069E-01  0.000000E+00     7  1.657018E-03 -1.747421E+02 -1.650046E-03 -1.518489E-04
  5.132069E-01  0.000000E+00     8  3.449403E-06 -1.786243E+02 -3.448409E-06 -8.281381E-08
  5.132069E-01  0.000000E+00     9  1.046826E-03  2.361784E+00  1.045937E-03  4.313889E-05
  5.132069E-01  0.000000E+00    10  4.432225E-06  1.238748E+00  4.431189E-06  9.581829E-08
  5.132069E-01  0.000000E+00    11  1.262036E-03 -1.747414E+02 -1.256724E-03 -1.156678E-04
  5.132069E-01  0.000000E+00    12  3.168680E-10  8.843533E+00  3.131010E-10  4.871422E-11
  5.099994E-01  0.000000E+00     1  6.105661E-02 -1.674317E+02 -5.959353E-02 -1.328611E-02
  5.099994E-01  0.000000E+00     2  2.472598E-07 -1.632842E+02 -2.368113E-07 -7.111820E-08
  5.099994E-01  0.000000E+00     3  1.142461E-02 -1.702905E+02 -1.126096E-02 -1.926797E-03
  5.099994E-01  0.000000E+00     4  6.094374E-07  9.013221E+00  6.019122E-07  9.547590E-08
  5.099994E-01  0.000000E+00     5  4.971012E-03 -1.674325E+02 -4.851908E-03 -1.081639E-03
  5.099994E-01  0.000000E+00     6  5.439268E-10 -9.026356E+00  5.371910E-10 -8.533602E-11
  5.099994E-01  0.000000E+00     7  1.596624E-03 -1.674327E+02 -1.558371E-03 -3.474022E-04
  5.099994E-01  0.000000E+00     8  3.464263E-06 -1.718462E+02 -3.429243E-06 -4.913367E-07
  5.099994E-01  0.000000E+00     9  1.012323E-03  9.706407E+00  9.978313E-04  1.706773E-04
  5.099994E-01  0.000000E+00    10  4.453821E-06  8.141706E+00  4.408930E-06  6.307583E-07
  5.099994E-01  0.000000E+00    11  1.213988E-03 -1.674320E+02 -1.184899E-03 -2.641618E-04
  5.099994E-01  0.000000E+00    12  3.223203E-10  1.612250E+01  3.096435E-10  8.950574E-11
  5.068317E-01  0.000000E+00     1  6.013409E-02 -1.600740E+02 -5.653407E-02 -2.049411E-02
  5.068317E-01  0.000000E+00     2  3.104169E-07 -1.690077E+02 -3.047217E-07 -5.918921E-08
  5.068317E-01  0.000000E+00     3  1.102078E-02 -1.628951E+02 -1.053331E-02 -3.241452E-03
  5.068317E-01  0.000000E+00     4  6.078648E-07  1.898372E+01  5.748037E-07  1.977381E-07
  5.068317E-01  0.000000E+00     5  4.811170E-03 -1.600745E+02 -4.523155E-03 -1.639640E-03
  5.068317E-01  0.000000E+00     6  5.453977E-10 -4.519604E+00  5.437018E-10 -4.297744E-11
  5.068317E-01  0.000000E+00     7  1.538675E-03 -1.600745E+02 -1.446565E-03 -5.243766E-04
  5.068317E-01  0.000000E+00     8  3.511012E-06 -1.638578E+02 -3.372589E-06 -9.761378E-07
  5.068317E-01  0.000000E+00     9  9.783255E-04  1.709995E+01  9.350770E-04  2.876663E-04
  5.068317E-01  0.000000E+00    10  4.500930E-06  1.618438E+01  4.322557E-06  1.254541E-06
  5.068317E-01  0.000000E+00    11  1.167743E-03 -1.600736E+02 -1.097831E-03 -3.979818E-04
  5.068317E-01  0.000000E+00    12  3.250781E-10  2.364377E+01  2.977900E-10  1.303722E-10
  5.037031E-01  0.000000E+00     1  5.922909E-02 -1.526680E+02 -5.261679E-02 -2.719481E-02
  5.037031E-01  0.000000E+00     2  3.297131E-07 -1.545082E+02 -2.976144E-07 -1.419027E-07
  5.037031E-01  0.000000E+00     3  1.063244E-02 -1.554530E+02 -9.671493E-03 -4.417135E-03
  5.037031E-01  0.000000E+00     4  6.423066E-07  2.569202E+01  5.788066E-07  2.784615E-07
  5.037031E-01  0.000000E+00     5  4.657383E-03 -1.526683E+02 -4.137446E-03 -2.138399E-03
  5.037031E-01  0.000000E+00     6  5.299995E-10 -1.009597E+00  5.299172E-10 -9.338530E-12
  5.037031E-01  0.000000E+00     7  1.483141E-03 -1.526676E+02 -1.317560E-03 -6.809864E-04
  5.037031E-01  0.000000E+00     8  3.553087E-06 -1.566294E+02 -3.261585E-06 -1.409429E-06
  5.037031E-01  0.000000E+00     9  9.460628E-04  2.454555E+01  8.605684E-04  3.930102E-04
  5.037031E-01  0.000000E+00    10  4.569939E-06  2.334688E+01  4.195763E-06  1.811052E-06
  5.037031E-01  0.000000E+00    11  1.123512E-03 -1.526668E+02 -9.980733E-04 -5.158771E-04
  5.037031E-01  0.000000E+00    12  3.290270E-10  3.087803E+01  2.823913E-10  1.688607E-10
  5.006129E-01  0.000000E+00     1  5.834111E-02 -1.452137E+02 -4.791469E-02 -3.328464E-02
  5.006129E-01  0.000000E+00     2  3.343839E-07 -1.529265E+02 -2.977433E-07 -1.521892E-07
  5.006129E-01  0.000000E+00     3  1.025845E-02 -1.479630E+02 -8.696141E-03 -5.441772E-03
  5.006129E-01  0.000000E+00     4  7.173901E-07  3.240868E+01  6.056542E-07  3.844886E-07
  5.006129E-01  0.000000E+00     5  4.509399E-03 -1.452140E+02 -3.703517E-03 -2.572672E-03
  5.006129E-01  0.000000E+00     6  5.295032E-10  3.881968E+00  5.282884E-10  3.584806E-11
  5.006129E-01  0.000000E+00     7  1.429954E-03 -1.452127E+02 -1.174386E-03 -8.158347E-04
  5.006129E-01  0.000000E+00     8  3.646658E-06 -1.489202E+02 -3.123178E-06 -1.882519E-06
  5.006129E-01  0.000000E+00     9  9.150306E-04  3.203654E+01  7.756805E-04  4.853871E-04
  5.006129E-01  0.000000E+00    10  4.673074E-06  3.114020E+01  3.999705E-06  2.416605E-06
  5.006129E-01  0.000000E+00    11  1.081153E-03 -1.452113E+02 -8.879096E-04 -6.168532E-04
  5.006129E-01  0.000000E+00    12  3.326480E-10  3.841322E+01  2.606464E-10  2.066837E-10
  4.975604E-01  0.000000E+00     1  5.746998E-02 -1.377113E+02 -4.251425E-02 -3.866959E-02
  4.975604E-01  0.000000E+00     2  3.663071E-07 -1.389279E+02 -2.761530E-07 -2.406665E-07
  4.975604E-01  0.000000E+00     3  9.898905E-03 -1.404268E+02 -7.630188E-03 -6.306231E-03
  4.975604E-01  0.000000E+00     4  7.087533E-07  3.929732E+01  5.484828E-07  4.488851E-07
  4.975604E-01  0.000000E+00     5  4.367019E-03 -1.377121E+02 -3.230602E-03 -2.938378E-03
  4.975604E-01  0.000000E+00     6  5.153248E-10  7.051016E+00  5.114275E-10  6.325769E-11
  4.975604E-01  0.000000E+00     7  1.378939E-03 -1.377106E+02 -1.020078E-03 -9.278552E-04
  4.975604E-01  0.000000E+00     8  3.686277E-06 -1.413957E+02 -2.880730E-06 -2.300008E-06
  4.975604E-01  0.000000E+00     9  8.862183E-04  3.957070E+01  6.831317E-04  5.645475E-04
  4.975604E-01  0.000000E+00    10  4.734187E-06  3.877768E+01  3.690687E-06  2.965022E-06
  4.975604E-01  0.000000E+00    11  1.040607E-03 -1.377080E+02 -7.697627E-04 -7.002339E-04
  4.975604E-01  0.000000E+00    12  3.381234E-10  4.603100E+01  2.347486E-10  2.433527E-10
  4.945449E-01  0.000000E+00     1  5.661513E-02 -1.301609E+02 -3.651312E-02 -4.326737E-02
  4.945449E-01  0.000000E+00     2  3.787748E-07 -1.297541E+02 -2.422241E-07 -2.912007E-07
  4.945449E-01  0.000000E+00     3  9.553032E-03 -1.328437E+02 -6.496071E-03 -7.004390E-03
  4.945449E-01  0.000000E+00     4  6.930741E-07  4.812946E+01  4.625922E-07  5.161010E-07
  4.945449E-01  0.000000E+00     5  4.230084E-03 -1.301620E+02 -2.728197E-03 -3.232731E-03
  4.945449E-01  0.000000E+00     6  5.065103E-10  1.098245E+01  4.972339E-10  9.649440E-11
  4.945449E-01  0.000000E+00     7  1.330053E-03 -1.301612E+02 -8.578048E-04 -1.016470E-03
  4.945449E-01  0.000000E+00     8  3.718363E-06 -1.332135E+02 -2.546035E-06 -2.709969E-06
  4.945449E-01  0.000000E+00     9  8.569850E-04  4.715427E+01  5.827727E-04  6.283306E-04
  4.945449E-01  0.000000E+00    10  4.786260E-06  4.680661E+01  3.276018E-06  3.489411E-06
  4.945449E-01  0.000000E+00    11  1.001541E-03 -1.301603E+02 -6.459226E-04 -7.654205E-04
  4.945449E-01  0.000000E+00    12  3.423605E-10  5.343169E+01  2.039718E-10  2.749659E-10
  4.915657E-01  0.000000E+00     1  5.577643E-02 -1.225623E+02 -3.001980E-02 -4.700874E-02
  4.915657E-01  0.000000E+00     2  3.292011E-07 -1.186840E+02 -1.580097E-07 -2.888015E-07
  4.915657E-01  0.000000E+00     3  9.220111E-03 -1.252109E+02 -5.316205E-03 -7.533154E-03
  4.915657E-01  0.000000E+00     4  6.892464E-07  5.297362E+01  4.150523E-07  5.502656E-07
  4.915657E-01  0.000000E+00     5  4.098327E-03 -1.225639E+02 -2.205880E-03 -3.454038E-03
  4.915657E-01  0.000000E+00     6  4.867798E-10  1.513330E+01  4.698988E-10  1.270814E-10
  4.915657E-01  0.000000E+00     7  1.283220E-03 -1.225628E+02 -6.906600E-04 -1.081500E-03
  4.915657E-01  0.000000E+00     8  3.771778E-06 -1.262774E+02 -2.231745E-06 -3.040661E-06
  4.915657E-01  0.000000E+00     9  8.311163E-04  5.478559E+01  4.792532E-04  6.790219E-04
  4.915657E-01  0.000000E+00    10  4.847320E-06  5.364634E+01  2.873335E-06  3.903903E-06
  4.915657E-01  0.000000E+00    11  9.643976E-04 -1.225629E+02 -5.190628E-04 -8.127955E-04
  4.915657E-01  0.000000E+00    12  3.467428E-10  6.076586E+01  1.693422E-10  3.025786E-10
  4.886222E-01  0.000000E+00     1  5.495357E-02 -1.149157E+02 -2.315105E-02 -4.983898E-02
  4.886222E-01  0.000000E+00     2  3.338085E-07 -1.136009E+02 -1.336445E-07 -3.058876E-07
  4.886222E-01  0.000000E+00     3  8.899922E-03 -1.175333E+02 -4.114120E-03 -7.891934E-03
  4.886222E-01  0.000000E+00     4  7.419337E-07  5.854688E+01  3.871415E-07  6.329195E-07
  4.886222E-01  0.000000E+00     5  3.971615E-03 -1.149178E+02 -1.673311E-03 -3.601910E-03
  4.886222E-01  0.000000E+00     6  4.719106E-10  1.815154E+01  4.484263E-10  1.470149E-10
  4.886222E-01  0.000000E+00     7  1.238353E-03 -1.149162E+02 -5.217087E-04 -1.123094E-03
  4.886222E-01  0.000000E+00     8  3.860962E-06 -1.184337E+02 -1.838362E-06 -3.395210E-06
  4.886222E-01  0.000000E+00     9  8.035040E-04  6.246822E+01  3.714121E-04  7.125108E-04
  4.886222E-01  0.000000E+00    10  4.961377E-06  6.160816E+01  2.359129E-06  4.364604E-06
  4.886222E-01  0.000000E+00    11  9.285355E-04 -1.149154E+02 -3.911727E-04 -8.421176E-04
  4.886222E-01  0.000000E+00    12  3.490218E-10  6.857084E+01  1.275153E-10  3.248939E-10
  4.857138E-01  0.000000E+00     1  5.414612E-02 -1.072211E+02 -1.603046E-02 -5.171873E-02
  4.857138E-01  0.000000E+00     2  3.544609E-07 -1.120070E+02 -1.328237E-07 -3.286341E-07
  4.857138E-01  0.000000E+00     3  8.592222E-03 -1.098062E+02 -2.911390E-03 -8.083940E-03
  4.857138E-01  0.000000E+00     4  7.051285E-07  6.534620E+01  2.941334E-07  6.408524E-07
  4.857138E-01  0.000000E+00     5  3.849742E-03 -1.072234E+02 -1.139902E-03 -3.677110E-03
  4.857138E-01  0.000000E+00     6  4.400503E-10  2.295973E+01  4.051892E-10  1.716566E-10
  4.857138E-01  0.000000E+00     7  1.195360E-03 -1.072217E+02 -3.539106E-04 -1.141768E-03
  4.857138E-01  0.000000E+00     8  3.900231E-06 -1.105902E+02 -1.371636E-06 -3.651084E-06
  4.857138E-01  0.000000E+00     9  7.782116E-04  7.019285E+01  2.637011E-04  7.321715E-04
  4.857138E-01  0.000000E+00    10  5.026271E-06  6.946023E+01  1.763505E-06  4.706745E-06
  4.857138E-01  0.000000E+00    11  8.942572E-04 -1.072214E+02 -2.647584E-04 -8.541656E-04
  4.857138E-01  0.000000E+00    12  3.562804E-10  7.602650E+01  8.603211E-11  3.457372E-10
  4.828397E-01  0.000000E+00     1  5.335369E-02 -9.947868E+01 -8.786310E-03 -5.262525E-02
  4.828397E-01  0.000000E+00     2  3.376829E-07 -1.056640E+02 -9.117306E-08 -3.251419E-07
  4.828397E-01  0.000000E+00     3  8.295762E-03 -1.020335E+02 -1.729527E-03 -8.113471E-03
  4.828397E-01  0.000000E+00     4  7.267950E-07  7.399245E+01  2.004239E-07  6.986137E-07
  4.828397E-01  0.000000E+00     5  3.732552E-03 -9.948078E+01 -6.148141E-04 -3.681568E-03
  4.828397E-01  0.000000E+00     6  4.199860E-10  2.760468E+01  3.721772E-10  1.946082E-10
  4.828397E-01  0.000000E+00     7  1.154120E-03 -9.947813E+01 -1.900501E-04 -1.138364E-03
  4.828397E-01  0.000000E+00     8  3.983061E-06 -1.028013E+02 -8.825269E-07 -3.884059E-06
  4.828397E-01  0.000000E+00     9  7.536261E-04  7.796999E+01  1.570738E-04  7.370753E-04
  4.828397E-01  0.000000E+00    10  5.104494E-06  7.717017E+01  1.133484E-06  4.977055E-06
  4.828397E-01  0.000000E+00    11  8.613271E-04 -9.947587E+01 -1.418021E-04 -8.495743E-04
  4.828397E-01  0.000000E+00    12  3.598842E-10  8.382953E+01  3.868288E-11  3.577992E-10
  4.799995E-01  0.000000E+00     1  5.257615E-02 -9.168848E+01 -1.549169E-03 -5.255332E-02
  4.799995E-01  0.000000E+00     2  3.315908E-07 -7.925854E+01  6.180112E-08 -3.257807E-07
  4.799995E-01  0.000000E+00     3  8.011276E-03 -9.421229E+01 -5.884451E-04 -7.989636E-03
  4.799995E-01  0.000000E+00     4  7.470745E-07  8.439825E+01  7.292434E-08  7.435068E-07
  4.799995E-01  0.000000E+00     5  3.620082E-03 -9.168725E+01 -1.065888E-04 -3.618513E-03
  4.799995E-01  0.000000E+00     6  4.123638E-10  3.908248E+01  3.200929E-10  2.599700E-10
  4.799995E-01  0.000000E+00     7  1.114660E-03 -9.168949E+01 -3.286341E-05 -1.114176E-03
  4.799995E-01  0.000000E+00     8  4.049054E-06 -9.520043E+01 -3.670067E-07 -4.032387E-06
  4.799995E-01  0.000000E+00     9  7.311340E-04  8.578817E+01  5.369755E-05  7.291594E-04
  4.799995E-01  0.000000E+00    10  5.198665E-06  8.472792E+01  4.776817E-07  5.176673E-06
  4.799995E-01  0.000000E+00    11  8.298819E-04 -9.168871E+01 -2.445605E-05 -8.295215E-04
  4.799995E-01  0.000000E+00    12  3.654792E-10  9.160023E+01 -1.020626E-11  3.653367E-10
  4.771925E-01  0.000000E+00     1  5.181274E-02 -8.385046E+01  5.550381E-03 -5.151460E-02
  4.771925E-01  0.000000E+00     2  3.181183E-07 -7.589513E+01  7.752458E-08 -3.085274E-07
  4.771925E-01  0.000000E+00     3  7.737406E-03 -8.634167E+01  4.936978E-04 -7.721639E-03
  4.771925E-01  0.000000E+00     4  7.328903E-07  9.019178E+01 -2.453143E-09  7.328862E-07
  4.771925E-01  0.000000E+00     5  3.511555E-03 -8.385090E+01  3.761444E-04 -3.491352E-03
  4.771925E-01  0.000000E+00     6  3.687999E-10  3.814614E+01  2.900382E-10  2.277964E-10
  4.771925E-01  0.000000E+00     7  1.076791E-03 -8.385135E+01  1.153333E-04 -1.070596E-03
  4.771925E-01  0.000000E+00     8  4.096543E-06 -8.776600E+01  1.596868E-07 -4.093429E-06
  4.771925E-01  0.000000E+00     9  7.084289E-04  9.365900E+01 -4.521066E-05  7.069847E-04
  4.771925E-01  0.000000E+00    10  5.269913E-06  9.229411E+01 -2.109500E-07  5.265689E-06
  4.771925E-01  0.000000E+00    11  7.996214E-04 -8.385069E+01  8.565524E-05 -7.950205E-04
  4.771925E-01  0.000000E+00    12  3.704770E-10  9.927050E+01 -5.968222E-11  3.656381E-10
  4.744181E-01  0.000000E+00     1  5.106372E-02 -7.596456E+01  1.238408E-02 -4.953926E-02
  4.744181E-01  0.000000E+00     2  3.720122E-07 -6.791951E+01  1.398426E-07 -3.447275E-07
  4.744181E-01  0.000000E+00     3  7.474327E-03 -7.842479E+01  1.499754E-03 -7.322316E-03
  4.744181E-01  0.000000E+00     4  7.594013E-07  1.011023E+02 -1.462315E-07  7.451890E-07
  4.744181E-01  0.000000E+00     5  3.407465E-03 -7.596420E+01  8.264065E-04 -3.305733E-03
  4.744181E-01  0.000000E+00     6  3.387270E-10  4.409164E+01  2.432831E-10  2.356889E-10
  4.744181E-01  0.000000E+00     7  1.040508E-03 -7.596520E+01  2.523347E-04 -1.009447E-03
  4.744181E-01  0.000000E+00     8  4.150858E-06 -7.957737E+01  7.509221E-07 -4.082369E-06
  4.744181E-01  0.000000E+00     9  6.874682E-04  1.015713E+02 -1.378973E-04  6.734960E-04
  4.744181E-01  0.000000E+00    10  5.310844E-06  1.005986E+02 -9.768089E-07  5.220240E-06
  4.744181E-01  0.000000E+00    11  7.707564E-04 -7.596384E+01  1.869348E-04 -7.477438E-04
  4.744181E-01  0.000000E+00    12  3.756823E-10  1.073312E+02 -1.119140E-10  3.586258E-10
  4.716758E-01  0.000000E+00     1  5.032838E-02 -6.803057E+01  1.882844E-02 -4.667371E-02
  4.716758E-01  0.000000E+00     2  3.513794E-07 -6.867706E+01  1.277701E-07 -3.273260E-07
  4.716758E-01  0.000000E+00     3  7.221450E-03 -7.046474E+01  2.414757E-03 -6.805754E-03
  4.716758E-01  0.000000E+00     4  6.983435E-07  1.098225E+02 -2.368139E-07  6.569648E-07
  4.716758E-01  0.000000E+00     5  3.307369E-03 -6.802941E+01  1.237388E-03 -3.067174E-03
  4.716758E-01  0.000000E+00     6  3.127699E-10  5.252542E+01  1.902922E-10  2.482215E-10
  4.716758E-01  0.000000E+00     7  1.005743E-03 -6.803440E+01  3.761981E-04 -9.327349E-04
  4.716758E-01  0.000000E+00     8  4.176437E-06 -7.163134E+01  1.316121E-06 -3.963641E-06
  4.716758E-01  0.000000E+00     9  6.661452E-04  1.095348E+02 -2.227452E-04  6.278009E-04
  4.716758E-01  0.000000E+00    10  5.387567E-06  1.084698E+02 -1.706807E-06  5.110057E-06
  4.716758E-01  0.000000E+00    11  7.429261E-04 -6.803472E+01  2.778875E-04 -6.889976E-04
  4.716758E-01  0.000000E+00    12  3.816039E-10  1.152726E+02 -1.629166E-10  3.450793E-10
  4.689651E-01  0.000000E+00     1  4.960692E-02 -6.005042E+01  2.476565E-02 -4.298266E-02
  4.689651E-01  0.000000E+00     2  3.735746E-07 -6.645368E+01  1.492394E-07 -3.424698E-07
  4.689651E-01  0.000000E+00     3  6.978246E-03 -6.245632E+01  3.226914E-03 -6.187322E-03
  4.689651E-01  0.000000E+00     4  7.954185E-07  1.168667E+02 -3.594628E-07  7.095612E-07
  4.689651E-01  0.000000E+00     5  3.211222E-03 -6.005077E+01  1.603147E-03 -2.782421E-03
  4.689651E-01  0.000000E+00     6  2.950444E-10  5.911205E+01  1.514642E-10  2.531991E-10
  4.689651E-01  0.000000E+00     7  9.723360E-04 -6.004930E+01  4.854433E-04 -8.424857E-04
  4.689651E-01  0.000000E+00     8  4.282125E-06 -6.316413E+01  1.933106E-06 -3.820955E-06
  4.689651E-01  0.000000E+00     9  6.478314E-04  1.175427E+02 -2.995631E-04  5.744105E-04
  4.689651E-01  0.000000E+00    10  5.506256E-06  1.168313E+02 -2.485328E-06  4.913451E-06
  4.689651E-01  0.000000E+00    11  7.163961E-04 -6.004744E+01  3.576842E-04 -6.207136E-04
  4.689651E-01  0.000000E+00    12  3.863632E-10  1.227488E+02 -2.090059E-10  3.249508E-10
  4.662853E-01  0.000000E+00     1  4.889854E-02 -5.202173E+01  3.009034E-02 -3.854399E-02
  4.662853E-01  0.000000E+00     2  3.371010E-07 -4.654814E+01  2.318395E-07 -2.447193E-07
  4.662853E-01  0.000000E+00     3  6.744851E-03 -5.439811E+01  3.926514E-03 -5.484114E-03
  4.662853E-01  0.000000E+00     4  7.889519E-07  1.247875E+02 -4.501246E-07  6.479452E-07
  4.662853E-01  0.000000E+00     5  3.118873E-03 -5.202123E+01  1.919259E-03 -2.458417E-03
  4.662853E-01  0.000000E+00     6  2.738260E-10  6.925077E+01  9.701065E-11  2.560656E-10
  4.662853E-01  0.000000E+00     7  9.404751E-04 -5.201977E+01  5.787586E-04 -7.413042E-04
  4.662853E-01  0.000000E+00     8  4.299495E-06 -5.560225E+01  2.428934E-06 -3.547667E-06
  4.662853E-01  0.000000E+00     9  6.279345E-04  1.256003E+02 -3.655378E-04  5.105721E-04
  4.662853E-01  0.000000E+00    10  5.527179E-06  1.244887E+02 -3.129732E-06  4.555710E-06
  4.662853E-01  0.000000E+00    11  6.908933E-04 -5.201686E+01  4.251962E-04 -5.445565E-04
  4.662853E-01  0.000000E+00    12  3.922269E-10  1.311966E+02 -2.583381E-10  2.951328E-10
  4.636360E-01  0.000000E+00     1  4.820322E-02 -4.394566E+01  3.470623E-02 -3.345187E-02
  4.636360E-01  0.000000E+00     2  3.609863E-07 -4.159974E+01  2.699460E-07 -2.396671E-07
  4.636360E-01  0.000000E+00     3  6.520153E-03 -4.629696E+01  4.504909E-03 -4.713618E-03
  4.636360E-01  0.000000E+00     4  8.678418E-07  1.333155E+02 -5.953523E-07  6.314310E-07
  4.636360E-01  0.000000E+00     5  3.030103E-03 -4.394546E+01  2.181677E-03 -2.102811E-03
  4.636360E-01  0.000000E+00     6  2.656099E-10  7.826985E+01  5.399916E-11  2.600629E-10
  4.636360E-01  0.000000E+00     7  9.098038E-04 -4.394292E+01  6.550874E-04 -6.313506E-04
  4.636360E-01  0.000000E+00     8  4.379878E-06 -4.773887E+01  2.945515E-06 -3.241493E-06
  4.636360E-01  0.000000E+00     9  6.096784E-04  1.336990E+02 -4.212083E-04  4.407849E-04
  4.636360E-01  0.000000E+00    10  5.620467E-06  1.322442E+02 -3.778598E-06  4.160750E-06
  4.636360E-01  0.000000E+00    11  6.663469E-04 -4.394053E+01  4.798100E-04 -4.623857E-04
  4.636360E-01  0.000000E+00    12  3.974143E-10  1.390344E+02 -3.000888E-10  2.605471E-10
  4.610165E-01  0.000000E+00     1  4.752068E-02 -3.582176E+01  3.853175E-02 -2.781222E-02
  4.610165E-01  0.000000E+00     2  3.044895E-07 -3.273302E+01  2.561363E-07 -1.646452E-07
  4.610165E-01  0.000000E+00     3  6.304612E-03 -3.814732E+01  4.958105E-03 -3.894269E-03
  4.610165E-01  0.000000E+00     4  8.598990E-07  1.399843E+02 -6.585692E-07  5.529131E-07
  4.610165E-01  0.000000E+00     5  2.944830E-03 -3.582294E+01  2.387755E-03 -1.723557E-03
  4.610165E-01  0.000000E+00     6  2.577361E-10  8.640884E+01  1.614370E-11  2.572300E-10
  4.610165E-01  0.000000E+00     7  8.805497E-04 -3.582303E+01  7.139749E-04 -5.153713E-04
  4.610165E-01  0.000000E+00     8  4.413972E-06 -3.927727E+01  3.416818E-06 -2.794370E-06
  4.610165E-01  0.000000E+00     9  5.921019E-04  1.418520E+02 -4.656395E-04  3.657382E-04
  4.610165E-01  0.000000E+00    10  5.682641E-06  1.407946E+02 -4.403392E-06  3.592012E-06
  4.610165E-01  0.000000E+00    11  6.429990E-04 -3.582104E+01  5.213750E-04 -3.763187E-04
  4.610165E-01  0.000000E+00    12  4.032605E-10  1.473586E+02 -3.395705E-10  2.175107E-10
  4.584266E-01  0.000000E+00     1  4.685067E-02 -2.765058E+01  4.150005E-02 -2.174238E-02
  4.584266E-01  0.000000E+00     2  3.335278E-07 -2.987748E+01  2.891995E-07 -1.661459E-07
  4.584266E-01  0.000000E+00     3  6.097042E-03 -2.995176E+01  5.282758E-03 -3.044074E-03
  4.584266E-01  0.000000E+00     4  9.140754E-07  1.455931E+02 -7.541540E-07  5.165128E-07
  4.584266E-01  0.000000E+00     5  2.862838E-03 -2.765233E+01  2.535845E-03 -1.328658E-03
  4.584266E-01  0.000000E+00     6  2.482506E-10  9.477602E+01 -2.066951E-11  2.473886E-10
  4.584266E-01  0.000000E+00     7  8.524435E-04 -2.765018E+01  7.550922E-04 -3.955951E-04
  4.584266E-01  0.000000E+00     8  4.489000E-06 -3.112551E+01  3.842751E-06 -2.320429E-06
  4.584266E-01  0.000000E+00     9  5.761777E-04  1.500500E+02 -4.992360E-04  2.876529E-04
  4.584266E-01  0.000000E+00    10  5.774190E-06  1.490763E+02 -4.953403E-06  2.967333E-06
  4.584266E-01  0.000000E+00    11  6.205856E-04 -2.764845E+01  5.497218E-04 -2.879798E-04
  4.584266E-01  0.000000E+00    12  4.079415E-10  1.554168E+02 -3.709650E-10  1.697092E-10
  4.558655E-01  0.000000E+00     1  4.619295E-02 -1.943211E+01  4.356163E-02 -1.536792E-02
  4.558655E-01  0.000000E+00     2  2.157103E-07 -7.510371E+00  2.138598E-07 -2.819456E-08
  4.558655E-01  0.000000E+00     3  5.897477E-03 -2.170801E+01  5.479233E-03 -2.181339E-03
  4.558655E-01  0.000000E+00     4  9.160029E-07  1.541212E+02 -8.241454E-07  3.998070E-07
  4.558655E-01  0.000000E+00     5  2.784030E-03 -1.943458E+01  2.625401E-03 -9.263310E-04
  4.558655E-01  0.000000E+00     6  2.475378E-10  1.020797E+02 -5.180281E-11  2.420567E-10
  4.558655E-01  0.000000E+00     7  8.254625E-04 -1.943183E+01  7.784425E-04 -2.746191E-04
  4.558655E-01  0.000000E+00     8  4.553329E-06 -2.250565E+01  4.206556E-06 -1.742898E-06
  4.558655E-01  0.000000E+00     9  5.597346E-04  1.582953E+02 -5.200507E-04  2.070027E-04
  4.558655E-01  0.000000E+00    10  5.865414E-06  1.573027E+02 -5.411173E-06  2.263246E-06
  4.558655E-01  0.000000E+00    11  5.989893E-04 -1.942921E+01  5.648787E-04 -1.992490E-04
  4.558655E-01  0.000000E+00    12  4.137195E-10  1.636147E+02 -3.969169E-10  1.167083E-10
  4.533330E-01  0.000000E+00     1  4.554734E-02 -1.116626E+01  4.468510E-02 -8.820542E-03
  4.533330E-01  0.000000E+00     2  1.827357E-07  2.187603E+01  1.695773E-07  6.808725E-08
  4.533330E-01  0.000000E+00     3  5.705801E-03 -1.341725E+01  5.550067E-03 -1.323978E-03
  4.533330E-01  0.000000E+00     4  8.930407E-07  1.618768E+02 -8.487368E-07  2.777907E-07
  4.533330E-01  0.000000E+00     5  2.708395E-03 -1.116978E+01  2.657091E-03 -5.246621E-04
  4.533330E-01  0.000000E+00     6  2.471211E-10  1.102954E+02 -8.571667E-11  2.317790E-10
  4.533330E-01  0.000000E+00     7  7.996779E-04 -1.116630E+01  7.845393E-04 -1.548635E-04
  4.533330E-01  0.000000E+00     8  4.637930E-06 -1.449028E+01  4.490398E-06 -1.160483E-06
  4.533330E-01  0.000000E+00     9  5.447991E-04  1.665934E+02 -5.299529E-04  1.263170E-04
  4.533330E-01  0.000000E+00    10  5.970191E-06  1.654705E+02 -5.779257E-06  1.497788E-06
  4.533330E-01  0.000000E+00    11  5.783811E-04 -1.116450E+01  5.674355E-04 -1.119899E-04
  4.533330E-01  0.000000E+00    12  4.191176E-10  1.720049E+02 -4.150437E-10  5.829476E-11
  4.508283E-01  0.000000E+00     1  4.491347E-02 -2.853024E+00  4.485780E-02 -2.235527E-03
  4.508283E-01  0.000000E+00     2  1.657758E-07  4.768419E+01  1.116030E-07  1.225821E-07
  4.508283E-01  0.000000E+00     3  5.521506E-03 -5.081793E+00  5.499803E-03 -4.890827E-04
  4.508283E-01  0.000000E+00     4  8.365447E-07  1.695821E+02 -8.227543E-07  1.512694E-07
  4.508283E-01  0.000000E+00     5  2.635676E-03 -2.856384E+00  2.632402E-03 -1.313428E-04
  4.508283E-01  0.000000E+00     6  2.402673E-10  1.175222E+02 -1.110256E-10  2.130767E-10
  4.508283E-01  0.000000E+00     7  7.749714E-04 -2.851966E+00  7.740115E-04 -3.855920E-05
  4.508283E-01  0.000000E+00     8  4.634146E-06 -5.480901E+00  4.612959E-06 -4.426256E-07
  4.508283E-01  0.000000E+00     9  5.294960E-04  1.749202E+02 -5.274164E-04  4.688311E-05
  4.508283E-01  0.000000E+00    10  5.966376E-06  1.744989E+02 -5.938897E-06  5.719684E-07
  4.508283E-01  0.000000E+00    11  5.585455E-04 -2.849620E+00  5.578548E-04 -2.776795E-05
  4.508283E-01  0.000000E+00    12  4.240755E-10 -1.797344E+02 -4.240710E-10 -1.966109E-12
  4.483513E-01  0.000000E+00     1  4.429122E-02  5.507118E+00  4.408678E-02  4.250602E-03
  4.483513E-01  0.000000E+00     2  8.478046E-08  3.932451E+01  6.558355E-08  5.372638E-08
  4.483513E-01  0.000000E+00     3  5.344319E-03  3.306781E+00  5.335421E-03  3.082720E-04
  4.483513E-01  0.000000E+00     4  8.767528E-07 -1.786361E+02 -8.765044E-07 -2.086930E-08
  4.483513E-01  0.000000E+00     5  2.565903E-03  5.505882E+00  2.554065E-03  2.461931E-04
  4.483513E-01  0.000000E+00     6  2.396445E-10  1.233423E+02 -1.317180E-10  2.001996E-10
  4.483513E-01  0.000000E+00     7  7.512952E-04  5.509316E+00  7.478247E-04  7.213005E-05
  4.483513E-01  0.000000E+00     8  4.791380E-06  2.565861E+00  4.786576E-06  2.144994E-07
  4.483513E-01  0.000000E+00     9  5.157194E-04 -1.766995E+02 -5.148640E-04 -2.969141E-05
  4.483513E-01  0.000000E+00    10  6.161702E-06 -1.772652E+02 -6.154685E-06 -2.939976E-07
  4.483513E-01  0.000000E+00    11  5.395786E-04  5.511416E+00  5.370841E-04  5.182333E-05
  4.483513E-01  0.000000E+00    12  4.299253E-10 -1.712596E+02 -4.249325E-10 -6.533073E-11
  4.459013E-01  0.000000E+00     1  4.368016E-02  1.391466E+01  4.239837E-02  1.050405E-02
  4.459013E-01  0.000000E+00     2  2.479096E-07 -1.045021E+02 -6.208038E-08 -2.400109E-07
  4.459013E-01  0.000000E+00     3  5.174398E-03  1.174563E+01  5.066051E-03  1.053337E-03
  4.459013E-01  0.000000E+00     4  8.897931E-07 -1.642983E+02 -8.565891E-07 -2.408045E-07
  4.459013E-01  0.000000E+00     5  2.498880E-03  1.391542E+01  2.425543E-03  6.009542E-04
  4.459013E-01  0.000000E+00     6  2.339776E-10  1.290136E+02 -1.472902E-10  1.817997E-10
  4.459013E-01  0.000000E+00     7  7.285614E-04  1.391523E+01  7.071801E-04  1.752089E-04
  4.459013E-01  0.000000E+00     8  4.805249E-06  1.092090E+01  4.718224E-06  9.103721E-07
  4.459013E-01  0.000000E+00     9  5.023078E-04 -1.682612E+02 -4.918022E-04 -1.021945E-04
  4.459013E-01  0.000000E+00    10  6.175562E-06 -1.692635E+02 -6.067454E-06 -1.150465E-06
  4.459013E-01  0.000000E+00    11  5.214012E-04  1.391846E+01  5.060924E-04  1.254182E-04
  4.459013E-01  0.000000E+00    12  4.369798E-10 -1.633447E+02 -4.186470E-10 -1.252439E-10
  4.434779E-01  0.000000E+00     1  4.308005E-02  2.236909E+01  3.983834E-02  1.639504E-02
  4.434779E-01  0.000000E+00     2  1.378698E-06 -8.862631E+01  3.305161E-08 -1.378301E-06
  4.434779E-01  0.000000E+00     3  5.011307E-03  2.023661E+01  4.701970E-03  1.733400E-03
  4.434779E-01  0.000000E+00     4  9.483003E-07 -1.424615E+02 -7.519487E-07 -5.777947E-07
  4.434779E-01  0.000000E+00     5  2.434797E-03  2.237045E+01  2.251560E-03  9.266679E-04
  4.434779E-01  0.000000E+00     6  2.509112E-10  1.332981E+02 -1.720736E-10  1.826120E-10
  4.434779E-01  0.000000E+00     7  7.068508E-04  2.236464E+01  6.536823E-04  2.689565E-04
  4.434779E-01  0.000000E+00     8  4.895863E-06  1.971113E+01  4.608990E-06  1.651268E-06
  4.434779E-01  0.000000E+00     9  4.892183E-04 -1.597922E+02 -4.591049E-04 -1.689888E-04
  4.434779E-01  0.000000E+00    10  6.311131E-06 -1.604076E+02 -5.945727E-06 -2.116294E-06
  4.434779E-01  0.000000E+00    11  5.039372E-04  2.236465E+01  4.660316E-04  1.917480E-04
  4.434779E-01  0.000000E+00    12  4.435408E-10 -1.548859E+02 -4.016103E-10 -1.882489E-10
  4.410807E-01  0.000000E+00     1  4.249065E-02  3.087087E+01  3.647083E-02  2.180217E-02
  4.410807E-01  0.000000E+00     2  8.107441E-07  1.152310E+01  7.944029E-07  1.619567E-07
  4.410807E-01  0.000000E+00     3  4.853782E-03  2.874335E+01  4.255712E-03  2.334120E-03
  4.410807E-01  0.000000E+00     4  7.453382E-07 -1.539474E+02 -6.696056E-07 -3.273490E-07
  4.410807E-01  0.000000E+00     5  2.372777E-03  3.086801E+01  2.036677E-03  1.217382E-03
  4.410807E-01  0.000000E+00     6  2.105197E-10  1.396915E+02 -1.605365E-10  1.361858E-10
  4.410807E-01  0.000000E+00     7  6.860119E-04  3.086869E+01  5.888352E-04  3.519737E-04
  4.410807E-01  0.000000E+00     8  4.961493E-06  2.806474E+01  4.378104E-06  2.334229E-06
  4.410807E-01  0.000000E+00     9  4.766741E-04 -1.512599E+02 -4.179525E-04 -2.292028E-04
  4.410807E-01  0.000000E+00    10  6.385802E-06 -1.518970E+02 -5.632931E-06 -3.008081E-06
  4.410807E-01  0.000000E+00    11  4.871775E-04  3.087090E+01  4.181569E-04  2.499734E-04
  4.410807E-01  0.000000E+00    12  4.496800E-10 -1.460774E+02 -3.731409E-10 -2.509541E-10
  4.387093E-01  0.000000E+00     1  4.191199E-02  3.941962E+01  3.237769E-02  2.661391E-02
  4.387093E-01  0.000000E+00     2  8.861782E-07  2.531362E+01  8.010882E-07  3.789057E-07
  4.387093E-01  0.000000E+00     3  4.703243E-03  3.731151E+01  3.740733E-03  2.850862E-03
  4.387093E-01  0.000000E+00     4  8.674018E-07 -1.428378E+02 -6.912573E-07 -5.239744E-07
  4.387093E-01  0.000000E+00     5  2.313584E-03  3.941552E+01  1.787386E-03  1.468986E-03
  4.387093E-01  0.000000E+00     6  2.002269E-10  1.402095E+02 -1.538524E-10  1.281415E-10
  4.387093E-01  0.000000E+00     7  6.660056E-04  3.941457E+01  5.145374E-04  4.228649E-04
  4.387093E-01  0.000000E+00     8  5.114276E-06  3.696962E+01  4.086073E-06  3.075682E-06
  4.387093E-01  0.000000E+00     9  4.644383E-04 -1.426920E+02 -3.694092E-04 -2.814956E-04
  4.387093E-01  0.000000E+00    10  6.558583E-06 -1.431363E+02 -5.247293E-06 -3.934581E-06
  4.387093E-01  0.000000E+00    11  4.710454E-04  3.941441E+01  3.639174E-04  2.990784E-04
  4.387093E-01  0.000000E+00    12  4.540255E-10 -1.377193E+02 -3.359142E-10 -3.054518E-10
  4.363633E-01  0.000000E+00     1  4.134369E-02  4.801519E+01  2.765618E-02  3.073168E-02
  4.363633E-01  0.000000E+00     2  8.136712E-07  4.188298E+01  6.057862E-07  5.432162E-07
  4.363633E-01  0.000000E+00     3  4.558712E-03  4.593261E+01  3.170602E-03  3.275536E-03
  4.363633E-01  0.000000E+00     4  8.549821E-07 -1.340979E+02 -5.949702E-07 -6.140073E-07
  4.363633E-01  0.000000E+00     5  2.256717E-03  4.801295E+01  1.509660E-03  1.677409E-03
  4.363633E-01  0.000000E+00     6  1.755810E-10  1.464882E+02 -1.463945E-10  9.693987E-11
  4.363633E-01  0.000000E+00     7  6.468992E-04  4.801373E+01  4.327449E-04  4.808434E-04
  4.363633E-01  0.000000E+00     8  5.139735E-06  4.545939E+01  3.605085E-06  3.663364E-06
  4.363633E-01  0.000000E+00     9  4.536498E-04 -1.340694E+02 -3.155267E-04 -3.259463E-04
  4.363633E-01  0.000000E+00    10  6.611508E-06 -1.346093E+02 -4.643051E-06 -4.706816E-06
  4.363633E-01  0.000000E+00    11  4.557738E-04  4.801685E+01  3.048726E-04  3.387956E-04
  4.363633E-01  0.000000E+00    12  4.613263E-10 -1.292572E+02 -2.919284E-10 -3.572111E-10
  4.340422E-01  0.000000E+00     1  4.078541E-02  5.665797E+01  2.241712E-02  3.407231E-02
  4.340422E-01  0.000000E+00     2  7.847779E-07  4.641841E+01  5.410156E-07  5.684879E-07
  4.340422E-01  0.000000E+00     3  4.419733E-03  5.459644E+01  2.560492E-03  3.602488E-03
  4.340422E-01  0.000000E+00     4  9.239048E-07 -1.249251E+02 -5.289399E-07 -7.575109E-07
  4.340422E-01  0.000000E+00     5  2.202113E-03  5.665564E+01  1.210435E-03  1.839606E-03
  4.340422E-01  0.000000E+00     6  1.494556E-10  1.469014E+02 -1.252037E-10  8.161505E-11
  4.340422E-01  0.000000E+00     7  6.285395E-04  5.665825E+01  3.454653E-04  5.250864E-04
  4.340422E-01  0.000000E+00     8  5.257712E-06  5.447733E+01  3.054862E-06  4.279176E-06
  4.340422E-01  0.000000E+00     9  4.423379E-04 -1.254059E+02 -2.562751E-04 -3.605356E-04
  4.340422E-01  0.000000E+00    10  6.750307E-06 -1.256495E+02 -3.934251E-06 -5.485281E-06
  4.340422E-01  0.000000E+00    11  4.409240E-04  5.666029E+01  2.423327E-04  3.683597E-04
  4.340422E-01  0.000000E+00    12  4.673280E-10 -1.206079E+02 -2.379450E-10 -4.022159E-10
  4.317457E-01  0.000000E+00     1  4.023707E-02  6.534751E+01  1.678343E-02  3.656964E-02
  4.317457E-01  0.000000E+00     2  7.153278E-07  5.570307E+01  4.030742E-07  5.909527E-07
  4.317457E-01  0.000000E+00     3  4.286355E-03  6.331062E+01  1.925231E-03  3.829664E-03
  4.317457E-01  0.000000E+00     4  9.155405E-07 -1.193838E+02 -4.492165E-07 -7.977586E-07
  4.317457E-01  0.000000E+00     5  2.149728E-03  6.534505E+01  8.967648E-04  1.953752E-03
  4.317457E-01  0.000000E+00     6  1.204231E-10  1.472022E+02 -1.012261E-10  6.523032E-11
  4.317457E-01  0.000000E+00     7  6.109546E-04  6.534541E+01  2.548579E-04  5.552594E-04
  4.317457E-01  0.000000E+00     8  5.289953E-06  6.276178E+01  2.421165E-06  4.703357E-06
  4.317457E-01  0.000000E+00     9  4.320320E-04 -1.166940E+02 -1.940798E-04 -3.859853E-04
  4.317457E-01  0.000000E+00    10  6.787456E-06 -1.172922E+02 -3.112240E-06 -6.031875E-06
  4.317457E-01  0.000000E+00    11  4.267542E-04  6.534771E+01  1.780036E-04  3.878580E-04
  4.317457E-01  0.000000E+00    12  4.757837E-10 -1.118629E+02 -1.771759E-10 -4.415641E-10
  4.294734E-01  0.000000E+00     1  3.969843E-02  7.408412E+01  1.088633E-02  3.817660E-02
  4.294734E-01  0.000000E+00     2  7.521065E-07  6.376406E+01  3.324827E-07  6.746254E-07
  4.294734E-01  0.000000E+00     3  4.158369E-03  7.206179E+01  1.280741E-03  3.956227E-03
  4.294734E-01  0.000000E+00     4  9.489460E-07 -1.063184E+02 -2.666303E-07 -9.107177E-07
  4.294734E-01  0.000000E+00     5  2.099492E-03  7.407993E+01  5.758825E-04  2.018966E-03
  4.294734E-01  0.000000E+00     6  9.694971E-11  1.482416E+02 -8.243393E-11  5.102835E-11
  4.294734E-01  0.000000E+00     7  5.941635E-04  7.407692E+01  1.630068E-04  5.713659E-04
  4.294734E-01  0.000000E+00     8  5.372014E-06  7.222293E+01  1.640152E-06  5.115509E-06
  4.294734E-01  0.000000E+00     9  4.212857E-04 -1.079417E+02 -1.297768E-04 -4.007988E-04
  4.294734E-01  0.000000E+00    10  6.906528E-06 -1.079167E+02 -2.124681E-06 -6.571595E-06
  4.294734E-01  0.000000E+00    11  4.131120E-04  7.407637E+01  1.133397E-04  3.972601E-04
  4.294734E-01  0.000000E+00    12  4.822332E-10 -1.031899E+02 -1.100359E-10 -4.695114E-10
  4.272248E-01  0.000000E+00     1  3.916935E-02  8.286752E+01  4.863421E-03  3.886625E-02
  4.272248E-01  0.000000E+00     2  6.690668E-07  7.605206E+01  1.612720E-07  6.493394E-07
  4.272248E-01  0.000000E+00     3  4.035073E-03  8.086636E+01  6.405187E-04  3.983912E-03
  4.272248E-01  0.000000E+00     4  9.430811E-07 -9.725820E+01 -1.191498E-07 -9.355241E-07
  4.272248E-01  0.000000E+00     5  2.051257E-03  8.286371E+01  2.548277E-04  2.035367E-03
  4.272248E-01  0.000000E+00     6  7.031617E-11  1.409022E+02 -5.457028E-11  4.434465E-11
  4.272248E-01  0.000000E+00     7  5.780327E-04  8.286748E+01  7.177127E-05  5.735597E-04
  4.272248E-01  0.000000E+00     8  5.455175E-06  8.098915E+01  8.543977E-07  5.387851E-06
  4.272248E-01  0.000000E+00     9  4.118631E-04 -9.913793E+01 -6.540869E-05 -4.066361E-04
  4.272248E-01  0.000000E+00    10  7.016160E-06 -9.916769E+01 -1.117847E-06 -6.926537E-06
  4.272248E-01  0.000000E+00    11  4.000692E-04  8.287104E+01  4.964981E-05  3.969764E-04
  4.272248E-01  0.000000E+00    12  4.889524E-10 -9.436198E+01 -3.718841E-11 -4.875362E-10
  4.249997E-01  0.000000E+00     1  3.864962E-02  9.169822E+01 -1.145388E-03  3.863265E-02
  4.249997E-01  0.000000E+00     2  6.360338E-07  9.101060E+01 -1.121796E-08  6.359349E-07
  4.249997E-01  0.000000E+00     3  3.916983E-03  8.972254E+01  1.896808E-05  3.916936E-03
  4.249997E-01  0.000000E+00     4  9.744953E-07 -9.272837E+01 -4.638697E-08 -9.733906E-07
  4.249997E-01  0.000000E+00     5  2.004983E-03  9.169735E+01 -5.938759E-05  2.004103E-03
  4.249997E-01  0.000000E+00     6  4.269299E-11  1.380966E+02 -3.177518E-11  2.851367E-11
  4.249997E-01  0.000000E+00     7  5.625819E-04  9.169803E+01 -1.667034E-05  5.623348E-04
  4.249997E-01  0.000000E+00     8  5.560601E-06  8.875632E+01  1.206904E-07  5.559290E-06
  4.249997E-01  0.000000E+00     9  4.025314E-04 -9.028238E+01 -1.983840E-06 -4.025265E-04
  4.249997E-01  0.000000E+00    10  7.143905E-06 -9.113778E+01 -1.418536E-07 -7.142497E-06
  4.249997E-01  0.000000E+00    11  3.875511E-04  9.169827E+01 -1.148551E-05  3.873809E-04
  4.249997E-01  0.000000E+00    12  4.959311E-10 -8.545901E+01  3.926405E-11 -4.943744E-10
  4.227977E-01  0.000000E+00     1  3.813896E-02  1.005755E+02 -6.999670E-03  3.749113E-02
  4.227977E-01  0.000000E+00     2  6.858742E-07  9.982278E+01 -1.170111E-07  6.758194E-07
  4.227977E-01  0.000000E+00     3  3.803593E-03  9.862132E+01 -5.701706E-04  3.760615E-03
  4.227977E-01  0.000000E+00     4  9.741083E-07 -7.817482E+01  1.996203E-07 -9.534352E-07
  4.227977E-01  0.000000E+00     5  1.960668E-03  1.005754E+02 -3.598387E-04  1.927365E-03
  4.227977E-01  0.000000E+00     6  2.940711E-11  9.000000E+01  4.457736E-13  2.940373E-11
  4.227977E-01  0.000000E+00     7  5.477529E-04  1.005776E+02 -1.005497E-04  5.384450E-04
  4.227977E-01  0.000000E+00     8  5.634637E-06  9.834835E+01 -8.180998E-07  5.574930E-06
  4.227977E-01  0.000000E+00     9  3.936068E-04 -8.138705E+01  5.894608E-05 -3.891679E-04
  4.227977E-01  0.000000E+00    10  7.220498E-06 -8.179655E+01  1.030282E-06 -7.146616E-06
  4.227977E-01  0.000000E+00    11  3.754729E-04  1.005835E+02 -6.896246E-05  3.690854E-04
  4.227977E-01  0.000000E+00    12  5.034460E-10 -7.677509E+01  1.151754E-10 -4.900944E-10
  4.206183E-01  0.000000E+00     1  3.763733E-02  1.094997E+02 -1.256340E-02  3.547858E-02
  4.206183E-01  0.000000E+00     2  6.854920E-07  1.067107E+02 -1.971063E-07  6.565428E-07
  4.206183E-01  0.000000E+00     3  3.694328E-03  1.075620E+02 -1.114715E-03  3.522140E-03
  4.206183E-01  0.000000E+00     4  1.042648E-06 -7.352442E+01  2.957019E-07 -9.998377E-07
  4.206183E-01  0.000000E+00     5  1.918133E-03  1.094990E+02 -6.402542E-04  1.808123E-03
  4.206183E-01  0.000000E+00     6  4.353430E-11  5.522699E+01  2.482878E-11  3.575986E-11
  4.206183E-01  0.000000E+00     7  5.335906E-04  1.094991E+02 -1.781080E-04  5.029875E-04
  4.206183E-01  0.000000E+00     8  5.785655E-06  1.073070E+02 -1.721187E-06  5.523705E-06
  4.206183E-01  0.000000E+00     9  3.848842E-04 -7.244589E+01  1.160835E-04 -3.669611E-04
  4.206183E-01  0.000000E+00    10  7.412881E-06 -7.290733E+01  2.178780E-06 -7.085458E-06
  4.206183E-01  0.000000E+00    11  3.639596E-04  1.094995E+02 -1.214894E-04  3.430844E-04
  4.206183E-01  0.000000E+00    12  5.097517E-10 -6.767590E+01  1.936269E-10 -4.715457E-10
  4.184613E-01  0.000000E+00     1  3.714458E-02  1.184707E+02 -1.770719E-02  3.265234E-02
  4.184613E-01  0.000000E+00     2  6.777411E-07  1.177546E+02 -3.156139E-07  5.997673E-07
  4.184613E-01  0.000000E+00     3  3.589969E-03  1.165553E+02 -1.604934E-03  3.211241E-03
  4.184613E-01  0.000000E+00     4  1.092244E-06 -6.238314E+01  5.063173E-07 -9.678021E-07
  4.184613E-01  0.000000E+00     5  1.877473E-03  1.184709E+02 -8.950142E-04  1.650411E-03
  4.184613E-01  0.000000E+00     6  7.481337E-11  3.311115E+01  6.266461E-11  4.086793E-11
  4.184613E-01  0.000000E+00     7  5.200354E-04  1.184719E+02 -2.479150E-04  4.571379E-04
  4.184613E-01  0.000000E+00     8  5.890375E-06  1.164667E+02 -2.625210E-06  5.273024E-06
  4.184613E-01  0.000000E+00     9  3.764612E-04 -6.345028E+01  1.682685E-04 -3.367622E-04
  4.184613E-01  0.000000E+00    10  7.550535E-06 -6.378638E+01  3.335215E-06 -6.773988E-06
  4.184613E-01  0.000000E+00    11  3.529174E-04  1.184778E+02 -1.682775E-04  3.102151E-04
  4.184613E-01  0.000000E+00    12  5.169751E-10 -5.902849E+01  2.660415E-10 -4.432665E-10
  4.163263E-01  0.000000E+00     1  3.666038E-02  1.274884E+02 -2.231156E-02  2.908913E-02
  4.163263E-01  0.000000E+00     2  7.252207E-07  1.260043E+02 -4.263182E-07  5.866838E-07
  4.163263E-01  0.000000E+00     3  3.489612E-03  1.255909E+02 -2.030934E-03  2.837728E-03
  4.163263E-01  0.000000E+00     4  1.042827E-06 -5.476219E+01  6.016812E-07 -8.517436E-07
  4.163263E-01  0.000000E+00     5  1.838392E-03  1.274889E+02 -1.118860E-03  1.458710E-03
  4.163263E-01  0.000000E+00     6  1.074577E-10  2.127128E+01  1.001370E-10  3.898396E-11
  4.163263E-01  0.000000E+00     7  5.069759E-04  1.274872E+02 -3.085378E-04  4.022797E-04
  4.163263E-01  0.000000E+00     8  5.883579E-06  1.254763E+02 -3.414627E-06  4.791329E-06
  4.163263E-01  0.000000E+00     9  3.682128E-04 -5.442270E+01  2.142265E-04 -2.994790E-04
  4.163263E-01  0.000000E+00    10  7.561661E-06 -5.474702E+01  4.364497E-06 -6.174940E-06
  4.163263E-01  0.000000E+00    11  3.421704E-04  1.274885E+02 -2.082456E-04  2.715039E-04
  4.163263E-01  0.000000E+00    12  5.261003E-10 -4.989139E+01  3.389341E-10 -4.023745E-10
  4.142129E-01  0.000000E+00     1  3.618463E-02  1.365532E+02 -2.627051E-02  2.488348E-02
  4.142129E-01  0.000000E+00     2  7.039362E-07  1.367798E+02 -5.129771E-07  4.820587E-07
  4.142129E-01  0.000000E+00     3  3.392805E-03  1.346757E+02 -2.385456E-03  2.412617E-03
  4.142129E-01  0.000000E+00     4  1.071813E-06 -4.530586E+01  7.538297E-07 -7.619212E-07
  4.142129E-01  0.000000E+00     5  1.800862E-03  1.365532E+02 -1.307449E-03  1.238419E-03
  4.142129E-01  0.000000E+00     6  1.399339E-10  2.846207E+01  1.230205E-10  6.668927E-11
  4.142129E-01  0.000000E+00     7  4.945141E-04  1.365556E+02 -3.590377E-04  3.400531E-04
  4.142129E-01  0.000000E+00     8  6.012602E-06  1.342078E+02 -4.192362E-06  4.309928E-06
  4.142129E-01  0.000000E+00     9  3.602803E-04 -4.533339E+01  2.532700E-04 -2.562347E-04
  4.142129E-01  0.000000E+00    10  7.737215E-06 -4.578507E+01  5.395562E-06 -5.545485E-06
  4.142129E-01  0.000000E+00    11  3.319159E-04  1.365570E+02 -2.409903E-04  2.282363E-04
  4.142129E-01  0.000000E+00    12  5.338975E-10 -4.107486E+01  4.024796E-10 -3.507944E-10
  4.121210E-01  0.000000E+00     1  3.571724E-02  1.456646E+02 -2.949351E-02  2.014583E-02
  4.121210E-01  0.000000E+00     2  6.749171E-07  1.403521E+02 -5.196731E-07  4.306426E-07
  4.121210E-01  0.000000E+00     3  3.299986E-03  1.438032E+02 -2.663066E-03  1.948843E-03
  4.121210E-01  0.000000E+00     4  1.125442E-06 -3.425119E+01  9.302655E-07 -6.334235E-07
  4.121210E-01  0.000000E+00     5  1.764875E-03  1.456651E+02 -1.457355E-03  9.954396E-04
  4.121210E-01  0.000000E+00     6  1.774809E-10  2.528064E+01  1.604830E-10  7.579366E-11
  4.121210E-01  0.000000E+00     7  4.825693E-04  1.456664E+02 -3.984901E-04  2.721742E-04
  4.121210E-01  0.000000E+00     8  6.139468E-06  1.438800E+02 -4.959365E-06  3.619085E-06
  4.121210E-01  0.000000E+00     9  3.539630E-04 -3.620473E+01  2.856168E-04 -2.090762E-04
  4.121210E-01  0.000000E+00    10  7.882630E-06 -3.554926E+01  6.413434E-06 -4.582982E-06
  4.121210E-01  0.000000E+00    11  3.222559E-04  1.456710E+02 -2.661231E-04  1.817343E-04
  4.121210E-01  0.000000E+00    12  5.395495E-10 -3.181356E+01  4.584918E-10 -2.844273E-10
  4.100500E-01  0.000000E+00     1  3.525779E-02  1.548226E+02 -3.190811E-02  1.499948E-02
  4.100500E-01  0.000000E+00     2  7.490908E-07  1.478877E+02 -6.344858E-07  3.982018E-07
  4.100500E-01  0.000000E+00     3  3.211079E-03  1.529680E+02 -2.860279E-03  1.459395E-03
  4.100500E-01  0.000000E+00     4  1.198936E-06 -3.080599E+01  1.029774E-06 -6.140144E-07
  4.100500E-01  0.000000E+00     5  1.730668E-03  1.548190E+02 -1.566199E-03  7.363638E-04
  4.100500E-01  0.000000E+00     6  2.141371E-10  3.237169E+01  1.808586E-10  1.146510E-10
  4.100500E-01  0.000000E+00     7  4.711659E-04  1.548235E+02 -4.264058E-04  2.004381E-04
  4.100500E-01  0.000000E+00     8  6.217088E-06  1.525646E+02 -5.517857E-06  2.864512E-06
  4.100500E-01  0.000000E+00     9  3.465271E-04 -2.703467E+01  3.086627E-04 -1.575068E-04
  4.100500E-01  0.000000E+00    10  8.009662E-06 -2.737447E+01  7.112744E-06 -3.682876E-06
  4.100500E-01  0.000000E+00    11  3.128121E-04  1.548294E+02 -2.831092E-04  1.330436E-04
  4.100500E-01  0.000000E+00    12  5.504324E-10 -2.272657E+01  5.076963E-10 -2.126506E-10
  4.079998E-01  0.000000E+00     1  3.480672E-02  1.640273E+02 -3.346293E-02  9.578112E-03
  4.079998E-01  0.000000E+00     2  6.888242E-07  1.617650E+02 -6.542323E-07  2.155434E-07
  4.079998E-01  0.000000E+00     3  3.124685E-03  1.621930E+02 -2.974988E-03  9.555634E-04
  4.079998E-01  0.000000E+00     4  1.009432E-06 -2.070102E+01  9.442604E-07 -3.568255E-07
  4.079998E-01  0.000000E+00     5  1.697806E-03  1.640274E+02 -1.632260E-03  4.671983E-04
  4.079998E-01  0.000000E+00     6  2.404812E-10  3.206120E+01  2.038034E-10  1.276534E-10
  4.079998E-01  0.000000E+00     7  4.600917E-04  1.640285E+02 -4.423315E-04  1.265988E-04
  4.079998E-01  0.000000E+00     8  6.295889E-06  1.619263E+02 -5.985239E-06  1.953238E-06
  4.079998E-01  0.000000E+00     9  3.400778E-04 -1.780290E+01  3.237928E-04 -1.039766E-04
  4.079998E-01  0.000000E+00    10  8.097107E-06 -1.811349E+01  7.695835E-06 -2.517393E-06
  4.079998E-01  0.000000E+00    11  3.036660E-04  1.640327E+02 -2.919502E-04  8.353491E-05
  4.079998E-01  0.000000E+00    12  5.578839E-10 -1.341958E+01  5.426518E-10 -1.294739E-10
  4.059699E-01  0.000000E+00     1  3.436296E-02  1.732791E+02 -3.412681E-02  4.021602E-03
  4.059699E-01  0.000000E+00     2  6.739968E-07  1.735384E+02 -6.697152E-07  7.585005E-08
  4.059699E-01  0.000000E+00     3  3.042857E-03  1.714718E+02 -3.009212E-03  4.512465E-04
  4.059699E-01  0.000000E+00     4  1.124178E-06 -8.952093E+00  1.110484E-06 -1.749318E-07
  4.059699E-01  0.000000E+00     5  1.666057E-03  1.732810E+02 -1.654614E-03  1.949292E-04
  4.059699E-01  0.000000E+00     6  2.743265E-10  3.748600E+01  2.176786E-10  1.669462E-10
  4.059699E-01  0.000000E+00     7  4.495687E-04  1.732839E+02 -4.464837E-04  5.257693E-05
  4.059699E-01  0.000000E+00     8  6.436992E-06  1.707182E+02 -6.352712E-06  1.038231E-06
  4.059699E-01  0.000000E+00     9  3.337933E-04 -8.528588E+00  3.301022E-04 -4.950251E-05
  4.059699E-01  0.000000E+00    10  8.265257E-06 -9.326884E+00  8.155988E-06 -1.339524E-06
  4.059699E-01  0.000000E+00    11  2.950089E-04  1.732890E+02 -2.929875E-04  3.447494E-05
  4.059699E-01  0.000000E+00    12  5.649863E-10 -4.347473E+00  5.633606E-10 -4.282875E-11
  4.039602E-01  0.000000E+00     1  3.392695E-02 -1.774227E+02 -3.389262E-02 -1.525625E-03
  4.039602E-01  0.000000E+00     2  7.221824E-07 -1.752214E+02 -7.196722E-07 -6.016202E-08
  4.039602E-01  0.000000E+00     3  2.963813E-03 -1.792131E+02 -2.963534E-03 -4.070460E-05
  4.039602E-01  0.000000E+00     4  1.154985E-06  2.538026E+00  1.153852E-06  5.114554E-08
  4.039602E-01  0.000000E+00     5  1.635884E-03 -1.774192E+02 -1.634225E-03 -7.366249E-05
  4.039602E-01  0.000000E+00     6  3.016073E-10  4.108823E+01  2.273209E-10  1.982225E-10
  4.039602E-01  0.000000E+00     7  4.395998E-04 -1.774147E+02 -4.391524E-04 -1.982919E-05
  4.039602E-01  0.000000E+00     8  6.530109E-06 -1.799117E+02 -6.530101E-06 -1.005954E-08
  4.039602E-01  0.000000E+00     9  3.266849E-04  7.805825E-01  3.266545E-04  4.450530E-06
  4.039602E-01  0.000000E+00    10  8.379287E-06  1.026647E-01  8.379273E-06  1.501431E-08
  4.039602E-01  0.000000E+00    11  2.866648E-04 -1.774036E+02 -2.863705E-04 -1.298603E-05
  4.039602E-01  0.000000E+00    12  5.752017E-10  4.913620E+00  5.730879E-10  4.926819E-11
  4.019702E-01  0.000000E+00     1  3.349854E-02 -1.680772E+02 -3.277588E-02 -6.920564E-03
  4.019702E-01  0.000000E+00     2  6.899709E-07 -1.641418E+02 -6.637113E-07 -1.885397E-07
  4.019702E-01  0.000000E+00     3  2.888354E-03 -1.698494E+02 -2.843145E-03 -5.090337E-04
  4.019702E-01  0.000000E+00     4  1.204316E-06  1.132808E+01  1.180854E-06  2.365598E-07
  4.019702E-01  0.000000E+00     5  1.606994E-03 -1.680738E+02 -1.572306E-03 -3.320872E-04
  4.019702E-01  0.000000E+00     6  3.269495E-10  4.391052E+01  2.355422E-10  2.267506E-10
  4.019702E-01  0.000000E+00     7  4.299737E-04 -1.680733E+02 -4.206917E-04 -8.885865E-05
  4.019702E-01  0.000000E+00     8  6.686191E-06 -1.704550E+02 -6.593626E-06 -1.108713E-06
  4.019702E-01  0.000000E+00     9  3.213458E-04  1.015018E+01  3.163164E-04  5.663038E-05
  4.019702E-01  0.000000E+00    10  8.577316E-06  9.576860E+00  8.457777E-06  1.427013E-06
  4.019702E-01  0.000000E+00    11  2.787311E-04 -1.680718E+02 -2.727126E-04 -5.760978E-05
  4.019702E-01  0.000000E+00    12  5.838080E-10  1.420472E+01  5.659582E-10  1.432590E-10
  3.999998E-01  0.000000E+00     1  3.307758E-02 -1.586852E+02 -3.081498E-02 -1.202344E-02
  3.999998E-01  0.000000E+00     2  7.599194E-07 -1.552020E+02 -6.898491E-07 -3.187252E-07
  3.999998E-01  0.000000E+00     3  2.815871E-03 -1.604419E+02 -2.653403E-03 -9.426467E-04
  3.999998E-01  0.000000E+00     4  1.159791E-06  2.145182E+01  1.079447E-06  4.241572E-07
  3.999998E-01  0.000000E+00     5  1.579360E-03 -1.586839E+02 -1.471314E-03 -5.741189E-04
  3.999998E-01  0.000000E+00     6  3.320926E-10  5.285698E+01  2.005197E-10  2.647212E-10
  3.999998E-01  0.000000E+00     7  4.207156E-04 -1.586790E+02 -3.919209E-04 -1.529693E-04
  3.999998E-01  0.000000E+00     8  6.707465E-06 -1.607672E+02 -6.333109E-06 -2.209484E-06
  3.999998E-01  0.000000E+00     9  3.162717E-04  1.955588E+01  2.980277E-04  1.058644E-04
  3.999998E-01  0.000000E+00    10  8.631047E-06  1.926877E+01  8.147544E-06  2.848245E-06
  3.999998E-01  0.000000E+00    11  2.710433E-04 -1.586694E+02 -2.524760E-04 -9.859191E-05
  3.999998E-01  0.000000E+00    12  5.928487E-10  2.351481E+01  5.436168E-10  2.365384E-10
  3.980486E-01  0.000000E+00     1  3.266394E-02 -1.492463E+02 -2.807053E-02 -1.670264E-02
  3.980486E-01  0.000000E+00     2  7.554409E-07 -1.483797E+02 -6.432890E-07 -3.960685E-07
  3.980486E-01  0.000000E+00     3  2.745822E-03 -1.509931E+02 -2.401389E-03 -1.331491E-03
  3.980486E-01  0.000000E+00     4  1.168567E-06  2.989653E+01  1.013062E-06  5.824549E-07
  3.980486E-01  0.000000E+00     5  1.552890E-03 -1.492461E+02 -1.334509E-03 -7.940733E-04
  3.980486E-01  0.000000E+00     6  3.505993E-10  5.600446E+01  1.960300E-10  2.906753E-10
  3.980486E-01  0.000000E+00     7  4.118881E-04 -1.492418E+02 -3.539491E-04 -2.106463E-04
  3.980486E-01  0.000000E+00     8  6.849555E-06 -1.510592E+02 -5.994182E-06 -3.314540E-06
  3.980486E-01  0.000000E+00     9  3.104846E-04  2.901085E+01  2.715274E-04  1.505773E-04
  3.980486E-01  0.000000E+00    10  8.799125E-06  2.891755E+01  7.702019E-06  4.254821E-06
  3.980486E-01  0.000000E+00    11  2.636022E-04 -1.492334E+02 -2.265023E-04 -1.348438E-04
  3.980486E-01  0.000000E+00    12  6.003200E-10  3.312033E+01  5.027830E-10  3.280143E-10
  3.961163E-01  0.000000E+00     1  3.225747E-02 -1.397609E+02 -2.462391E-02 -2.083765E-02
  3.961163E-01  0.000000E+00     2  7.651095E-07 -1.399731E+02 -5.858770E-07 -4.920778E-07
  3.961163E-01  0.000000E+00     3  2.678234E-03 -1.414931E+02 -2.095807E-03 -1.667492E-03
  3.961163E-01  0.000000E+00     4  1.235329E-06  3.839944E+01  9.681266E-07  7.673123E-07
  3.961163E-01  0.000000E+00     5  1.527556E-03 -1.397631E+02 -1.166106E-03 -9.867233E-04
  3.961163E-01  0.000000E+00     6  3.699922E-10  6.234361E+01  1.717386E-10  3.277195E-10
  3.961163E-01  0.000000E+00     7  4.033849E-04 -1.397646E+02 -3.079429E-04 -2.605582E-04
  3.961163E-01  0.000000E+00     8  7.008104E-06 -1.417213E+02 -5.501406E-06 -4.341435E-06
  3.961163E-01  0.000000E+00     9  3.049480E-04  3.851021E+01  2.386210E-04  1.898771E-04
  3.961163E-01  0.000000E+00    10  9.001318E-06  3.824006E+01  7.069854E-06  5.571435E-06
  3.961163E-01  0.000000E+00    11  2.564308E-04 -1.397583E+02 -1.957404E-04 -1.656576E-04
  3.961163E-01  0.000000E+00    12  6.105584E-10  4.249319E+01  4.501999E-10  4.124337E-10
  3.942027E-01  0.000000E+00     1  3.185819E-02 -1.302286E+02 -2.057524E-02 -2.432291E-02
  3.942027E-01  0.000000E+00     2  7.511210E-07 -1.319270E+02 -5.018861E-07 -5.588320E-07
  3.942027E-01  0.000000E+00     3  2.614038E-03 -1.319438E+02 -1.747225E-03 -1.944325E-03
  3.942027E-01  0.000000E+00     4  1.245267E-06  4.775923E+01  8.371274E-07  9.219037E-07
  3.942027E-01  0.000000E+00     5  1.503397E-03 -1.302303E+02 -9.709865E-04 -1.147776E-03
  3.942027E-01  0.000000E+00     6  3.967215E-10  6.596346E+01  1.615922E-10  3.623201E-10
  3.942027E-01  0.000000E+00     7  3.953442E-04 -1.302315E+02 -2.553441E-04 -3.018219E-04
  3.942027E-01  0.000000E+00     8  7.126416E-06 -1.323420E+02 -4.800034E-06 -5.267398E-06
  3.942027E-01  0.000000E+00     9  2.993598E-04  4.806394E+01  2.000625E-04  2.226911E-04
  3.942027E-01  0.000000E+00    10  9.163218E-06  4.772522E+01  6.163977E-06  6.780114E-06
  3.942027E-01  0.000000E+00    11  2.495465E-04 -1.302269E+02 -1.611612E-04 -1.905270E-04
  3.942027E-01  0.000000E+00    12  6.190342E-10  5.214836E+01  3.798511E-10  4.887908E-10
  3.923075E-01  0.000000E+00     1  3.146581E-02 -1.206498E+02 -1.604092E-02 -2.707002E-02
  3.923075E-01  0.000000E+00     2  7.909559E-07 -1.243308E+02 -4.460752E-07 -6.531678E-07
  3.923075E-01  0.000000E+00     3  2.551884E-03 -1.223521E+02 -1.365566E-03 -2.155770E-03
  3.923075E-01  0.000000E+00     4  1.298411E-06  5.665114E+01  7.137824E-07  1.084613E-06
  3.923075E-01  0.000000E+00     5  1.480250E-03 -1.206547E+02 -7.547252E-04 -1.273393E-03
  3.923075E-01  0.000000E+00     6  4.125369E-10  7.186055E+01  1.284355E-10  3.920345E-10
  3.923075E-01  0.000000E+00     7  3.875337E-04 -1.206450E+02 -1.975328E-04 -3.334114E-04
  3.923075E-01  0.000000E+00     8  7.272179E-06 -1.228433E+02 -3.944016E-06 -6.109773E-06
  3.923075E-01  0.000000E+00     9  2.946158E-04  5.765623E+01  1.576189E-04  2.489071E-04
  3.923075E-01  0.000000E+00    10  9.338427E-06  5.717912E+01  5.061563E-06  7.847726E-06
  3.923075E-01  0.000000E+00    11  2.429445E-04 -1.206329E+02 -1.237888E-04 -2.090415E-04
  3.923075E-01  0.000000E+00    12  6.288766E-10  6.160659E+01  2.990453E-10  5.532248E-10
  3.904305E-01  0.000000E+00     1  3.108039E-02 -1.110242E+02 -1.115049E-02 -2.901133E-02
  3.904305E-01  0.000000E+00     2  8.005642E-07 -1.152380E+02 -3.413443E-07 -7.241458E-07
  3.904305E-01  0.000000E+00     3  2.492104E-03 -1.127202E+02 -9.625272E-04 -2.298722E-03
  3.904305E-01  0.000000E+00     4  1.273084E-06  6.564131E+01  5.250807E-07  1.159756E-06
  3.904305E-01  0.000000E+00     5  1.458157E-03 -1.110308E+02 -5.232887E-04 -1.361025E-03
  3.904305E-01  0.000000E+00     6  4.167468E-10  7.841937E+01  8.366055E-11  4.082631E-10
  3.904305E-01  0.000000E+00     7  3.800975E-04 -1.110252E+02 -1.363706E-04 -3.547917E-04
  3.904305E-01  0.000000E+00     8  7.378411E-06 -1.129261E+02 -2.874209E-06 -6.795578E-06
  3.904305E-01  0.000000E+00     9  2.901815E-04  6.729791E+01  1.119926E-04  2.676994E-04
  3.904305E-01  0.000000E+00    10  9.488659E-06  6.708021E+01  3.695283E-06  8.739538E-06
  3.904305E-01  0.000000E+00    11  2.366252E-04 -1.110189E+02 -8.487161E-05 -2.208807E-04
  3.904305E-01  0.000000E+00    12  6.371765E-10  7.103812E+01  2.070434E-10  6.026001E-10
  3.885713E-01  0.000000E+00     1  3.070169E-02 -1.013524E+02 -6.043421E-03 -3.010101E-02
  3.885713E-01  0.000000E+00     2  8.456312E-07 -1.033610E+02 -1.954134E-07 -8.227428E-07
  3.885713E-01  0.000000E+00     3  2.434806E-03 -1.030288E+02 -5.489055E-04 -2.372126E-03
  3.885713E-01  0.000000E+00     4  1.274404E-06  7.520469E+01  3.254404E-07  1.232150E-06
  3.885713E-01  0.000000E+00     5  1.437064E-03 -1.013582E+02 -2.830192E-04 -1.408919E-03
  3.885713E-01  0.000000E+00     6  4.340664E-10  8.374639E+01  4.728262E-11  4.314835E-10
  3.885713E-01  0.000000E+00     7  3.729977E-04 -1.013478E+02 -7.339234E-05 -3.657060E-04
  3.885713E-01  0.000000E+00     8  7.484564E-06 -1.034203E+02 -1.737116E-06 -7.280187E-06
  3.885713E-01  0.000000E+00     9  2.857221E-04  7.698492E+01  6.434673E-05  2.783822E-04
  3.885713E-01  0.000000E+00    10  9.624938E-06  7.658043E+01  2.233757E-06  9.362145E-06
  3.885713E-01  0.000000E+00    11  2.305368E-04 -1.013366E+02 -4.531708E-05 -2.260389E-04
  3.885713E-01  0.000000E+00    12  6.483511E-10  8.088177E+01  1.027456E-10  6.401581E-10
  3.867297E-01  0.000000E+00     1  3.032961E-02 -9.163381E+01 -8.647449E-04 -3.031728E-02
  3.867297E-01  0.000000E+00     2  8.473868E-07 -9.109417E+01 -1.618148E-08 -8.472323E-07
  3.867297E-01  0.000000E+00     3  2.379956E-03 -9.329046E+01 -1.366041E-04 -2.376032E-03
  3.867297E-01  0.000000E+00     4  1.219536E-06  8.641696E+01  7.621502E-08  1.217152E-06
  3.867297E-01  0.000000E+00     5  1.416834E-03 -9.164045E+01 -4.056027E-05 -1.416254E-03
  3.867297E-01  0.000000E+00     6  4.448085E-10  9.162641E+01 -1.262475E-11  4.446293E-10
  3.867297E-01  0.000000E+00     7  3.660779E-04 -9.164022E+01 -1.047835E-05 -3.659279E-04
  3.867297E-01  0.000000E+00     8  7.597220E-06 -9.389357E+01 -5.158755E-07 -7.579685E-06
  3.867297E-01  0.000000E+00     9  2.813252E-04  8.671355E+01  1.612780E-05  2.808625E-04
  3.867297E-01  0.000000E+00    10  9.777921E-06  8.605756E+01  6.722738E-07  9.754783E-06
  3.867297E-01  0.000000E+00    11  2.245608E-04 -9.163593E+01 -6.410834E-06 -2.244693E-04
  3.867297E-01  0.000000E+00    12  6.591511E-10  9.052588E+01 -6.049816E-12  6.591233E-10
  3.849055E-01  0.000000E+00     1  2.996408E-02 -8.186922E+01  4.237912E-03 -2.966287E-02
  3.849055E-01  0.000000E+00     2  8.919202E-07 -8.225067E+01  1.202660E-07 -8.837747E-07
  3.849055E-01  0.000000E+00     3  2.326867E-03 -8.350313E+01  2.632825E-04 -2.311924E-03
  3.849055E-01  0.000000E+00     4  1.334225E-06  9.475680E+01 -1.106425E-07  1.329630E-06
  3.849055E-01  0.000000E+00     5  1.397837E-03 -8.187583E+01  1.975409E-04 -1.383809E-03
  3.849055E-01  0.000000E+00     6  4.547183E-10  9.842743E+01 -6.664194E-11  4.498084E-10
  3.849055E-01  0.000000E+00     7  3.596567E-04 -8.187260E+01  5.084632E-05 -3.560444E-04
  3.849055E-01  0.000000E+00     8  7.807917E-06 -8.447490E+01  7.517608E-07 -7.771642E-06
  3.849055E-01  0.000000E+00     9  2.770289E-04  9.648561E+01 -3.129143E-05  2.752560E-04
  3.849055E-01  0.000000E+00    10  1.003473E-05  9.553952E+01 -9.686751E-07  9.987867E-06
  3.849055E-01  0.000000E+00    11  2.189869E-04 -8.186478E+01  3.098881E-05 -2.167832E-04
  3.849055E-01  0.000000E+00    12  6.712397E-10  1.001375E+02 -1.181451E-10  6.607606E-10
  3.830985E-01  0.000000E+00     1  2.960492E-02 -7.205813E+01  9.119853E-03 -2.816521E-02
  3.830985E-01  0.000000E+00     2  9.713897E-07 -7.225185E+01  2.961121E-07 -9.251571E-07
  3.830985E-01  0.000000E+00     3  2.275901E-03 -7.368235E+01  6.394424E-04 -2.184225E-03
  3.830985E-01  0.000000E+00     4  1.292693E-06  1.067169E+02 -3.718330E-07  1.238061E-06
  3.830985E-01  0.000000E+00     5  1.379607E-03 -7.206411E+01  4.248534E-04 -1.312560E-03
  3.830985E-01  0.000000E+00     6  4.592632E-10  1.055875E+02 -1.234083E-10  4.423721E-10
  3.830985E-01  0.000000E+00     7  3.533951E-04 -7.205547E+01  1.088796E-04 -3.362042E-04
  3.830985E-01  0.000000E+00     8  7.899221E-06 -7.385794E+01  2.196141E-06 -7.587796E-06
  3.830985E-01  0.000000E+00     9  2.736105E-04  1.063270E+02 -7.691692E-05  2.625766E-04
  3.830985E-01  0.000000E+00    10  1.016053E-05  1.061380E+02 -2.824133E-06  9.760156E-06
  3.830985E-01  0.000000E+00    11  2.135567E-04 -7.205666E+01  6.579175E-05 -2.031696E-04
  3.830985E-01  0.000000E+00    12  6.814282E-10  1.099583E+02 -2.325962E-10  6.405025E-10
  3.813083E-01  0.000000E+00     1  2.925187E-02 -6.220100E+01  1.364223E-02 -2.587589E-02
  3.813083E-01  0.000000E+00     2  1.003553E-06 -5.619775E+01  5.583049E-07 -8.339148E-07
  3.813083E-01  0.000000E+00     3  2.226813E-03 -6.380204E+01  9.830799E-04 -1.998062E-03
  3.813083E-01  0.000000E+00     4  1.258931E-06  1.169414E+02 -5.703948E-07  1.122299E-06
  3.813083E-01  0.000000E+00     5  1.361921E-03 -6.220803E+01  6.350130E-04 -1.204819E-03
  3.813083E-01  0.000000E+00     6  4.655328E-10  1.130326E+02 -1.821418E-10  4.284217E-10
  3.813083E-01  0.000000E+00     7  3.473361E-04 -6.219688E+01  1.620096E-04 -3.072381E-04
  3.813083E-01  0.000000E+00     8  8.017075E-06 -6.460694E+01  3.437927E-06 -7.242524E-06
  3.813083E-01  0.000000E+00     9  2.694589E-04  1.161943E+02 -1.189434E-04  2.417862E-04
  3.813083E-01  0.000000E+00    10  1.031843E-05  1.155429E+02 -4.449170E-06  9.309936E-06
  3.813083E-01  0.000000E+00    11  2.082378E-04 -6.218860E+01  9.715596E-05 -1.841838E-04
  3.813083E-01  0.000000E+00    12  6.931712E-10  1.199237E+02 -3.457862E-10  6.007647E-10
  3.795348E-01  0.000000E+00     1  2.890521E-02 -5.229769E+01  1.767724E-02 -2.286977E-02
  3.795348E-01  0.000000E+00     2  1.147771E-06 -5.477372E+01  6.620423E-07 -9.375913E-07
  3.795348E-01  0.000000E+00     3  2.180427E-03 -5.388360E+01  1.285204E-03 -1.761395E-03
  3.795348E-01  0.000000E+00     4  1.388741E-06  1.210400E+02 -7.160849E-07  1.189884E-06
  3.795348E-01  0.000000E+00     5  1.345261E-03 -5.230349E+01  8.225985E-04 -1.064452E-03
  3.795348E-01  0.000000E+00     6  4.751450E-10  1.209089E+02 -2.440696E-10  4.076675E-10
  3.795348E-01  0.000000E+00     7  3.416406E-04 -5.229211E+01  2.089597E-04 -2.702853E-04
  3.795348E-01  0.000000E+00     8  8.261452E-06 -5.427756E+01  4.823525E-06 -6.707100E-06
  3.795348E-01  0.000000E+00     9  2.659413E-04  1.261057E+02 -1.567129E-04  2.148624E-04
  3.795348E-01  0.000000E+00    10  1.065913E-05  1.259733E+02 -6.261263E-06  8.626338E-06
  3.795348E-01  0.000000E+00    11  2.032241E-04 -5.227240E+01  1.243545E-04 -1.607358E-04
  3.795348E-01  0.000000E+00    12  7.024478E-10  1.298168E+02 -4.498018E-10  5.395472E-10
  3.777776E-01  0.000000E+00     1  2.856313E-02 -4.234897E+01  2.110974E-02 -1.924139E-02
  3.777776E-01  0.000000E+00     2  1.718346E-06 -5.821394E+01  9.051372E-07 -1.460630E-06
  3.777776E-01  0.000000E+00     3  2.134040E-03 -4.389775E+01  1.537743E-03 -1.479687E-03
  3.777776E-01  0.000000E+00     4  1.348122E-06  1.415411E+02 -1.055653E-06  8.384694E-07
  3.777776E-01  0.000000E+00     5  1.328953E-03 -4.235783E+01  9.820318E-04 -8.953939E-04
  3.777776E-01  0.000000E+00     6  4.964659E-10  1.263605E+02 -2.943368E-10  3.998052E-10
  3.777776E-01  0.000000E+00     7  3.361805E-04 -4.235640E+01  2.484267E-04 -2.264984E-04
  3.777776E-01  0.000000E+00     8  8.376129E-06 -4.448945E+01  5.975358E-06 -5.869807E-06
  3.777776E-01  0.000000E+00     9  2.619608E-04  1.360911E+02 -1.887280E-04  1.816734E-04
  3.777776E-01  0.000000E+00    10  1.078902E-05  1.355258E+02 -7.698670E-06  7.558660E-06
  3.777776E-01  0.000000E+00    11  1.982984E-04 -4.234815E+01  1.465554E-04 -1.335805E-04
  3.777776E-01  0.000000E+00    12  7.157062E-10  1.395809E+02 -5.448831E-10  4.640449E-10
  3.760367E-01  0.000000E+00     1  2.823007E-02 -3.235378E+01  2.384763E-02 -1.510720E-02
  3.760367E-01  0.000000E+00     2  5.601325E-07 -3.372707E+01  4.658577E-07 -3.110065E-07
  3.760367E-01  0.000000E+00     3  2.090152E-03 -3.391198E+01  1.734608E-03 -1.166135E-03
  3.760367E-01  0.000000E+00     4  1.307296E-06  1.440668E+02 -1.058520E-06  7.671761E-07
  3.760367E-01  0.000000E+00     5  1.314617E-03 -3.236224E+01  1.110432E-03 -7.036752E-04
  3.760367E-01  0.000000E+00     6  4.806585E-10  1.347417E+02 -3.383411E-10  3.414057E-10
  3.760367E-01  0.000000E+00     7  3.309691E-04 -3.235727E+01  2.795786E-04 -1.771336E-04
  3.760367E-01  0.000000E+00     8  8.457606E-06 -3.448283E+01  6.971570E-06 -4.788352E-06
  3.760367E-01  0.000000E+00     9  2.580007E-04  1.460875E+02 -2.141123E-04  1.439455E-04
  3.760367E-01  0.000000E+00    10  1.090733E-05  1.455987E+02 -8.999653E-06  6.162483E-06
  3.760367E-01  0.000000E+00    11  1.935465E-04 -3.234555E+01  1.635152E-04 -1.035520E-04
  3.760367E-01  0.000000E+00    12  7.278585E-10  1.496108E+02 -6.278573E-10  3.682028E-10
  3.743118E-01  0.000000E+00     1  2.790098E-02 -2.231270E+01  2.581191E-02 -1.059292E-02
  3.743118E-01  0.000000E+00     2  6.272036E-07 -1.666137E+01  6.008711E-07 -1.798284E-07
  3.743118E-01  0.000000E+00     3  2.047761E-03 -2.386352E+01  1.872702E-03 -8.284411E-04
  3.743118E-01  0.000000E+00     4  1.371825E-06  1.560231E+02 -1.253449E-06  5.574673E-07
  3.743118E-01  0.000000E+00     5  1.300214E-03 -2.231829E+01  1.202813E-03 -4.937584E-04
  3.743118E-01  0.000000E+00     6  4.908364E-10  1.421624E+02 -3.876394E-10  3.010914E-10
  3.743118E-01  0.000000E+00     7  3.258889E-04 -2.228955E+01  3.015381E-04 -1.236056E-04
  3.743118E-01  0.000000E+00     8  8.685591E-06 -2.424080E+01  7.919765E-06 -3.566064E-06
  3.743118E-01  0.000000E+00     9  2.553220E-04  1.561355E+02 -2.334933E-04  1.032967E-04
  3.743118E-01  0.000000E+00    10  1.117944E-05  1.557065E+02 -1.018950E-05  4.599344E-06
  3.743118E-01  0.000000E+00    11  1.890326E-04 -2.224874E+01  1.749589E-04 -7.157311E-05
  3.743118E-01  0.000000E+00    12  7.417315E-10  1.596573E+02 -6.954698E-10  2.578514E-10
  3.726026E-01  0.000000E+00     1  2.757751E-02 -1.222530E+01  2.695212E-02 -5.839716E-03
  3.726026E-01  0.000000E+00     2  6.707988E-07 -8.715849E+00  6.630524E-07 -1.016490E-07
  3.726026E-01  0.000000E+00     3  2.007443E-03 -1.375096E+01  1.949906E-03 -4.771736E-04
  3.726026E-01  0.000000E+00     4  1.354106E-06  1.662053E+02 -1.315049E-06  3.228778E-07
  3.726026E-01  0.000000E+00     5  1.286721E-03 -1.223371E+01  1.257501E-03 -2.726559E-04
  3.726026E-01  0.000000E+00     6  4.932968E-10  1.497779E+02 -4.262483E-10  2.483027E-10
  3.726026E-01  0.000000E+00     7  3.211295E-04 -1.222360E+01  3.138491E-04 -6.799188E-05
  3.726026E-01  0.000000E+00     8  8.823164E-06 -1.438806E+01  8.546424E-06 -2.192450E-06
  3.726026E-01  0.000000E+00     9  2.521577E-04  1.662616E+02 -2.449435E-04  5.988484E-05
  3.726026E-01  0.000000E+00    10  1.137483E-05  1.656571E+02 -1.102028E-05  2.817830E-06
  3.726026E-01  0.000000E+00    11  1.846750E-04 -1.220953E+01  1.804978E-04 -3.905641E-05
  3.726026E-01  0.000000E+00    12  7.525878E-10  1.695789E+02 -7.401736E-10  1.361297E-10
  3.709090E-01  0.000000E+00     1  2.725956E-02 -2.092428E+00  2.724139E-02 -9.952915E-04
  3.709090E-01  0.000000E+00     2  7.752281E-07 -4.430636E+00  7.729114E-07 -5.988804E-08
  3.709090E-01  0.000000E+00     3  1.968003E-03 -3.600083E+00  1.964119E-03 -1.235747E-04
  3.709090E-01  0.000000E+00     4  1.457995E-06  1.766641E+02 -1.455525E-06  8.484034E-08
  3.709090E-01  0.000000E+00     5  1.273827E-03 -2.101291E+00  1.272971E-03 -4.670644E-05
  3.709090E-01  0.000000E+00     6  4.879526E-10  1.571856E+02 -4.497778E-10  1.892026E-10
  3.709090E-01  0.000000E+00     7  3.165819E-04 -2.080891E+00  3.163732E-04 -1.149522E-05
  3.709090E-01  0.000000E+00     8  9.043068E-06 -3.940615E+00  9.021688E-06 -6.214622E-07
  3.709090E-01  0.000000E+00     9  2.488870E-04  1.763985E+02 -2.483955E-04  1.563421E-05
  3.709090E-01  0.000000E+00    10  1.167976E-05  1.759064E+02 -1.164997E-05  8.337649E-07
  3.709090E-01  0.000000E+00    11  1.804985E-04 -2.052063E+00  1.803828E-04 -6.463221E-06
  3.709090E-01  0.000000E+00    12  7.658840E-10  1.796778E+02 -7.658719E-10  4.307484E-12
  3.692307E-01  0.000000E+00     1  2.694697E-02  8.086407E+00  2.667904E-02  3.790532E-03
  3.692307E-01  0.000000E+00     2  7.859633E-07  8.435607E+00  7.774603E-07  1.152991E-07
  3.692307E-01  0.000000E+00     3  1.930108E-03  6.591982E+00  1.917347E-03  2.215728E-04
  3.692307E-01  0.000000E+00     4  1.476522E-06 -1.743959E+02 -1.469464E-06 -1.441888E-07
  3.692307E-01  0.000000E+00     5  1.261623E-03  8.077733E+00  1.249106E-03  1.772788E-04
  3.692307E-01  0.000000E+00     6  4.853728E-10  1.659601E+02 -4.708733E-10  1.177503E-10
  3.692307E-01  0.000000E+00     7  3.121111E-04  8.099803E+00  3.089975E-04  4.397577E-05
  3.692307E-01  0.000000E+00     8  9.184009E-06  5.924849E+00  9.134949E-06  9.480094E-07
  3.692307E-01  0.000000E+00     9  2.458370E-04 -1.733982E+02 -2.442069E-04 -2.826340E-05
  3.692307E-01  0.000000E+00    10  1.183245E-05 -1.741022E+02 -1.176982E-05 -1.215836E-06
  3.692307E-01  0.000000E+00    11  1.763022E-04  8.132010E+00  1.745295E-04  2.493871E-05
  3.692307E-01  0.000000E+00    12  7.775225E-10 -1.701510E+02 -7.660633E-10 -1.329972E-10
  3.675674E-01  0.000000E+00     1  2.663975E-02  1.831099E+01  2.529086E-02  8.369531E-03
  3.675674E-01  0.000000E+00     2  8.750362E-07  1.590846E+01  8.415230E-07  2.398485E-07
  3.675674E-01  0.000000E+00     3  1.893069E-03  1.683574E+01  1.811930E-03  5.482874E-04
  3.675674E-01  0.000000E+00     4  1.582189E-06 -1.643511E+02 -1.523541E-06 -4.267834E-07
  3.675674E-01  0.000000E+00     5  1.250075E-03  1.830460E+01  1.186822E-03  3.926094E-04
  3.675674E-01  0.000000E+00     6  4.842762E-10  1.734971E+02 -4.811605E-10  5.484554E-11
  3.675674E-01  0.000000E+00     7  3.079793E-04  1.833430E+01  2.923454E-04  9.687821E-05
  3.675674E-01  0.000000E+00     8  9.437022E-06  1.606832E+01  9.068339E-06  2.612011E-06
  3.675674E-01  0.000000E+00     9  2.426072E-04 -1.631738E+02 -2.322205E-04 -7.022721E-05
  3.675674E-01  0.000000E+00    10  1.214951E-05 -1.639047E+02 -1.167328E-05 -3.368276E-06
  3.675674E-01  0.000000E+00    11  1.723406E-04  1.837620E+01  1.635524E-04  5.433121E-05
  3.675674E-01  0.000000E+00    12  7.926561E-10 -1.598457E+02 -7.441202E-10 -2.731093E-10
  3.659192E-01  0.000000E+00     1  2.633776E-02  2.858137E+01  2.312821E-02  1.260015E-02
  3.659192E-01  0.000000E+00     2  8.914831E-07  2.570082E+01  8.032895E-07  3.866112E-07
  3.659192E-01  0.000000E+00     3  1.858117E-03  2.712317E+01  1.653777E-03  8.471248E-04
  3.659192E-01  0.000000E+00     4  1.494517E-06 -1.548884E+02 -1.353260E-06 -6.342473E-07
  3.659192E-01  0.000000E+00     5  1.239346E-03  2.857440E+01  1.088390E-03  5.927787E-04
  3.659192E-01  0.000000E+00     6  4.821816E-10 -1.777044E+02 -4.817946E-10 -1.931370E-11
  3.659192E-01  0.000000E+00     7  3.040896E-04  2.860740E+01  2.669667E-04  1.455997E-04
  3.659192E-01  0.000000E+00     8  9.587812E-06  2.662393E+01  8.571189E-06  4.296610E-06
  3.659192E-01  0.000000E+00     9  2.395915E-04 -1.528970E+02 -2.132816E-04 -1.091559E-04
  3.659192E-01  0.000000E+00    10  1.235164E-05 -1.532778E+02 -1.103245E-05 -5.554095E-06
  3.659192E-01  0.000000E+00    11  1.686570E-04  2.865825E+01  1.479959E-04  8.088527E-05
  3.659192E-01  0.000000E+00    12  8.063923E-10 -1.496543E+02 -6.959110E-10 -4.074021E-10
  3.642856E-01  0.000000E+00     1  2.604090E-02  3.889749E+01  2.026687E-02  1.635184E-02
  3.642856E-01  0.000000E+00     2  9.573705E-07  3.859191E+01  7.482889E-07  5.971783E-07
  3.642856E-01  0.000000E+00     3  1.824696E-03  3.745035E+01  1.448591E-03  1.109550E-03
  3.642856E-01  0.000000E+00     4  1.485727E-06 -1.460329E+02 -1.232201E-06 -8.301000E-07
  3.642856E-01  0.000000E+00     5  1.228950E-03  3.888701E+01  9.565966E-04  7.715181E-04
  3.642856E-01  0.000000E+00     6  4.691613E-10 -1.700016E+02 -4.620360E-10 -8.145608E-11
  3.642856E-01  0.000000E+00     7  3.001837E-04  3.889566E+01  2.336302E-04  1.884866E-04
  3.642856E-01  0.000000E+00     8  9.802872E-06  3.677261E+01  7.852273E-06  5.868400E-06
  3.642856E-01  0.000000E+00     9  2.370943E-04 -1.425479E+02 -1.882203E-04 -1.441764E-04
  3.642856E-01  0.000000E+00    10  1.263214E-05 -1.432167E+02 -1.011715E-05 -7.564003E-06
  3.642856E-01  0.000000E+00    11  1.648420E-04  3.890728E+01  1.282740E-04  1.035310E-04
  3.642856E-01  0.000000E+00    12  8.201301E-10 -1.393435E+02 -6.221746E-10 -5.343333E-10
  3.626666E-01  0.000000E+00     1  2.574890E-02  4.925924E+01  1.680470E-02  1.950917E-02
  3.626666E-01  0.000000E+00     2  9.223647E-07  4.607324E+01  6.398797E-07  6.643122E-07
  3.626666E-01  0.000000E+00     3  1.790596E-03  4.781234E+01  1.202495E-03  1.326741E-03
  3.626666E-01  0.000000E+00     4  1.525653E-06 -1.344185E+02 -1.067795E-06 -1.089693E-06
  3.626666E-01  0.000000E+00     5  1.219269E-03  4.925088E+01  7.958753E-04  9.236874E-04
  3.626666E-01  0.000000E+00     6  4.683343E-10 -1.590637E+02 -4.374139E-10 -1.673501E-10
  3.626666E-01  0.000000E+00     7  2.965212E-04  4.927000E+01  1.934787E-04  2.247016E-04
  3.626666E-01  0.000000E+00     8  1.002502E-05  4.753885E+01  6.767795E-06  7.395814E-06
  3.626666E-01  0.000000E+00     9  2.346579E-04 -1.321891E+02 -1.575915E-04 -1.738657E-04
  3.626666E-01  0.000000E+00    10  1.295931E-05 -1.324613E+02 -8.748728E-06 -9.560516E-06
  3.626666E-01  0.000000E+00    11  1.613531E-04  4.929540E+01  1.052279E-04  1.223188E-04
  3.626666E-01  0.000000E+00    12  8.351511E-10 -1.290767E+02 -5.264463E-10 -6.483299E-10
  3.610618E-01  0.000000E+00     1  2.546186E-02  5.966685E+01  1.285893E-02  2.197622E-02
  3.610618E-01  0.000000E+00     2  9.644953E-07  5.964439E+01  4.874224E-07  8.322683E-07
  3.610618E-01  0.000000E+00     3  1.758634E-03  5.821773E+01  9.262595E-04  1.494937E-03
  3.610618E-01  0.000000E+00     4  1.514205E-06 -1.225385E+02 -8.144397E-07 -1.276520E-06
  3.610618E-01  0.000000E+00     5  1.210219E-03  5.965758E+01  6.113626E-04  1.044446E-03
  3.610618E-01  0.000000E+00     6  4.610749E-10 -1.496623E+02 -3.979369E-10 -2.328870E-10
  3.610618E-01  0.000000E+00     7  2.931777E-04  5.966991E+01  1.480492E-04  2.530506E-04
  3.610618E-01  0.000000E+00     8  1.016561E-05  5.785374E+01  5.408941E-06  8.607146E-06
  3.610618E-01  0.000000E+00     9  2.314648E-04 -1.217958E+02 -1.219572E-04 -1.967292E-04
  3.610618E-01  0.000000E+00    10  1.312983E-05 -1.221416E+02 -6.985249E-06 -1.111750E-05
  3.610618E-01  0.000000E+00    11  1.579573E-04  5.968948E+01  7.971886E-05  1.363650E-04
  3.610618E-01  0.000000E+00    12  8.507987E-10 -1.185574E+02 -4.067146E-10 -7.472895E-10
  3.594713E-01  0.000000E+00     1  2.517960E-02  7.011978E+01  8.562448E-03  2.367904E-02
  3.594713E-01  0.000000E+00     2  1.000313E-06  6.830535E+01  3.697755E-07  9.294574E-07
  3.594713E-01  0.000000E+00     3  1.727281E-03  6.870457E+01  6.273086E-04  1.609343E-03
  3.594713E-01  0.000000E+00     4  1.594253E-06 -1.115244E+02 -5.849276E-07 -1.483072E-06
  3.594713E-01  0.000000E+00     5  1.201625E-03  7.011354E+01  4.087418E-04  1.129971E-03
  3.594713E-01  0.000000E+00     6  4.517625E-10 -1.408247E+02 -3.502139E-10 -2.853762E-10
  3.594713E-01  0.000000E+00     7  2.898173E-04  7.012975E+01  9.850637E-05  2.725630E-04
  3.594713E-01  0.000000E+00     8  1.045651E-05  6.842336E+01  3.845333E-06  9.723782E-06
  3.594713E-01  0.000000E+00     9  2.294006E-04 -1.113134E+02 -8.338004E-05 -2.137110E-04
  3.594713E-01  0.000000E+00    10  1.350540E-05 -1.116170E+02 -4.975395E-06 -1.255553E-05
  3.594713E-01  0.000000E+00    11  1.546543E-04  7.016241E+01  5.248274E-05  1.454769E-04
  3.594713E-01  0.000000E+00    12  8.690985E-10 -1.081349E+02 -2.705111E-10 -8.259273E-10
  3.578947E-01  0.000000E+00     1  2.490197E-02  8.061893E+01  4.059019E-03  2.456893E-02
  3.578947E-01  0.000000E+00     2  1.020662E-06  8.133960E+01  1.536888E-07  1.009024E-06
  3.578947E-01  0.000000E+00     3  1.696123E-03  7.922909E+01  3.169759E-04  1.666242E-03
  3.578947E-01  0.000000E+00     4  1.592146E-06 -9.962922E+01 -2.663207E-07 -1.569714E-06
  3.578947E-01  0.000000E+00     5  1.193654E-03  8.061527E+01  1.946408E-04  1.177677E-03
  3.578947E-01  0.000000E+00     6  4.647066E-10 -1.313305E+02 -3.068930E-10 -3.489540E-10
  3.578947E-01  0.000000E+00     7  2.866806E-04  8.062455E+01  4.670120E-05  2.828512E-04
  3.578947E-01  0.000000E+00     8  1.067266E-05  7.892583E+01  2.050001E-06  1.047393E-05
  3.578947E-01  0.000000E+00     9  2.268141E-04 -1.007868E+02 -4.244943E-05 -2.228064E-04
  3.578947E-01  0.000000E+00    10  1.378822E-05 -1.011189E+02 -2.658993E-06 -1.352941E-05
  3.578947E-01  0.000000E+00    11  1.514266E-04  8.064309E+01  2.461955E-05  1.494118E-04
  3.578947E-01  0.000000E+00    12  8.845771E-10 -9.769646E+01 -1.184670E-10 -8.766084E-10
  3.563318E-01  0.000000E+00     1  2.462891E-02  9.116347E+01 -5.000877E-04  2.462383E-02
  3.563318E-01  0.000000E+00     2  1.095327E-06  9.128139E+01 -2.449444E-08  1.095053E-06
  3.563318E-01  0.000000E+00     3  1.666820E-03  8.977560E+01  6.528183E-06  1.666807E-03
  3.563318E-01  0.000000E+00     4  1.649221E-06 -8.849068E+01  4.343986E-08 -1.648648E-06
  3.563318E-01  0.000000E+00     5  1.186315E-03  9.115925E+01 -2.400081E-05  1.186072E-03
  3.563318E-01  0.000000E+00     6  4.640518E-10 -1.212191E+02 -2.405238E-10 -3.968531E-10
  3.563318E-01  0.000000E+00     7  2.837727E-04  9.117049E+01 -5.796789E-06  2.837135E-04
  3.563318E-01  0.000000E+00     8  1.090780E-05  8.972961E+01  5.147616E-08  1.090768E-05
  3.563318E-01  0.000000E+00     9  2.237179E-04 -9.024023E+01 -9.379834E-07 -2.237159E-04
  3.563318E-01  0.000000E+00    10  1.410027E-05 -9.031030E+01 -7.636204E-08 -1.410007E-05
  3.563318E-01  0.000000E+00    11  1.483181E-04  9.119271E+01 -3.087282E-06  1.482860E-04
  3.563318E-01  0.000000E+00    12  9.015780E-10 -8.703647E+01  4.661193E-11 -9.003723E-10
  3.547825E-01  0.000000E+00     1  2.436056E-02  1.017537E+02 -4.962381E-03  2.384977E-02
  3.547825E-01  0.000000E+00     2  1.086627E-06  1.026725E+02 -2.383817E-07  1.060157E-06
  3.547825E-01  0.000000E+00     3  1.637349E-03  1.003900E+02 -2.952910E-04  1.610502E-03
  3.547825E-01  0.000000E+00     4  1.733442E-06 -7.792473E+01  3.626301E-07 -1.695087E-06
  3.547825E-01  0.000000E+00     5  1.179553E-03  1.017507E+02 -2.402200E-04  1.154833E-03
  3.547825E-01  0.000000E+00     6  4.572918E-10 -1.115001E+02 -1.675984E-10 -4.254722E-10
  3.547825E-01  0.000000E+00     7  2.808864E-04  1.017551E+02 -5.722479E-05  2.749954E-04
  3.547825E-01  0.000000E+00     8  1.125770E-05  1.001534E+02 -1.984555E-06  1.108140E-05
  3.547825E-01  0.000000E+00     9  2.216462E-04 -7.962315E+01  3.992328E-05 -2.180211E-04
  3.547825E-01  0.000000E+00    10  1.452945E-05 -7.989523E+01  2.549174E-06 -1.430407E-05
  3.547825E-01  0.000000E+00    11  1.453086E-04  1.017667E+02 -2.963243E-05  1.422551E-04
  3.547825E-01  0.000000E+00    12  9.198113E-10 -7.660499E+01  2.130864E-10 -8.947889E-10
  3.532467E-01  0.000000E+00     1  2.409659E-02  1.123897E+02 -9.178474E-03  2.228006E-02
  3.532467E-01  0.000000E+00     2  1.166686E-06  1.142254E+02 -4.787239E-07  1.063946E-06
  3.532467E-01  0.000000E+00     3  1.607893E-03  1.110187E+02 -5.767069E-04  1.500909E-03
  3.532467E-01  0.000000E+00     4  1.782958E-06 -6.529664E+01  7.451347E-07 -1.619789E-06
  3.532467E-01  0.000000E+00     5  1.173040E-03  1.123920E+02 -4.468593E-04  1.084592E-03
  3.532467E-01  0.000000E+00     6  4.609892E-10 -1.025476E+02 -1.001498E-10 -4.499790E-10
  3.532467E-01  0.000000E+00     7  2.780962E-04  1.124111E+02 -1.060240E-04  2.570922E-04
  3.532467E-01  0.000000E+00     8  1.154785E-05  1.111422E+02 -4.165114E-06  1.077055E-05
  3.532467E-01  0.000000E+00     9  2.187452E-04 -6.899507E+01  7.840885E-05 -2.042095E-04
  3.532467E-01  0.000000E+00    10  1.491394E-05 -6.899090E+01  5.346891E-06 -1.392252E-05
  3.532467E-01  0.000000E+00    11  1.422723E-04  1.124422E+02 -5.431265E-05  1.314973E-04
  3.532467E-01  0.000000E+00    12  9.388004E-10 -6.592184E+01  3.830140E-10 -8.571152E-10
  3.517241E-01  0.000000E+00     1  2.383701E-02  1.230715E+02 -1.300751E-02  1.997517E-02
  3.517241E-01  0.000000E+00     2  1.207854E-06  1.226993E+02 -6.525194E-07  1.016430E-06
  3.517241E-01  0.000000E+00     3  1.579434E-03  1.217286E+02 -8.306189E-04  1.343385E-03
  3.517241E-01  0.000000E+00     4  1.809935E-06 -5.758611E+01  9.701820E-07 -1.527943E-06
  3.517241E-01  0.000000E+00     5  1.167447E-03  1.230759E+02 -6.371339E-04  9.782601E-04
  3.517241E-01  0.000000E+00     6  4.561031E-10 -9.281698E+01 -2.241552E-11 -4.555519E-10
  3.517241E-01  0.000000E+00     7  2.757868E-04  1.230967E+02 -1.505945E-04  2.310405E-04
  3.517241E-01  0.000000E+00     8  1.182682E-05  1.215850E+02 -6.194452E-06  1.007484E-05
  3.517241E-01  0.000000E+00     9  2.167470E-04 -5.829655E+01  1.139055E-04 -1.844039E-04
  3.517241E-01  0.000000E+00    10  1.526424E-05 -5.845065E+01  7.986750E-06 -1.300803E-05
  3.517241E-01  0.000000E+00    11  1.396897E-04  1.231262E+02 -7.633820E-05  1.169858E-04
  3.517241E-01  0.000000E+00    12  9.579026E-10 -5.523584E+01  5.461959E-10 -7.869229E-10
  3.502145E-01  0.000000E+00     1  2.358186E-02  1.337989E+02 -1.632169E-02  1.702077E-02
  3.502145E-01  0.000000E+00     2  1.237388E-06  1.344509E+02 -8.665395E-07  8.833113E-07
  3.502145E-01  0.000000E+00     3  1.550962E-03  1.324632E+02 -1.047080E-03  1.144162E-03
  3.502145E-01  0.000000E+00     4  1.867759E-06 -4.475751E+01  1.326283E-06 -1.315104E-06
  3.502145E-01  0.000000E+00     5  1.162134E-03  1.337993E+02 -8.043532E-04  8.387917E-04
  3.502145E-01  0.000000E+00     6  4.578631E-10 -8.338129E+01  5.277398E-11 -4.548115E-10
  3.502145E-01  0.000000E+00     7  2.733331E-04  1.337893E+02 -1.891486E-04  1.973164E-04
  3.502145E-01  0.000000E+00     8  1.220885E-05  1.324351E+02 -8.237973E-06  9.010649E-06
  3.502145E-01  0.000000E+00     9  2.140316E-04 -4.756077E+01  1.444302E-04 -1.579539E-04
  3.502145E-01  0.000000E+00    10  1.575075E-05 -4.763793E+01  1.061307E-05 -1.163826E-05
  3.502145E-01  0.000000E+00    11  1.367873E-04  1.337749E+02 -9.463315E-05  9.876910E-05
  3.502145E-01  0.000000E+00    12  9.788710E-10 -4.455085E+01  6.975710E-10 -6.867191E-10
  3.487179E-01  0.000000E+00     1  2.333097E-02  1.445721E+02 -1.901112E-02  1.352447E-02
  3.487179E-01  0.000000E+00     2  1.280626E-06  1.438966E+02 -1.034688E-06  7.546008E-07
  3.487179E-01  0.000000E+00     3  1.522191E-03  1.432417E+02 -1.219529E-03  9.109421E-04
  3.487179E-01  0.000000E+00     4  1.989275E-06 -3.646236E+01  1.599869E-06 -1.182215E-06
  3.487179E-01  0.000000E+00     5  1.157400E-03  1.445748E+02 -9.431347E-04  6.708746E-04
  3.487179E-01  0.000000E+00     6  4.505638E-10 -7.493763E+01  1.170881E-10 -4.350841E-10
  3.487179E-01  0.000000E+00     7  2.711872E-04  1.445629E+02 -2.209503E-04  1.572369E-04
  3.487179E-01  0.000000E+00     8  1.262467E-05  1.430128E+02 -1.008420E-05  7.595467E-06
  3.487179E-01  0.000000E+00     9  2.112872E-04 -3.677356E+01  1.692427E-04 -1.264879E-04
  3.487179E-01  0.000000E+00    10  1.627164E-05 -3.702649E+01  1.299058E-05 -9.798524E-06
  3.487179E-01  0.000000E+00    11  1.341942E-04  1.445547E+02 -1.093238E-04  7.782267E-05
  3.487179E-01  0.000000E+00    12  1.000146E-09 -3.374893E+01  8.316012E-10 -5.556358E-10
  3.472340E-01  0.000000E+00     1  2.308432E-02  1.553908E+02 -2.098755E-02  9.612931E-03
  3.472340E-01  0.000000E+00     2  1.379332E-06  1.538951E+02 -1.238626E-06  6.069278E-07
  3.472340E-01  0.000000E+00     3  1.494996E-03  1.540642E+02 -1.344428E-03  6.538564E-04
  3.472340E-01  0.000000E+00     4  2.001472E-06 -2.267914E+01  1.846716E-06 -7.717080E-07
  3.472340E-01  0.000000E+00     5  1.152970E-03  1.554016E+02 -1.048335E-03  4.799303E-04
  3.472340E-01  0.000000E+00     6  4.368835E-10 -6.506811E+01  1.841642E-10 -3.961701E-10
  3.472340E-01  0.000000E+00     7  2.689195E-04  1.554126E+02 -2.445359E-04  1.118923E-04
  3.472340E-01  0.000000E+00     8  1.288931E-05  1.544035E+02 -1.162435E-05  5.568574E-06
  3.472340E-01  0.000000E+00     9  2.089410E-04 -2.594806E+01  1.878779E-04 -9.142342E-05
  3.472340E-01  0.000000E+00    10  1.662926E-05 -2.570567E+01  1.498353E-05 -7.212912E-06
  3.472340E-01  0.000000E+00    11  1.314493E-04  1.554362E+02 -1.195530E-04  5.464425E-05
  3.472340E-01  0.000000E+00    12  1.023383E-09 -2.297633E+01  9.421938E-10 -3.994782E-10
  3.457627E-01  0.000000E+00     1  2.284174E-02  1.662551E+02 -2.218763E-02  5.427198E-03
  3.457627E-01  0.000000E+00     2  1.392062E-06  1.645068E+02 -1.341478E-06  3.718524E-07
  3.457627E-01  0.000000E+00     3  1.467428E-03  1.649369E+02 -1.417008E-03  3.813583E-04
  3.457627E-01  0.000000E+00     4  2.048326E-06 -1.375958E+01  1.989544E-06 -4.871911E-07
  3.457627E-01  0.000000E+00     5  1.149305E-03  1.662578E+02 -1.116406E-03  2.730212E-04
  3.457627E-01  0.000000E+00     6  4.307253E-10 -5.471159E+01  2.488268E-10 -3.515814E-10
  3.457627E-01  0.000000E+00     7  2.670845E-04  1.662464E+02 -2.594263E-04  6.349870E-05
  3.457627E-01  0.000000E+00     8  1.330457E-05  1.649683E+02 -1.284932E-05  3.450579E-06
  3.457627E-01  0.000000E+00     9  2.063920E-04 -1.505932E+01  1.993039E-04 -5.362456E-05
  3.457627E-01  0.000000E+00    10  1.716882E-05 -1.508001E+01  1.657758E-05 -4.466769E-06
  3.457627E-01  0.000000E+00    11  1.290723E-04  1.662220E+02 -1.253583E-04  3.073992E-05
  3.457627E-01  0.000000E+00    12  1.045834E-09 -1.214650E+01  1.022420E-09 -2.200560E-10
  3.443038E-01  0.000000E+00     1  2.260330E-02  1.771650E+02 -2.257563E-02  1.117969E-03
  3.443038E-01  0.000000E+00     2  1.468420E-06  1.784832E+02 -1.467905E-06  3.886850E-08
  3.443038E-01  0.000000E+00     3  1.439292E-03  1.758842E+02 -1.435580E-03  1.033025E-04
  3.443038E-01  0.000000E+00     4  2.116812E-06 -1.620498E+00  2.115966E-06 -5.986188E-08
  3.443038E-01  0.000000E+00     5  1.145890E-03  1.771656E+02 -1.144488E-03  5.666434E-05
  3.443038E-01  0.000000E+00     6  4.263041E-10 -4.436626E+01  3.047582E-10 -2.980899E-10
  3.443038E-01  0.000000E+00     7  2.651373E-04  1.771637E+02 -2.648125E-04  1.311951E-05
  3.443038E-01  0.000000E+00     8  1.372372E-05  1.756798E+02 -1.368473E-05  1.033803E-06
  3.443038E-01  0.000000E+00     9  2.037091E-04 -4.130615E+00  2.031800E-04 -1.467325E-05
  3.443038E-01  0.000000E+00    10  1.771280E-05 -4.412232E+00  1.766031E-05 -1.362679E-06
  3.443038E-01  0.000000E+00    11  1.264940E-04  1.771646E+02 -1.263392E-04  6.257394E-06
  3.443038E-01  0.000000E+00    12  1.071574E-09 -1.268169E+00  1.071311E-09 -2.371598E-11
  3.428571E-01  0.000000E+00     1  2.236915E-02 -1.718794E+02 -2.214486E-02 -3.159790E-03
  3.428571E-01  0.000000E+00     2  1.535138E-06 -1.728778E+02 -1.523293E-06 -1.903349E-07
  3.428571E-01  0.000000E+00     3  1.410914E-03 -1.731535E+02 -1.400853E-03 -1.681948E-04
  3.428571E-01  0.000000E+00     4  2.273139E-06  7.524473E+00  2.253566E-06  2.976668E-07
  3.428571E-01  0.000000E+00     5  1.143159E-03 -1.718789E+02 -1.131695E-03 -1.614887E-04
  3.428571E-01  0.000000E+00     6  4.037245E-10 -3.353515E+01  3.365234E-10 -2.230370E-10
  3.428571E-01  0.000000E+00     7  2.634262E-04 -1.718970E+02 -2.607963E-04 -3.713048E-05
  3.428571E-01  0.000000E+00     8  1.421367E-05 -1.733686E+02 -1.411857E-05 -1.641406E-06
  3.428571E-01  0.000000E+00     9  2.010997E-04  6.832901E+00  1.996713E-04  2.392566E-05
  3.428571E-01  0.000000E+00    10  1.831761E-05  6.602542E+00  1.819612E-05  2.106181E-06
  3.428571E-01  0.000000E+00    11  1.241273E-04 -1.719210E+02 -1.228954E-04 -1.744473E-05
  3.428571E-01  0.000000E+00    12  1.096268E-09  9.613843E+00  1.080872E-09  1.830844E-10
  3.414226E-01  0.000000E+00     1  2.213887E-02 -1.608786E+02 -2.091739E-02 -7.252062E-03
  3.414226E-01  0.000000E+00     2  1.595001E-06 -1.629335E+02 -1.524764E-06 -4.681040E-07
  3.414226E-01  0.000000E+00     3  1.383511E-03 -1.621067E+02 -1.316591E-03 -4.250783E-04
  3.414226E-01  0.000000E+00     4  2.252971E-06  1.744950E+01  2.149293E-06  6.755872E-07
  3.414226E-01  0.000000E+00     5  1.140813E-03 -1.608771E+02 -1.077861E-03 -3.737259E-04
  3.414226E-01  0.000000E+00     6  3.920703E-10 -2.144742E+01  3.649208E-10 -1.433594E-10
  3.414226E-01  0.000000E+00     7  2.618631E-04 -1.608846E+02 -2.474242E-04 -8.575259E-05
  3.414226E-01  0.000000E+00     8  1.460120E-05 -1.624963E+02 -1.392513E-05 -4.391559E-06
  3.414226E-01  0.000000E+00     9  1.983027E-04  1.788123E+01  1.887237E-04  6.088782E-05
  3.414226E-01  0.000000E+00    10  1.884721E-05  1.749620E+01  1.797528E-05  5.666275E-06
  3.414226E-01  0.000000E+00    11  1.218247E-04 -1.608916E+02 -1.151123E-04 -3.988005E-05
  3.414226E-01  0.000000E+00    12  1.121417E-09  2.054761E+01  1.050073E-09  3.936011E-10
  3.400000E-01  0.000000E+00     1  2.191263E-02 -1.498322E+02 -1.894472E-02 -1.101186E-02
  3.400000E-01  0.000000E+00     2  1.627776E-06 -1.523533E+02 -1.441926E-06 -7.553162E-07
  3.400000E-01  0.000000E+00     3  1.353572E-03 -1.510569E+02 -1.184512E-03 -6.550475E-04
  3.400000E-01  0.000000E+00     4  2.276035E-06  2.790815E+01  2.011330E-06  1.065311E-06
  3.400000E-01  0.000000E+00     5  1.138967E-03 -1.498341E+02 -9.847211E-04 -5.723376E-04
  3.400000E-01  0.000000E+00     6  3.748176E-10 -1.047804E+01  3.685674E-10 -6.816381E-11
  3.400000E-01  0.000000E+00     7  2.603645E-04 -1.498598E+02 -2.251631E-04 -1.307335E-04
  3.400000E-01  0.000000E+00     8  1.504922E-05 -1.514016E+02 -1.321316E-05 -7.203570E-06
  3.400000E-01  0.000000E+00     9  1.951724E-04  2.892147E+01  1.708311E-04  9.438737E-05
  3.400000E-01  0.000000E+00    10  1.943829E-05  2.862318E+01  1.706272E-05  9.311855E-06
  3.400000E-01  0.000000E+00    11  1.195407E-04 -1.499047E+02 -1.034257E-04 -5.994246E-05
  3.400000E-01  0.000000E+00    12  1.150080E-09  3.156647E+01  9.799069E-10  6.020527E-10
  3.385892E-01  0.000000E+00     1  2.169023E-02 -1.387400E+02 -1.630509E-02 -1.430420E-02
  3.385892E-01  0.000000E+00     2  1.654462E-06 -1.407923E+02 -1.281976E-06 -1.045841E-06
  3.385892E-01  0.000000E+00     3  1.323858E-03 -1.399623E+02 -1.013573E-03 -8.516266E-04
  3.385892E-01  0.000000E+00     4  2.314965E-06  3.896218E+01  1.800027E-06  1.455667E-06
  3.385892E-01  0.000000E+00     5  1.137617E-03 -1.387393E+02 -8.551653E-04 -7.502427E-04
  3.385892E-01  0.000000E+00     6  3.652512E-10  3.531323E+00  3.645577E-10  2.249735E-11
  3.385892E-01  0.000000E+00     7  2.589395E-04 -1.387682E+02 -1.947352E-04 -1.706689E-04
  3.385892E-01  0.000000E+00     8  1.553325E-05 -1.403766E+02 -1.196453E-05 -9.906164E-06
  3.385892E-01  0.000000E+00     9  1.920330E-04  4.001981E+01  1.470631E-04  1.234873E-04
  3.385892E-01  0.000000E+00    10  2.006747E-05  3.962436E+01  1.545681E-05  1.279806E-05
  3.385892E-01  0.000000E+00    11  1.172230E-04 -1.388147E+02 -8.822006E-05 -7.719098E-05
  3.385892E-01  0.000000E+00    12  1.180201E-09  4.264070E+01  8.681746E-10  7.994663E-10
  3.371901E-01  0.000000E+00     1  2.147206E-02 -1.276034E+02 -1.310209E-02 -1.701130E-02
  3.371901E-01  0.000000E+00     2  1.848732E-06 -1.308564E+02 -1.209378E-06 -1.398290E-06
  3.371901E-01  0.000000E+00     3  1.291869E-03 -1.287786E+02 -8.091142E-04 -1.007105E-03
  3.371901E-01  0.000000E+00     4  2.390301E-06  4.992896E+01  1.538725E-06  1.829170E-06
  3.371901E-01  0.000000E+00     5  1.136779E-03 -1.276031E+02 -6.936491E-04 -9.006202E-04
  3.371901E-01  0.000000E+00     6  3.508865E-10  1.734874E+01  3.349238E-10  1.046298E-10
  3.371901E-01  0.000000E+00     7  2.577810E-04 -1.276128E+02 -1.573295E-04 -2.042021E-04
  3.371901E-01  0.000000E+00     8  1.604818E-05 -1.293818E+02 -1.018233E-05 -1.240420E-05
  3.371901E-01  0.000000E+00     9  1.883361E-04  5.120157E+01  1.180081E-04  1.467807E-04
  3.371901E-01  0.000000E+00    10  2.073339E-05  5.063423E+01  1.315054E-05  1.602925E-05
  3.371901E-01  0.000000E+00    11  1.151162E-04 -1.276304E+02 -7.028601E-05 -9.116802E-05
  3.371901E-01  0.000000E+00    12  1.210071E-09  5.371895E+01  7.160558E-10  9.754677E-10
  3.358024E-01  0.000000E+00     1  2.125745E-02 -1.164208E+02 -9.458716E-03 -1.903712E-02
  3.358024E-01  0.000000E+00     2  1.831808E-06 -1.209502E+02 -9.420863E-07 -1.570985E-06
  3.358024E-01  0.000000E+00     3  1.259348E-03 -1.175984E+02 -5.834198E-04 -1.116054E-03
  3.358024E-01  0.000000E+00     4  2.516159E-06  6.202714E+01  1.180213E-06  2.222196E-06
  3.358024E-01  0.000000E+00     5  1.136548E-03 -1.164203E+02 -5.057092E-04 -1.017841E-03
  3.358024E-01  0.000000E+00     6  3.468499E-10  3.294081E+01  2.910878E-10  1.886074E-10
  3.358024E-01  0.000000E+00     7  2.567509E-04 -1.164323E+02 -1.142902E-04 -2.299104E-04
  3.358024E-01  0.000000E+00     8  1.685326E-05 -1.178624E+02 -7.876351E-06 -1.489951E-05
  3.358024E-01  0.000000E+00     9  1.856248E-04  6.238180E+01  8.605147E-05  1.644740E-04
  3.358024E-01  0.000000E+00    10  2.177031E-05  6.213284E+01  1.017595E-05  1.924568E-05
  3.358024E-01  0.000000E+00    11  1.132059E-04 -1.164543E+02 -5.043134E-05 -1.013522E-04
  3.358024E-01  0.000000E+00    12  1.242770E-09  6.484315E+01  5.282987E-10  1.124890E-09
  3.344262E-01  0.000000E+00     1  2.104671E-02 -1.051935E+02 -5.515928E-03 -2.031104E-02
  3.344262E-01  0.000000E+00     2  1.833929E-06 -1.081593E+02 -5.715631E-07 -1.742588E-06
  3.344262E-01  0.000000E+00     3  1.224121E-03 -1.063553E+02 -3.447038E-04 -1.174585E-03
  3.344262E-01  0.000000E+00     4  2.613069E-06  7.409022E+01  7.163034E-07  2.512974E-06
  3.344262E-01  0.000000E+00     5  1.136757E-03 -1.051943E+02 -2.979368E-04 -1.097018E-03
  3.344262E-01  0.000000E+00     6  3.529186E-10  4.956225E+01  2.289106E-10  2.686102E-10
  3.344262E-01  0.000000E+00     7  2.559136E-04 -1.052197E+02 -6.718248E-05 -2.469378E-04
  3.344262E-01  0.000000E+00     8  1.750195E-05 -1.064782E+02 -4.964444E-06 -1.678311E-05
  3.344262E-01  0.000000E+00     9  1.814431E-04  7.364053E+01  5.110578E-05  1.740971E-04
  3.344262E-01  0.000000E+00    10  2.261247E-05  7.349144E+01  6.425529E-06  2.168032E-05
  3.344262E-01  0.000000E+00    11  1.112934E-04 -1.052673E+02 -2.930605E-05 -1.073656E-04
  3.344262E-01  0.000000E+00    12  1.277325E-09  7.610498E+01  3.067414E-10  1.239947E-09
  3.330612E-01  0.000000E+00     1  2.083971E-02 -9.392145E+01 -1.425201E-03 -2.079092E-02
  3.330612E-01  0.000000E+00     2  1.904257E-06 -9.845462E+01 -2.799753E-07 -1.883563E-06
  3.330612E-01  0.000000E+00     3  1.187628E-03 -9.508327E+01 -1.052279E-04 -1.182957E-03
  3.330612E-01  0.000000E+00     4  2.702947E-06  8.553313E+01  2.105124E-07  2.694737E-06
  3.330612E-01  0.000000E+00     5  1.137503E-03 -9.392429E+01 -7.784870E-05 -1.134836E-03
  3.330612E-01  0.000000E+00     6  3.581460E-10  6.642386E+01  1.432467E-10  3.282513E-10
  3.330612E-01  0.000000E+00     7  2.550501E-04 -9.393053E+01 -1.748289E-05 -2.544502E-04
  3.330612E-01  0.000000E+00     8  1.811955E-05 -9.507452E+01 -1.602698E-06 -1.804853E-05
  3.330612E-01  0.000000E+00     9  1.779381E-04  8.490996E+01  1.578690E-05  1.772364E-04
  3.330612E-01  0.000000E+00    10  2.342648E-05  8.486319E+01  2.097470E-06  2.333239E-05
  3.330612E-01  0.000000E+00    11  1.093423E-04 -9.393581E+01 -7.505118E-06 -1.090844E-04
  3.330612E-01  0.000000E+00    12  1.314567E-09  8.735879E+01  6.057731E-11  1.313171E-09
  3.317073E-01  0.000000E+00     1  2.063644E-02 -8.260376E+01  2.656539E-03 -2.046474E-02
  3.317073E-01  0.000000E+00     2  2.051240E-06 -8.458489E+01  1.935771E-07 -2.042086E-06
  3.317073E-01  0.000000E+00     3  1.148738E-03 -8.371436E+01  1.257699E-04 -1.141833E-03
  3.317073E-01  0.000000E+00     4  2.754762E-06  9.484897E+01 -2.328585E-07  2.744903E-06
  3.317073E-01  0.000000E+00     5  1.138897E-03 -8.260779E+01  1.465315E-04 -1.129431E-03
  3.317073E-01  0.000000E+00     6  3.859711E-10  8.053056E+01  6.350057E-11  3.807117E-10
  3.317073E-01  0.000000E+00     7  2.545421E-04 -8.261951E+01  3.269794E-05 -2.524332E-04
  3.317073E-01  0.000000E+00     8  1.887789E-05 -8.425185E+01  1.890733E-06 -1.878297E-05
  3.317073E-01  0.000000E+00     9  1.741529E-04  9.625068E+01 -1.896153E-05  1.731176E-04
  3.317073E-01  0.000000E+00    10  2.440400E-05  9.577831E+01 -2.456985E-06  2.428000E-05
  3.317073E-01  0.000000E+00    11  1.077254E-04 -8.263255E+01  1.381387E-05 -1.068360E-04
  3.317073E-01  0.000000E+00    12  1.354980E-09  9.859219E+01 -2.024349E-10  1.339772E-09
  3.303643E-01  0.000000E+00     1  2.043685E-02 -7.124100E+01  6.572251E-03 -1.935123E-02
  3.303643E-01  0.000000E+00     2  2.262282E-06 -7.123867E+01  7.276102E-07 -2.142079E-06
  3.303643E-01  0.000000E+00     3  1.105472E-03 -7.236049E+01  3.349879E-04 -1.053494E-03
  3.303643E-01  0.000000E+00     4  2.849748E-06  1.078564E+02 -8.738260E-07  2.712469E-06
  3.303643E-01  0.000000E+00     5  1.140843E-03 -7.124254E+01  3.668527E-04 -1.080251E-03
  3.303643E-01  0.000000E+00     6  4.192118E-10  9.553484E+01 -4.043336E-11  4.172573E-10
  3.303643E-01  0.000000E+00     7  2.539706E-04 -7.125432E+01  8.161808E-05 -2.404986E-04
  3.303643E-01  0.000000E+00     8  1.976466E-05 -7.263879E+01  5.897671E-06 -1.886424E-05
  3.303643E-01  0.000000E+00     9  1.688115E-04  1.076184E+02 -5.109526E-05  1.608931E-04
  3.303643E-01  0.000000E+00    10  2.556072E-05  1.073388E+02 -7.617636E-06  2.439923E-05
  3.303643E-01  0.000000E+00    11  1.057995E-04 -7.127261E+01  3.396860E-05 -1.001981E-04
  3.303643E-01  0.000000E+00    12  1.397986E-09  1.099902E+02 -4.779152E-10  1.313759E-09
  3.290322E-01  0.000000E+00     1  2.024080E-02 -5.983370E+01  1.017124E-02 -1.749960E-02
  3.290322E-01  0.000000E+00     2  2.336480E-06 -6.110289E+01  1.129076E-06 -2.045562E-06
  3.290322E-01  0.000000E+00     3  1.057684E-03 -6.090779E+01  5.142635E-04 -9.242448E-04
  3.290322E-01  0.000000E+00     4  3.032234E-06  1.181396E+02 -1.430067E-06  2.673827E-06
  3.290322E-01  0.000000E+00     5  1.143265E-03 -5.984177E+01  5.743646E-04 -9.885140E-04
  3.290322E-01  0.000000E+00     6  4.485384E-10  1.102425E+02 -1.551914E-10  4.208353E-10
  3.290322E-01  0.000000E+00     7  2.536846E-04 -5.987514E+01  1.273207E-04 -2.194204E-04
  3.290322E-01  0.000000E+00     8  2.087170E-05 -6.134097E+01  1.000999E-05 -1.831469E-05
  3.290322E-01  0.000000E+00     9  1.637266E-04  1.190643E+02 -7.953691E-05  1.431093E-04
  3.290322E-01  0.000000E+00    10  2.698835E-05  1.186641E+02 -1.294562E-05  2.368084E-05
  3.290322E-01  0.000000E+00    11  1.042120E-04 -5.993044E+01  5.221553E-05 -9.018691E-05
  3.290322E-01  0.000000E+00    12  1.443999E-09  1.213211E+02 -7.506405E-10  1.233561E-09
  3.277108E-01  0.000000E+00     1  2.004843E-02 -4.838124E+01  1.331559E-02 -1.498782E-02
  3.277108E-01  0.000000E+00     2  2.498060E-06 -4.939062E+01  1.625984E-06 -1.896439E-06
  3.277108E-01  0.000000E+00     3  1.004444E-03 -4.953592E+01  6.518551E-04 -7.641939E-04
  3.277108E-01  0.000000E+00     4  3.073744E-06  1.304745E+02 -1.995196E-06  2.338182E-06
  3.277108E-01  0.000000E+00     5  1.146386E-03 -4.837959E+01  7.614211E-04 -8.569940E-04
  3.277108E-01  0.000000E+00     6  4.938551E-10  1.244147E+02 -2.791161E-10  4.074150E-10
  3.277108E-01  0.000000E+00     7  2.535945E-04 -4.837566E+01  1.684486E-04 -1.895660E-04
  3.277108E-01  0.000000E+00     8  2.184192E-05 -4.970528E+01  1.412559E-05 -1.665944E-05
  3.277108E-01  0.000000E+00     9  1.569763E-04  1.304529E+02 -1.018497E-04  1.194495E-04
  3.277108E-01  0.000000E+00    10  2.827854E-05  1.302982E+02 -1.828959E-05  2.156772E-05
  3.277108E-01  0.000000E+00    11  1.026216E-04 -4.836439E+01  6.818082E-05 -7.669784E-05
  3.277108E-01  0.000000E+00    12  1.494794E-09  1.327358E+02 -1.014395E-09  1.097912E-09
  3.264000E-01  0.000000E+00     1  1.985951E-02 -3.688401E+01  1.588467E-02 -1.191962E-02
  3.264000E-01  0.000000E+00     2  2.686703E-06 -3.603742E+01  2.172557E-06 -1.580624E-06
  3.264000E-01  0.000000E+00     3  9.438373E-04 -3.801736E+01  7.435778E-04 -5.813096E-04
  3.264000E-01  0.000000E+00     4  3.328202E-06  1.440400E+02 -2.693937E-06  1.954387E-06
  3.264000E-01  0.000000E+00     5  1.149997E-03 -3.689030E+01  9.197521E-04 -6.903259E-04
  3.264000E-01  0.000000E+00     6  5.498860E-10  1.372084E+02 -4.035222E-10  3.735565E-10
  3.264000E-01  0.000000E+00     7  2.535675E-04 -3.692200E+01  2.027155E-04 -1.523249E-04
  3.264000E-01  0.000000E+00     8  2.316657E-05 -3.809300E+01  1.823233E-05 -1.429238E-05
  3.264000E-01  0.000000E+00     9  1.502625E-04  1.419662E+02 -1.183539E-04  9.258064E-05
  3.264000E-01  0.000000E+00    10  2.996438E-05  1.418075E+02 -2.355013E-05  1.852716E-05
  3.264000E-01  0.000000E+00    11  1.011395E-04 -3.697193E+01  8.080339E-05 -6.082768E-05
  3.264000E-01  0.000000E+00    12  1.550443E-09  1.441858E+02 -1.257283E-09  9.072555E-10
  3.250996E-01  0.000000E+00     1  1.967427E-02 -2.534173E+01  1.778103E-02 -8.420906E-03
  3.250996E-01  0.000000E+00     2  2.948755E-06 -2.655634E+01  2.637647E-06 -1.318322E-06
  3.250996E-01  0.000000E+00     3  8.757540E-04 -2.649452E+01  7.837797E-04 -3.906845E-04
  3.250996E-01  0.000000E+00     4  3.520087E-06  1.536419E+02 -3.154126E-06  1.562850E-06
  3.250996E-01  0.000000E+00     5  1.154458E-03 -2.534337E+01  1.043351E-03 -4.941566E-04
  3.250996E-01  0.000000E+00     6  6.078145E-10  1.496259E+02 -5.243875E-10  3.073373E-10
  3.250996E-01  0.000000E+00     7  2.538102E-04 -2.535114E+01  2.293684E-04 -1.086725E-04
  3.250996E-01  0.000000E+00     8  2.451579E-05 -2.674149E+01  2.189373E-05 -1.103127E-05
  3.250996E-01  0.000000E+00     9  1.424760E-04  1.535021E+02 -1.275089E-04  6.356784E-05
  3.250996E-01  0.000000E+00    10  3.170755E-05  1.532385E+02 -2.831130E-05  1.427722E-05
  3.250996E-01  0.000000E+00    11  9.976097E-05 -2.536110E+01  9.014663E-05 -4.272979E-05
  3.250996E-01  0.000000E+00    12  1.610610E-09  1.556423E+02 -1.467247E-09  6.642681E-10
  3.238095E-01  0.000000E+00     1  1.949262E-02 -1.375499E+01  1.893359E-02 -4.634769E-03
  3.238095E-01  0.000000E+00     2  3.151603E-06 -1.502316E+01  3.043884E-06 -8.169254E-07
  3.238095E-01  0.000000E+00     3  7.936517E-04 -1.491639E+01  7.669076E-04 -2.042933E-04
  3.238095E-01  0.000000E+00     4  3.763381E-06  1.643189E+02 -3.623310E-06  1.017180E-06
  3.238095E-01  0.000000E+00     5  1.159537E-03 -1.376050E+01  1.126257E-03 -2.758121E-04
  3.238095E-01  0.000000E+00     6  6.714944E-10  1.615203E+02 -6.368696E-10  2.128425E-10
  3.238095E-01  0.000000E+00     7  2.542087E-04 -1.377691E+01  2.468952E-04 -6.053776E-05
  3.238095E-01  0.000000E+00     8  2.623945E-05 -1.525442E+01  2.531496E-05 -6.903750E-06
  3.238095E-01  0.000000E+00     9  1.320426E-04  1.650917E+02 -1.275979E-04  3.397092E-05
  3.238095E-01  0.000000E+00    10  3.393233E-05  1.647690E+02 -3.274044E-05  8.914406E-06
  3.238095E-01  0.000000E+00    11  9.836967E-05 -1.381267E+01  9.552496E-05 -2.348558E-05
  3.238095E-01  0.000000E+00    12  1.677644E-09  1.672297E+02 -1.636146E-09  3.708312E-10
  3.225296E-01  0.000000E+00     1  1.931450E-02 -2.123728E+00  1.930124E-02 -7.157482E-04
  3.225296E-01  0.000000E+00     2  3.424102E-06 -3.403600E+00  3.418062E-06 -2.032858E-07
  3.225296E-01  0.000000E+00     3  6.975000E-04 -3.266909E+00  6.963664E-04 -3.974873E-05
  3.225296E-01  0.000000E+00     4  3.963815E-06  1.777229E+02 -3.960685E-06  1.574893E-07
  3.225296E-01  0.000000E+00     5  1.165263E-03 -2.135453E+00  1.164454E-03 -4.342010E-05
  3.225296E-01  0.000000E+00     6  7.380930E-10  1.739803E+02 -7.340231E-10  7.740470E-11
  3.225296E-01  0.000000E+00     7  2.547989E-04 -2.188547E+00  2.546130E-04 -9.730277E-06
  3.225296E-01  0.000000E+00     8  2.808748E-05 -3.370719E+00  2.803888E-05 -1.651438E-06
  3.225296E-01  0.000000E+00     9  1.206755E-04  1.767440E+02 -1.204807E-04  6.853941E-06
  3.225296E-01  0.000000E+00    10  3.635228E-05  1.765950E+02 -3.628810E-05  2.159101E-06
  3.225296E-01  0.000000E+00    11  9.714140E-05 -2.300637E+00  9.706310E-05 -3.899537E-06
  3.225296E-01  0.000000E+00    12  1.754229E-09  1.788086E+02 -1.753850E-09  3.647566E-11
  3.212599E-01  0.000000E+00     1  1.913998E-02  9.551709E+00  1.887463E-02  3.176044E-03
  3.212599E-01  0.000000E+00     2  3.721148E-06  7.749490E+00  3.687164E-06  5.017675E-07
  3.212599E-01  0.000000E+00     3  5.814179E-04  8.309481E+00  5.753141E-04  8.402648E-05
  3.212599E-01  0.000000E+00     4  4.427660E-06 -1.716359E+02 -4.380567E-06 -6.440600E-07
  3.212599E-01  0.000000E+00     5  1.171905E-03  9.544564E+00  1.155682E-03  1.943191E-04
  3.212599E-01  0.000000E+00     6  8.147539E-10 -1.740626E+02 -8.103832E-10 -8.427965E-11
  3.212599E-01  0.000000E+00     7  2.557595E-04  9.536233E+00  2.522252E-04  4.237201E-05
  3.212599E-01  0.000000E+00     8  3.053361E-05  8.204517E+00  3.022110E-05  4.357360E-06
  3.212599E-01  0.000000E+00     9  1.074464E-04 -1.716534E+02 -1.063083E-04 -1.559708E-05
  3.212599E-01  0.000000E+00    10  3.946133E-05 -1.718126E+02 -3.905913E-05 -5.619714E-06
  3.212599E-01  0.000000E+00    11  9.624393E-05  9.536626E+00  9.491383E-05  1.594551E-05
  3.212599E-01  0.000000E+00    12  1.843453E-09 -1.695436E+02 -1.812839E-09 -3.345631E-10
  3.200000E-01  0.000000E+00     1  1.896903E-02  2.127194E+01  1.767666E-02  6.881869E-03
  3.200000E-01  0.000000E+00     2  4.126738E-06  2.029961E+01  3.870431E-06  1.431686E-06
  3.200000E-01  0.000000E+00     3  4.402898E-04  2.006143E+01  4.135754E-04  1.510315E-04
  3.200000E-01  0.000000E+00     4  4.720047E-06 -1.596938E+02 -4.426703E-06 -1.638032E-06
  3.200000E-01  0.000000E+00     5  1.179298E-03  2.126095E+01  1.099033E-03  4.276324E-04
  3.200000E-01  0.000000E+00     6  9.079202E-10 -1.618595E+02 -8.627926E-10 -2.826802E-10
  3.200000E-01  0.000000E+00     7  2.566654E-04  2.123808E+01  2.392335E-04  9.297552E-05
  3.200000E-01  0.000000E+00     8  3.315961E-05  1.989897E+01  3.117978E-05  1.128629E-05
  3.200000E-01  0.000000E+00     9  9.042226E-05 -1.599161E+02 -8.492378E-05 -3.105057E-05
  3.200000E-01  0.000000E+00    10  4.289891E-05 -1.601122E+02 -4.034046E-05 -1.459329E-05
  3.200000E-01  0.000000E+00    11  9.508213E-05  2.120422E+01  8.864480E-05  3.439056E-05
  3.200000E-01  0.000000E+00    12  1.945205E-09 -1.579201E+02 -1.802545E-09 -7.312005E-10
  3.187500E-01  0.000000E+00     1  1.880139E-02  3.303667E+01  1.576161E-02  1.025006E-02
  3.187500E-01  0.000000E+00     2  4.520192E-06  3.116086E+01  3.868009E-06  2.338940E-06
  3.187500E-01  0.000000E+00     3  2.590116E-04  3.158882E+01  2.206337E-04  1.356754E-04
  3.187500E-01  0.000000E+00     4  5.144428E-06 -1.486408E+02 -4.392939E-06 -2.677167E-06
  3.187500E-01  0.000000E+00     5  1.187644E-03  3.302079E+01  9.958076E-04  6.471988E-04
  3.187500E-01  0.000000E+00     6  1.026364E-09 -1.492840E+02 -8.823746E-10 -5.242492E-10
  3.187500E-01  0.000000E+00     7  2.582700E-04  3.298362E+01  2.166437E-04  1.406020E-04
  3.187500E-01  0.000000E+00     8  3.660181E-05  3.169215E+01  3.114386E-05  1.922895E-05
  3.187500E-01  0.000000E+00     9  6.827899E-05 -1.482108E+02 -5.803660E-05 -3.596907E-05
  3.187500E-01  0.000000E+00    10  4.735952E-05 -1.482950E+02 -4.029182E-05 -2.488962E-05
  3.187500E-01  0.000000E+00    11  9.454362E-05  3.291883E+01  7.936382E-05  5.137976E-05
  3.187500E-01  0.000000E+00    12  2.067913E-09 -1.462192E+02 -1.718790E-09 -1.149794E-09
  3.175097E-01  0.000000E+00     1  1.863741E-02  4.484550E+01  1.321413E-02  1.314306E-02
  3.175097E-01  0.000000E+00     2  5.098683E-06  4.265359E+01  3.749896E-06  3.454685E-06
  3.175097E-01  0.000000E+00     3  2.618869E-05  3.725542E+01  2.084475E-05  1.585383E-05
  3.175097E-01  0.000000E+00     4  5.698337E-06 -1.359099E+02 -4.092810E-06 -3.964839E-06
  3.175097E-01  0.000000E+00     5  1.197071E-03  4.482929E+01  8.489752E-04  8.439313E-04
  3.175097E-01  0.000000E+00     6  1.177127E-09 -1.372541E+02 -8.644480E-10 -7.989722E-10
  3.175097E-01  0.000000E+00     7  2.602516E-04  4.477160E+01  1.847578E-04  1.832906E-04
  3.175097E-01  0.000000E+00     8  4.086782E-05  4.376916E+01  2.951199E-05  2.827050E-05
  3.175097E-01  0.000000E+00     9  3.982515E-05 -1.367665E+02 -2.901536E-05 -2.727915E-05
  3.175097E-01  0.000000E+00    10  5.289622E-05 -1.362475E+02 -3.820874E-05 -3.658008E-05
  3.175097E-01  0.000000E+00    11  9.423717E-05  4.464302E+01  6.704962E-05  6.621928E-05
  3.175097E-01  0.000000E+00    12  2.214552E-09 -1.345139E+02 -1.552583E-09 -1.579155E-09
  3.162791E-01  0.000000E+00     1  1.847681E-02  5.669861E+01  1.014457E-02  1.544281E-02
  3.162791E-01  0.000000E+00     2  5.825159E-06  5.521444E+01  3.323292E-06  4.784162E-06
  3.162791E-01  0.000000E+00     3  2.897748E-04 -1.239819E+02 -1.619640E-04 -2.402855E-04
  3.162791E-01  0.000000E+00     4  6.458057E-06 -1.244412E+02 -3.652424E-06 -5.326003E-06
  3.162791E-01  0.000000E+00     5  1.207099E-03  5.668880E+01  6.629222E-04  1.008773E-03
  3.162791E-01  0.000000E+00     6  1.373027E-09 -1.250653E+02 -7.888170E-10 -1.123820E-09
  3.162791E-01  0.000000E+00     7  2.622634E-04  5.666956E+01  1.441051E-04  2.191252E-04
  3.162791E-01  0.000000E+00     8  4.662707E-05  5.547012E+01  2.642990E-05  3.841281E-05
  3.162791E-01  0.000000E+00     9  1.046699E-06 -1.388908E+02 -7.886439E-07 -6.882006E-07
  3.162791E-01  0.000000E+00    10  6.035833E-05 -1.245300E+02 -3.421340E-05 -4.972495E-05
  3.162791E-01  0.000000E+00    11  9.380905E-05  5.662964E+01  5.159955E-05  7.834299E-05
  3.162791E-01  0.000000E+00    12  2.403479E-09 -1.227830E+02 -1.301385E-09 -2.020671E-09
  3.150579E-01  0.000000E+00     1  1.831967E-02  6.859560E+01  6.685733E-03  1.705612E-02
  3.150579E-01  0.000000E+00     2  6.927889E-06  6.732085E+01  2.671189E-06  6.392214E-06
  3.150579E-01  0.000000E+00     3  7.384102E-04 -1.123537E+02 -2.808345E-04 -6.829214E-04
  3.150579E-01  0.000000E+00     4  7.607755E-06 -1.130690E+02 -2.981014E-06 -6.999393E-06
  3.150579E-01  0.000000E+00     5  1.218423E-03  6.857627E+01  4.450443E-04  1.134236E-03
  3.150579E-01  0.000000E+00     6  1.646274E-09 -1.126937E+02 -6.351414E-10 -1.518820E-09
  3.150579E-01  0.000000E+00     7  2.650469E-04  6.851603E+01  9.707106E-05  2.466315E-04
  3.150579E-01  0.000000E+00     8  5.466184E-05  6.724849E+01  2.113966E-05  5.040864E-05
  3.150579E-01  0.000000E+00     9  5.391184E-05  6.768590E+01  2.046946E-05  4.987472E-05
  3.150579E-01  0.000000E+00    10  7.073225E-05 -1.127349E+02 -2.733575E-05 -6.523656E-05
  3.150579E-01  0.000000E+00    11  9.410366E-05  6.837043E+01  3.468703E-05  8.747748E-05
  3.150579E-01  0.000000E+00    12  2.654145E-09 -1.109638E+02 -9.495955E-10 -2.478458E-09
  3.138462E-01  0.000000E+00     1  1.816572E-02  8.053616E+01  2.986901E-03  1.791847E-02
  3.138462E-01  0.000000E+00     2  8.471381E-06  7.903104E+01  1.611911E-06  8.316612E-06
  3.138462E-01  0.000000E+00     3  1.419286E-03 -1.004388E+02 -2.571526E-04 -1.395795E-03
  3.138462E-01  0.000000E+00     4  9.056472E-06 -1.011424E+02 -1.750142E-06 -8.885757E-06
  3.138462E-01  0.000000E+00     5  1.231020E-03  8.052107E+01  2.027304E-04  1.214212E-03
  3.138462E-01  0.000000E+00     6  2.059888E-09 -1.005524E+02 -3.772379E-10 -2.025051E-09
  3.138462E-01  0.000000E+00     7  2.686461E-04  8.048009E+01  4.443145E-05  2.649463E-04
  3.138462E-01  0.000000E+00     8  6.640353E-05  7.926936E+01  1.236381E-05  6.524235E-05
  3.138462E-01  0.000000E+00     9  1.374907E-04  7.957017E+01  2.489011E-05  1.352190E-04
  3.138462E-01  0.000000E+00    10  8.597150E-05 -1.007090E+02 -1.597533E-05 -8.447418E-05
  3.138462E-01  0.000000E+00    11  9.513404E-05  8.039017E+01  1.588147E-05  9.379906E-05
  3.138462E-01  0.000000E+00    12  3.014701E-09 -9.917269E+01 -4.805751E-10 -2.976150E-09
